vehicle_id,route,speed_kmph,timestamp,latitude,longitude
V6972,Route-C,93.76,2026-01-18 14:59:30,28.729885,77.117689
V9679,Route-D,24.32,2026-01-23 00:28:30,17.378903,78.513475
V4487,Route-C,79.79,2026-01-22 19:38:30,17.421582,78.515133
V7659,Route-E,31.03,2026-01-20 06:20:30,17.427674,78.448755
V1319,Route-C,116.42,2026-01-17 00:50:30,12.957001,77.640489
V9021,Route-E,106.41,2026-01-17 12:37:30,12.930187,77.64288
V2346,Route-D,33.62,2026-01-19 10:05:30,17.420964,78.491109
V5497,Route-E,74.69,2026-01-18 16:45:30,28.659957,77.128695
V4629,Route-C,20.65,2026-01-22 16:18:30,17.359556,78.503315
V1019,Route-E,31.49,2026-01-17 22:19:30,13.101018,80.274472
V9547,Route-C,75.08,2026-01-18 09:14:30,19.033774,72.843868
V4600,Route-D,90.32,2026-01-21 12:35:30,12.967648,77.554391
V1343,Route-E,64.03,2026-01-17 17:34:30,19.100081,72.877109
V2013,Route-C,46.14,2026-01-20 20:08:30,12.93844,77.610104
V7275,Route-B,100.06,2026-01-19 06:07:30,19.09597,72.863457
V6400,Route-B,33.98,2026-01-19 00:32:30,17.369822,78.509776
V9509,Route-E,67.94,2026-01-18 05:36:30,17.430623,78.437327
V9979,Route-E,115.62,2026-01-19 21:03:30,12.955482,77.562708
V1609,Route-D,21.63,2026-01-23 02:31:30,12.933411,77.557725
V4540,Route-B,30.41,2026-01-19 19:13:30,17.361246,78.53162
V5977,Route-C,36.87,2026-01-16 23:30:30,28.710243,77.115083
V2364,Route-A,85.85,2026-01-19 14:59:30,19.063342,72.858413
V9562,Route-A,79.54,2026-01-16 09:44:30,13.082973,80.307217
V9257,Route-E,54.12,2026-01-17 14:44:30,12.988605,77.603656
V7959,Route-D,37.49,2026-01-21 04:45:30,17.343394,78.455227
V3301,Route-D,116.57,2026-01-18 02:43:30,28.692779,77.143935
V6130,Route-E,37.37,2026-01-18 08:41:30,19.066223,72.860692
V5829,Route-B,52.59,2026-01-16 17:55:30,28.706812,77.142839
V5601,Route-D,48.6,2026-01-18 15:04:30,13.117779,80.316641
V8488,Route-A,87.65,2026-01-16 18:23:30,12.970699,77.597782
V2287,Route-A,66.56,2026-01-21 06:38:30,28.686512,77.124557
V6399,Route-E,95.58,2026-01-18 04:05:30,13.043901,80.278149
V5038,Route-E,22.4,2026-01-22 19:46:30,13.127613,80.274593
V7206,Route-B,86.41,2026-01-20 01:04:30,19.098191,72.881769
V8626,Route-C,79.64,2026-01-17 02:26:30,19.076845,72.850245
V1290,Route-A,60.34,2026-01-20 02:28:30,13.02001,77.59833
V1305,Route-E,106.51,2026-01-22 03:51:30,13.099906,80.226476
V6051,Route-B,112.3,2026-01-20 01:58:30,12.980356,77.571253
V8541,Route-C,90.16,2026-01-19 07:05:30,17.40373,78.524817
V3492,Route-B,39.09,2026-01-21 22:04:30,12.947839,77.600239
V3254,Route-E,41.4,2026-01-19 14:20:30,17.419215,78.482084
V6946,Route-B,26.22,2026-01-22 05:09:30,13.045825,80.264703
V3769,Route-D,22.41,2026-01-18 22:13:30,13.068232,80.241079
V3941,Route-C,90.5,2026-01-19 00:50:30,13.098262,80.319764
V6939,Route-C,73.75,2026-01-18 12:05:30,12.983394,77.554334
V8750,Route-B,48.32,2026-01-22 11:28:30,19.085003,72.869299
V8953,Route-E,93.64,2026-01-23 01:54:30,17.402921,78.510587
V2985,Route-C,106.55,2026-01-20 14:00:30,19.067623,72.88738
V3997,Route-D,92.75,2026-01-18 16:36:30,12.934451,77.625732
V4500,Route-B,70.73,2026-01-20 08:44:30,28.690758,77.056505
V2456,Route-A,100.68,2026-01-21 02:02:30,28.745963,77.08927
V4838,Route-D,112.25,2026-01-19 03:34:30,12.950623,77.573155
V1266,Route-A,70.27,2026-01-20 12:18:30,13.122714,80.230475
V3273,Route-A,37.8,2026-01-19 18:53:30,17.401444,78.487611
V2777,Route-E,64.36,2026-01-16 20:22:30,19.031985,72.887241
V1901,Route-D,109.1,2026-01-22 17:58:30,13.114577,80.249406
V1248,Route-C,41.06,2026-01-23 00:03:30,19.029321,72.868444
V5210,Route-C,105.54,2026-01-16 23:49:30,13.079566,80.255073
V9185,Route-B,105.9,2026-01-18 08:32:30,12.948184,77.61967
V1836,Route-B,84.84,2026-01-20 16:42:30,17.367832,78.501138
V5342,Route-B,23.43,2026-01-17 06:59:30,17.3372,78.515218
V8652,Route-D,83.38,2026-01-20 11:30:30,12.939317,77.625918
V9821,Route-C,70.18,2026-01-21 19:30:30,19.091744,72.834367
V5792,Route-C,30.21,2026-01-20 07:00:30,13.10216,80.292446
V3624,Route-C,85.0,2026-01-18 09:05:30,17.381914,78.502653
V8401,Route-A,119.91,2026-01-18 16:44:30,13.068196,80.230059
V1707,Route-D,89.78,2026-01-20 05:31:30,19.033105,72.884021
V5396,Route-A,118.53,2026-01-17 19:16:30,13.108855,80.313938
V9029,Route-B,30.61,2026-01-19 08:19:30,13.100022,80.317808
V3655,Route-C,91.43,2026-01-19 15:31:30,12.936319,77.623336
V5919,Route-A,43.17,2026-01-22 09:31:30,12.986507,77.565336
V5656,Route-E,47.63,2026-01-20 09:58:30,12.969158,77.567559
V3157,Route-B,57.82,2026-01-19 13:29:30,13.129883,80.228437
V2403,Route-A,35.84,2026-01-18 02:34:30,13.007451,77.603861
V1145,Route-B,74.19,2026-01-17 03:25:30,17.375823,78.452652
V2220,Route-D,29.5,2026-01-18 01:58:30,13.039984,80.266009
V2227,Route-E,97.93,2026-01-20 10:18:30,28.693349,77.136871
V9003,Route-C,68.28,2026-01-21 13:35:30,17.434325,78.533516
V5815,Route-B,49.48,2026-01-20 11:17:30,13.013953,77.617674
V4849,Route-D,66.68,2026-01-18 06:35:30,13.001344,77.550589
V2170,Route-C,24.22,2026-01-20 08:50:30,19.053196,72.835631
V2549,Route-C,55.43,2026-01-18 21:24:30,19.051291,72.903388
V6214,Route-A,98.16,2026-01-19 13:14:30,28.718773,77.116136
V6431,Route-B,51.69,2026-01-20 17:46:30,12.955986,77.638114
V6991,Route-A,56.75,2026-01-16 22:35:30,12.941597,77.624556
V2237,Route-A,46.8,2026-01-22 00:37:30,19.11468,72.882957
V4837,Route-D,21.92,2026-01-17 20:20:30,17.411701,78.499657
V4943,Route-C,69.64,2026-01-20 09:40:30,17.399772,78.438191
V4084,Route-D,70.1,2026-01-16 13:15:30,19.051474,72.873517
V1517,Route-A,57.99,2026-01-19 22:05:30,13.087521,80.26531
V3999,Route-E,110.18,2026-01-22 06:50:30,13.057299,80.254521
V2727,Route-B,111.19,2026-01-22 03:33:30,28.677929,77.083852
V5162,Route-E,31.07,2026-01-19 20:52:30,19.046005,72.892152
V6667,Route-B,47.24,2026-01-22 11:59:30,12.992862,77.626279
V9072,Route-D,69.54,2026-01-23 01:23:30,28.745165,77.089561
V6963,Route-E,37.03,2026-01-17 08:03:30,13.069941,80.295866
V5359,Route-C,29.78,2026-01-21 11:09:30,28.676242,77.104695
V9647,Route-B,94.24,2026-01-20 02:29:30,13.106348,80.277737
V5244,Route-C,55.58,2026-01-16 14:41:30,12.948958,77.631724
V2556,Route-C,70.12,2026-01-21 16:42:30,12.965999,77.55317
V5477,Route-E,53.01,2026-01-20 11:55:30,28.733977,77.139129
V7260,Route-C,85.57,2026-01-22 17:23:30,28.712494,77.131813
V3311,Route-E,80.89,2026-01-21 21:40:30,19.109899,72.860818
V8108,Route-D,50.65,2026-01-19 22:52:30,13.118517,80.238179
V3567,Route-E,92.9,2026-01-20 19:02:30,28.686099,77.099421
V6086,Route-D,105.97,2026-01-20 10:10:30,17.383733,78.473337
V4476,Route-A,43.4,2026-01-16 16:08:30,19.101046,72.885414
V5870,Route-E,61.43,2026-01-19 22:38:30,19.055056,72.869141
V8725,Route-C,119.71,2026-01-22 05:42:30,19.026085,72.882881
V5305,Route-B,90.4,2026-01-23 02:29:30,19.116253,72.84703
V1383,Route-C,110.05,2026-01-17 09:39:30,19.056151,72.856517
V8311,Route-C,27.87,2026-01-21 18:17:30,28.70795,77.074724
V9586,Route-D,102.47,2026-01-21 16:13:30,13.111787,80.288631
V2680,Route-C,70.73,2026-01-21 07:31:30,12.961407,77.575403
V6542,Route-C,91.22,2026-01-21 13:14:30,19.120829,72.917166
V6212,Route-D,109.74,2026-01-22 13:25:30,17.420946,78.475631
V1155,Route-E,39.47,2026-01-20 11:21:30,28.682567,77.080782
V2901,Route-A,91.38,2026-01-23 04:35:30,12.959031,77.582071
V9365,Route-D,107.82,2026-01-18 05:19:30,13.003995,77.635308
V5648,Route-D,46.84,2026-01-20 14:35:30,19.052723,72.882131
V9953,Route-E,112.36,2026-01-18 06:56:30,12.978055,77.602348
V8762,Route-C,88.82,2026-01-18 01:01:30,19.107409,72.922131
V3355,Route-A,48.19,2026-01-21 04:59:30,19.036467,72.874684
V5664,Route-D,88.22,2026-01-16 20:33:30,17.37425,78.536096
V9835,Route-B,22.48,2026-01-19 14:09:30,13.005535,77.642337
V8573,Route-A,22.0,2026-01-21 21:29:30,12.951091,77.623876
V8981,Route-A,38.1,2026-01-17 08:14:30,13.066489,80.246901
V8053,Route-A,96.94,2026-01-22 13:59:30,17.355791,78.53556
V1601,Route-B,119.54,2026-01-16 20:47:30,13.020961,77.55889
V7163,Route-D,67.87,2026-01-18 01:51:30,13.132444,80.228394
V6307,Route-B,41.92,2026-01-19 21:56:30,28.665663,77.152031
V6483,Route-E,56.98,2026-01-19 22:21:30,28.672918,77.112468
V6893,Route-B,106.97,2026-01-18 04:57:30,13.082886,80.249646
V3271,Route-E,82.2,2026-01-16 12:02:30,28.740735,77.068783
V2927,Route-A,101.19,2026-01-18 19:54:30,19.091971,72.924142
V9483,Route-C,117.24,2026-01-22 12:54:30,12.927296,77.552026
V1123,Route-B,99.5,2026-01-18 23:16:30,17.37313,78.446031
V3635,Route-C,76.37,2026-01-22 18:33:30,19.068216,72.852185
V1978,Route-D,107.58,2026-01-19 15:25:30,13.011995,77.593952
V8369,Route-C,42.77,2026-01-21 00:49:30,17.352916,78.445547
V7319,Route-E,76.0,2026-01-18 05:15:30,12.977256,77.62042
V6345,Route-C,76.09,2026-01-22 03:21:30,12.994499,77.587516
V7079,Route-D,43.42,2026-01-17 06:26:30,17.40292,78.517501
V5836,Route-D,23.51,2026-01-20 01:10:30,13.035572,80.285082
V4587,Route-A,60.87,2026-01-20 14:32:30,19.084209,72.888377
V7570,Route-C,54.7,2026-01-23 02:56:30,13.048844,80.303232
V6206,Route-C,68.63,2026-01-18 23:36:30,28.686611,77.147497
V5375,Route-D,27.76,2026-01-20 06:00:30,13.019611,77.593337
V1283,Route-D,30.72,2026-01-19 05:16:30,12.993053,77.634735
V3046,Route-B,105.42,2026-01-21 09:51:30,17.350748,78.534726
V9464,Route-D,106.09,2026-01-19 00:49:30,12.926831,77.633336
V4338,Route-B,23.6,2026-01-19 13:20:30,13.089261,80.266938
V8959,Route-D,70.31,2026-01-19 19:28:30,13.102102,80.285435
V4168,Route-E,73.91,2026-01-17 03:36:30,17.360732,78.457211
V4574,Route-B,24.11,2026-01-18 12:30:30,13.007397,77.584854
V5981,Route-B,63.39,2026-01-21 17:04:30,28.672815,77.091486
V7768,Route-A,44.78,2026-01-17 19:18:30,19.074747,72.859722
V7820,Route-E,32.55,2026-01-18 09:25:30,12.925079,77.5997
V9413,Route-E,119.71,2026-01-16 23:18:30,19.110886,72.877633
V6696,Route-A,86.54,2026-01-21 15:19:30,12.977491,77.616771
V8550,Route-D,54.42,2026-01-21 10:25:30,17.420298,78.457296
V7636,Route-D,71.27,2026-01-19 04:39:30,28.729189,77.12024
V8506,Route-D,36.7,2026-01-20 12:46:30,17.345709,78.475669
V6216,Route-D,60.63,2026-01-17 06:23:30,12.969727,77.633631
V5000,Route-E,85.93,2026-01-22 08:09:30,13.114779,80.293711
V2179,Route-D,24.33,2026-01-21 03:34:30,28.725128,77.109909
V7889,Route-A,71.74,2026-01-18 22:58:30,17.349631,78.519908
V5313,Route-C,28.41,2026-01-19 13:13:30,19.056566,72.904803
V9182,Route-C,56.13,2026-01-18 16:19:30,13.01422,77.555107
V3908,Route-B,44.49,2026-01-19 01:24:30,13.119744,80.250264
V4717,Route-E,86.18,2026-01-20 01:07:30,28.699008,77.149169
V6608,Route-B,100.65,2026-01-20 09:43:30,13.070447,80.272819
V2220,Route-E,90.57,2026-01-23 03:21:30,28.657585,77.070307
V5624,Route-C,59.81,2026-01-23 01:20:30,17.359562,78.484164
V6087,Route-E,44.42,2026-01-20 04:05:30,28.664745,77.14955
V7757,Route-E,58.88,2026-01-19 04:53:30,13.016298,77.631722
V7521,Route-B,72.24,2026-01-22 19:14:30,19.070412,72.911163
V2629,Route-B,41.42,2026-01-21 05:00:30,28.742217,77.130681
V4824,Route-E,83.88,2026-01-19 22:07:30,12.994935,77.55781
V4140,Route-C,100.93,2026-01-18 14:30:30,19.11831,72.89883
V8081,Route-D,74.1,2026-01-21 01:29:30,12.928629,77.587774
V3519,Route-E,90.44,2026-01-16 09:54:30,12.957829,77.549064
V6181,Route-D,71.75,2026-01-22 01:02:30,12.933712,77.601818
V3026,Route-A,52.87,2026-01-17 15:10:30,13.047453,80.250127
V9450,Route-B,50.55,2026-01-18 18:47:30,17.397335,78.502452
V5079,Route-E,114.71,2026-01-19 18:45:30,13.015837,77.581367
V7915,Route-C,74.53,2026-01-20 02:11:30,17.414474,78.532977
V3989,Route-B,79.01,2026-01-22 15:49:30,12.940751,77.585318
V6586,Route-B,71.04,2026-01-17 22:27:30,13.035466,80.227382
V5443,Route-D,89.55,2026-01-19 21:14:30,28.668201,77.140618
V6332,Route-D,110.31,2026-01-23 01:17:30,17.365768,78.468907
V2270,Route-A,58.58,2026-01-21 10:52:30,28.676016,77.117901
V7078,Route-E,114.13,2026-01-21 15:45:30,28.692491,77.118833
V7640,Route-A,36.85,2026-01-17 12:48:30,28.733102,77.086134
V8546,Route-D,110.92,2026-01-18 16:04:30,19.02813,72.873066
V5999,Route-E,91.38,2026-01-17 17:26:30,13.006192,77.59902
V8906,Route-D,106.47,2026-01-20 18:30:30,12.986734,77.594897
V5183,Route-D,69.57,2026-01-17 03:05:30,17.41135,78.493007
V4484,Route-E,27.01,2026-01-20 01:06:30,28.664252,77.132456
V1644,Route-A,34.5,2026-01-19 14:18:30,13.010271,77.619836
V7984,Route-E,81.09,2026-01-17 23:13:30,17.401465,78.526168
V2096,Route-B,38.55,2026-01-18 03:59:30,19.073995,72.864204
V3745,Route-A,30.63,2026-01-21 06:51:30,13.018436,77.636936
V4624,Route-B,92.92,2026-01-20 13:09:30,28.753384,77.150688
V6602,Route-D,22.96,2026-01-17 18:11:30,19.09424,72.854723
V4274,Route-B,89.49,2026-01-22 17:39:30,13.068942,80.279198
V2390,Route-E,83.1,2026-01-17 00:52:30,17.343103,78.518803
V5337,Route-C,73.86,2026-01-19 11:19:30,28.678755,77.091282
V9597,Route-D,28.15,2026-01-22 19:30:30,17.36851,78.518102
V1597,Route-B,51.71,2026-01-18 02:28:30,13.039506,80.280326
V2158,Route-B,42.3,2026-01-20 12:20:30,28.656684,77.141774
V9234,Route-E,21.61,2026-01-20 05:40:30,13.004635,77.570934
V3507,Route-B,67.6,2026-01-17 16:43:30,19.060112,72.839702
V5366,Route-C,84.75,2026-01-17 09:18:30,17.340089,78.510624
V4463,Route-E,49.19,2026-01-19 18:31:30,28.704715,77.116961
V5949,Route-D,50.31,2026-01-17 22:28:30,17.384488,78.474943
V8442,Route-C,99.0,2026-01-18 00:09:30,17.425677,78.455
V6938,Route-A,118.59,2026-01-21 17:56:30,19.045604,72.920132
V2923,Route-E,35.25,2026-01-19 11:58:30,19.11778,72.831009
V4559,Route-D,63.01,2026-01-22 19:14:30,13.105479,80.31288
V5454,Route-E,54.84,2026-01-22 20:41:30,17.414557,78.517621
V5601,Route-B,91.61,2026-01-17 09:45:30,28.726288,77.077289
V9916,Route-A,48.81,2026-01-16 16:34:30,13.080921,80.254804
V2896,Route-A,56.51,2026-01-18 21:57:30,12.966686,77.642403
V7528,Route-D,117.95,2026-01-21 10:49:30,17.383333,78.462505
V3703,Route-D,113.8,2026-01-19 13:47:30,17.426071,78.52659
V5231,Route-A,77.82,2026-01-17 09:31:30,13.008302,77.627888
V4740,Route-E,20.91,2026-01-20 03:42:30,17.376077,78.53
V8824,Route-D,44.4,2026-01-18 16:07:30,13.127202,80.238656
V3901,Route-C,93.8,2026-01-21 03:59:30,28.737773,77.135459
V8987,Route-C,47.28,2026-01-18 17:50:30,13.12171,80.293329
V1845,Route-D,53.92,2026-01-23 01:59:30,19.043303,72.906966
V8301,Route-E,93.72,2026-01-20 18:43:30,13.098475,80.281543
V9617,Route-C,46.6,2026-01-18 20:03:30,13.04976,80.225634
V9003,Route-A,80.71,2026-01-20 06:27:30,19.12397,72.924756
V5107,Route-C,26.25,2026-01-18 09:33:30,17.357562,78.522861
V1447,Route-A,26.24,2026-01-22 04:33:30,28.733483,77.053784
V6309,Route-D,103.4,2026-01-17 17:00:30,19.123288,72.892931
V2079,Route-C,28.44,2026-01-16 21:45:30,13.088444,80.28542
V9017,Route-A,55.57,2026-01-22 07:08:30,17.351658,78.442881
V7880,Route-E,88.23,2026-01-22 07:46:30,13.12343,80.254894
V6285,Route-B,92.92,2026-01-21 15:27:30,17.337057,78.521016
V3305,Route-B,108.63,2026-01-20 18:57:30,13.083991,80.258122
V1951,Route-C,108.28,2026-01-20 11:58:30,19.04533,72.891031
V8232,Route-D,75.19,2026-01-19 10:57:30,13.096254,80.296335
V8985,Route-A,89.12,2026-01-16 13:16:30,17.414721,78.517159
V9246,Route-D,56.48,2026-01-17 06:25:30,28.751378,77.140441
V2935,Route-D,73.55,2026-01-20 18:10:30,13.052111,80.224699
V4429,Route-C,47.59,2026-01-18 22:39:30,28.692967,77.140675
V4790,Route-A,67.44,2026-01-19 20:30:30,13.096587,80.260106
V2020,Route-D,72.73,2026-01-22 02:23:30,17.430197,78.452193
V6636,Route-D,110.63,2026-01-17 14:56:30,12.935355,77.57805
V2586,Route-E,108.64,2026-01-22 06:09:30,19.114164,72.896902
V2821,Route-D,77.02,2026-01-20 06:54:30,17.374318,78.494537
V9361,Route-B,65.14,2026-01-19 13:09:30,17.434964,78.483399
V8846,Route-D,84.37,2026-01-19 21:40:30,13.099115,80.316415
V5594,Route-D,65.6,2026-01-20 09:39:30,13.003878,77.641131
V4917,Route-C,115.83,2026-01-18 12:53:30,28.735214,77.134284
V3331,Route-C,89.17,2026-01-21 05:30:30,17.425667,78.487909
V5866,Route-C,92.56,2026-01-17 04:35:30,12.935542,77.584431
V5768,Route-A,36.05,2026-01-21 18:41:30,28.681078,77.144028
V4262,Route-E,55.24,2026-01-18 14:22:30,13.102639,80.275387
V6211,Route-A,63.71,2026-01-20 03:08:30,17.42478,78.490629
V9669,Route-E,61.41,2026-01-18 13:39:30,12.938544,77.577881
V5871,Route-D,80.68,2026-01-17 05:00:30,17.345666,78.473729
V1330,Route-C,38.54,2026-01-16 17:05:30,13.094966,80.275623
V2707,Route-A,89.3,2026-01-21 07:08:30,19.043518,72.855076
V2555,Route-B,68.9,2026-01-20 10:06:30,17.353906,78.446931
V1426,Route-A,26.15,2026-01-20 04:29:30,19.045697,72.9098
V6983,Route-B,30.48,2026-01-19 21:16:30,13.131467,80.246691
V4429,Route-B,28.44,2026-01-21 19:57:30,28.701059,77.092146
V2437,Route-B,62.94,2026-01-19 22:54:30,13.010118,77.545314
V3963,Route-C,50.0,2026-01-21 16:07:30,12.944102,77.574017
V5121,Route-E,77.0,2026-01-20 21:35:30,19.075775,72.893156
V3892,Route-E,66.8,2026-01-17 23:37:30,19.07611,72.84243
V8942,Route-B,24.25,2026-01-22 17:34:30,28.700384,77.114223
V4463,Route-A,65.63,2026-01-16 06:18:30,13.12877,80.226463
V8895,Route-B,74.62,2026-01-16 20:57:30,13.014994,77.614162
V9445,Route-D,92.06,2026-01-17 23:52:30,17.413767,78.518326
V1798,Route-B,25.01,2026-01-20 18:08:30,28.690261,77.06672
V8979,Route-D,112.7,2026-01-18 00:53:30,19.036013,72.904765
V9901,Route-C,35.23,2026-01-18 20:59:30,13.127347,80.247686
V2161,Route-B,34.68,2026-01-22 15:08:30,19.052092,72.912322
V1100,Route-E,67.09,2026-01-19 12:07:30,19.055586,72.851677
V5590,Route-C,45.9,2026-01-21 04:15:30,28.697828,77.06081
V5440,Route-B,53.42,2026-01-16 17:32:30,28.717171,77.079315
V6856,Route-B,26.77,2026-01-20 00:26:30,13.131024,80.252404
V7728,Route-E,42.2,2026-01-16 09:44:30,28.753741,77.058605
V6960,Route-C,57.58,2026-01-17 12:14:30,13.105133,80.243221
V5545,Route-B,108.12,2026-01-22 05:42:30,19.118065,72.90029
V3236,Route-A,29.92,2026-01-17 00:40:30,19.063395,72.887831
V3418,Route-C,37.67,2026-01-19 13:28:30,19.09736,72.861515
V9789,Route-A,82.24,2026-01-21 12:30:30,19.116745,72.923026
V3252,Route-C,106.49,2026-01-19 06:59:30,28.675266,77.077446
V9859,Route-E,47.31,2026-01-22 12:23:30,13.089252,80.268359
V9645,Route-E,35.39,2026-01-22 02:30:30,19.042663,72.864754
V5474,Route-C,40.24,2026-01-19 22:51:30,12.934551,77.572456
V9155,Route-D,95.15,2026-01-18 20:45:30,28.722911,77.091149
V1753,Route-A,69.34,2026-01-19 19:24:30,13.120106,80.233227
V8379,Route-B,51.56,2026-01-20 01:28:30,19.123267,72.843136
V6406,Route-D,117.88,2026-01-20 22:37:30,13.091028,80.222297
V6866,Route-E,38.09,2026-01-21 13:33:30,28.665712,77.140125
V5485,Route-A,70.76,2026-01-18 13:13:30,17.33978,78.456439
V2854,Route-E,43.76,2026-01-16 11:47:30,13.00922,77.549
V6292,Route-D,25.44,2026-01-23 04:24:30,13.017871,77.630368
V7200,Route-E,38.7,2026-01-16 23:01:30,13.083717,80.275769
V7439,Route-B,36.65,2026-01-20 20:36:30,13.015499,77.610327
V1945,Route-B,62.03,2026-01-18 04:44:30,28.66067,77.064216
V5108,Route-B,30.56,2026-01-20 21:43:30,28.734034,77.112848
V3640,Route-A,87.53,2026-01-19 16:53:30,19.115275,72.84767
V8838,Route-A,49.95,2026-01-17 09:19:30,12.924083,77.565524
V8400,Route-B,96.38,2026-01-19 01:02:30,13.067369,80.279308
V5595,Route-A,43.38,2026-01-21 10:04:30,13.08946,80.2623
V5259,Route-E,76.56,2026-01-17 04:09:30,13.066993,80.22475
V6957,Route-A,96.01,2026-01-17 21:52:30,13.085671,80.261296
V2787,Route-E,119.07,2026-01-22 12:10:30,13.054143,80.235075
V3996,Route-E,27.83,2026-01-17 18:41:30,17.405825,78.481097
V6516,Route-D,92.71,2026-01-22 05:57:30,12.985317,77.592362
V8441,Route-A,58.9,2026-01-22 20:31:30,19.031628,72.838959
V1519,Route-C,57.67,2026-01-20 15:51:30,12.980621,77.60383
V9810,Route-E,57.33,2026-01-21 10:53:30,13.000284,77.548104
V5710,Route-B,116.5,2026-01-20 13:03:30,13.110639,80.301198
V5212,Route-B,21.16,2026-01-22 00:49:30,12.945969,77.612635
V8607,Route-C,71.14,2026-01-17 05:21:30,13.095162,80.309094
V8017,Route-E,95.93,2026-01-18 01:48:30,13.01145,77.620782
V8782,Route-E,107.45,2026-01-17 10:31:30,28.691224,77.091937
V2163,Route-E,22.77,2026-01-17 03:36:30,12.99157,77.572915
V1966,Route-B,93.55,2026-01-18 17:25:30,12.928011,77.546994
V9050,Route-E,92.67,2026-01-20 08:45:30,28.699843,77.076918
V9753,Route-B,105.17,2026-01-22 22:18:30,19.08364,72.840461
V7294,Route-B,77.98,2026-01-18 19:05:30,17.371273,78.515139
V7420,Route-E,77.55,2026-01-18 05:50:30,17.422846,78.501719
V3304,Route-B,88.95,2026-01-21 17:34:30,19.106872,72.880534
V9102,Route-D,26.39,2026-01-19 03:42:30,13.130827,80.24783
V4922,Route-C,101.4,2026-01-22 13:46:30,13.06812,80.236884
V3051,Route-E,21.51,2026-01-19 22:46:30,17.432789,78.439925
V4742,Route-D,81.15,2026-01-16 13:30:30,17.397311,78.440649
V2305,Route-E,36.7,2026-01-19 21:17:30,12.942778,77.547668
V8472,Route-E,106.76,2026-01-19 15:28:30,17.42975,78.463192
V3772,Route-A,96.76,2026-01-16 11:04:30,13.056826,80.290569
V4984,Route-B,34.79,2026-01-16 13:56:30,17.365208,78.47703
V3064,Route-C,20.14,2026-01-16 21:25:30,12.995826,77.555955
V2136,Route-D,95.71,2026-01-23 01:50:30,19.092917,72.829463
V9777,Route-E,56.29,2026-01-22 01:26:30,12.965604,77.591116
V5948,Route-E,107.59,2026-01-16 16:41:30,12.964868,77.569205
V6263,Route-D,24.9,2026-01-19 07:29:30,28.70863,77.143463
V9172,Route-A,101.39,2026-01-17 04:26:30,12.991715,77.559006
V6381,Route-B,77.05,2026-01-19 21:18:30,17.370357,78.493707
V9422,Route-A,64.76,2026-01-17 08:34:30,17.408167,78.494389
V3125,Route-C,92.1,2026-01-22 03:59:30,17.384359,78.523931
V6658,Route-E,40.38,2026-01-20 13:25:30,17.421453,78.460858
V7828,Route-A,111.54,2026-01-19 04:54:30,12.980347,77.623335
V5774,Route-A,70.67,2026-01-21 01:37:30,12.945449,77.562092
V5497,Route-E,65.42,2026-01-19 04:47:30,12.975997,77.547528
V1179,Route-A,103.17,2026-01-22 01:54:30,28.703066,77.104689
V8449,Route-E,58.89,2026-01-17 02:57:30,17.415212,78.43879
V3942,Route-A,28.28,2026-01-19 08:00:30,13.126887,80.232183
V3840,Route-D,22.32,2026-01-19 17:20:30,12.944889,77.618182
V5039,Route-E,92.04,2026-01-18 16:34:30,13.122929,80.246864
V2497,Route-E,36.56,2026-01-22 04:44:30,28.73133,77.151653
V4351,Route-B,55.82,2026-01-17 15:16:30,19.084619,72.84223
V7774,Route-E,80.89,2026-01-21 22:27:30,19.046039,72.842466
V5393,Route-B,70.13,2026-01-22 19:37:30,19.056496,72.839871
V7207,Route-A,74.95,2026-01-20 14:30:30,13.078865,80.254801
V2056,Route-A,99.18,2026-01-21 03:58:30,13.120517,80.275475
V5450,Route-E,43.77,2026-01-19 20:53:30,28.679881,77.07199
V5806,Route-D,69.49,2026-01-21 11:36:30,19.079424,72.912234
V1995,Route-E,33.15,2026-01-20 02:47:30,17.434927,78.494569
V4380,Route-A,73.55,2026-01-16 23:35:30,28.671276,77.057634
V5422,Route-A,61.91,2026-01-21 05:20:30,19.075948,72.854504
V4147,Route-E,73.18,2026-01-20 23:46:30,28.721348,77.08428
V4531,Route-A,57.66,2026-01-18 10:30:30,13.07719,80.298149
V5896,Route-A,52.83,2026-01-16 20:20:30,19.052819,72.900162
V1065,Route-E,105.41,2026-01-17 07:49:30,28.67745,77.150789
V6910,Route-A,114.21,2026-01-19 10:09:30,19.11312,72.926438
V4787,Route-D,37.45,2026-01-16 21:16:30,17.3953,78.495185
V8970,Route-E,36.39,2026-01-22 07:53:30,28.746523,77.057373
V2995,Route-A,48.25,2026-01-18 07:21:30,13.070592,80.255348
V4107,Route-C,58.14,2026-01-17 21:42:30,13.036817,80.294754
V8608,Route-C,24.58,2026-01-18 04:21:30,28.727271,77.077902
V3317,Route-B,50.01,2026-01-19 00:08:30,13.089867,80.261549
V1407,Route-C,108.67,2026-01-20 13:34:30,13.053597,80.280962
V4039,Route-A,30.39,2026-01-17 13:17:30,12.988199,77.560583
V5723,Route-B,20.21,2026-01-18 09:30:30,12.966539,77.546616
V1620,Route-E,25.03,2026-01-18 03:56:30,17.387643,78.515297
V5697,Route-E,104.99,2026-01-18 00:23:30,12.922733,77.548052
V6694,Route-C,94.36,2026-01-21 10:37:30,13.10902,80.268925
V5114,Route-D,116.56,2026-01-19 20:54:30,28.753959,77.073516
V1133,Route-A,64.05,2026-01-17 18:14:30,12.948306,77.591269
V7469,Route-A,34.04,2026-01-17 15:36:30,17.410914,78.508456
V6107,Route-E,57.92,2026-01-17 08:41:30,28.711636,77.090146
V9370,Route-E,113.22,2026-01-19 16:11:30,28.677822,77.071973
V8464,Route-E,26.89,2026-01-17 14:25:30,12.97946,77.618274
V9039,Route-D,28.72,2026-01-22 05:10:30,19.096995,72.902193
V3410,Route-D,105.41,2026-01-19 16:51:30,13.083322,80.262155
V4409,Route-C,62.63,2026-01-19 04:00:30,17.39992,78.530726
V9540,Route-E,93.74,2026-01-22 23:07:30,17.42904,78.525402
V8143,Route-D,92.11,2026-01-18 14:36:30,28.752558,77.101045
V7155,Route-D,48.22,2026-01-18 14:16:30,17.424109,78.532987
V8777,Route-C,43.22,2026-01-20 04:53:30,17.394469,78.484761
V2136,Route-A,114.19,2026-01-22 09:30:30,17.402192,78.509826
V2089,Route-B,73.28,2026-01-20 16:43:30,12.956327,77.599721
V6926,Route-C,57.42,2026-01-19 01:59:30,12.927864,77.588799
V5273,Route-B,43.6,2026-01-16 08:36:30,12.982514,77.608167
V9737,Route-C,23.72,2026-01-18 03:52:30,13.107389,80.294802
V9343,Route-E,25.95,2026-01-16 22:51:30,19.102395,72.859107
V5823,Route-C,104.38,2026-01-22 15:38:30,28.729947,77.053762
V8406,Route-C,92.07,2026-01-20 19:04:30,28.728119,77.099637
V5517,Route-B,89.46,2026-01-22 13:37:30,19.031958,72.859595
V9602,Route-D,113.17,2026-01-17 14:57:30,13.092626,80.301365
V4487,Route-C,76.23,2026-01-20 09:40:30,17.375556,78.447132
V9495,Route-A,85.27,2026-01-19 03:34:30,13.075726,80.290427
V2885,Route-A,78.96,2026-01-22 04:25:30,12.991294,77.569047
V6484,Route-B,38.36,2026-01-17 17:44:30,13.076389,80.272819
V9618,Route-C,95.51,2026-01-21 01:08:30,28.739713,77.1043
V4803,Route-E,36.85,2026-01-16 12:12:30,19.093054,72.881041
V1635,Route-E,83.06,2026-01-17 13:47:30,12.979448,77.603552
V4500,Route-A,110.86,2026-01-19 23:29:30,12.937034,77.595598
V5822,Route-C,20.38,2026-01-17 15:20:30,13.056296,80.31696
V5313,Route-A,103.66,2026-01-20 07:09:30,28.736866,77.09143
V6479,Route-A,55.63,2026-01-22 00:15:30,12.969175,77.57197
V6143,Route-B,60.47,2026-01-18 19:57:30,13.066554,80.275734
V3932,Route-B,58.57,2026-01-16 11:40:30,19.082793,72.916976
V8808,Route-D,34.5,2026-01-22 17:16:30,19.057645,72.84906
V9947,Route-A,52.62,2026-01-20 09:04:30,17.429778,78.500522
V2569,Route-B,48.31,2026-01-17 03:28:30,12.995075,77.58339
V9105,Route-E,64.47,2026-01-22 12:06:30,28.717557,77.10932
V7419,Route-C,91.72,2026-01-22 14:50:30,13.018668,77.582333
V6726,Route-B,76.19,2026-01-23 00:05:30,19.101822,72.83746
V6841,Route-E,97.98,2026-01-16 23:23:30,28.688318,77.070262
V2535,Route-E,90.45,2026-01-17 21:39:30,17.357687,78.462893
V7598,Route-B,74.25,2026-01-19 17:11:30,17.428213,78.459483
V3221,Route-A,62.61,2026-01-20 04:06:30,28.705486,77.073934
V7107,Route-D,99.78,2026-01-17 10:31:30,13.063227,80.245921
V9988,Route-B,62.31,2026-01-21 01:26:30,28.659208,77.089358
V7025,Route-A,50.01,2026-01-16 23:57:30,28.691082,77.115126
V1586,Route-A,72.53,2026-01-19 18:59:30,19.082781,72.913018
V7998,Route-A,46.53,2026-01-23 03:43:30,19.081877,72.840057
V5623,Route-C,46.5,2026-01-19 06:18:30,13.096528,80.304803
V8941,Route-C,24.1,2026-01-17 01:43:30,28.700718,77.06266
V6810,Route-C,30.75,2026-01-21 02:17:30,28.703642,77.073394
V7987,Route-D,86.53,2026-01-22 09:57:30,12.98314,77.632564
V8769,Route-C,48.43,2026-01-21 07:51:30,13.012978,77.567755
V2222,Route-A,39.88,2026-01-21 22:48:30,17.360598,78.456688
V1749,Route-B,57.92,2026-01-18 10:12:30,17.419221,78.525264
V1154,Route-E,26.51,2026-01-18 08:54:30,13.038153,80.284239
V9054,Route-B,49.43,2026-01-18 23:17:30,17.385185,78.527956
V3498,Route-C,32.75,2026-01-16 07:47:30,19.062359,72.863653
V7187,Route-E,34.96,2026-01-21 05:28:30,17.389445,78.519995
V5385,Route-A,68.52,2026-01-20 03:14:30,17.354308,78.488117
V6306,Route-D,91.32,2026-01-22 09:59:30,19.026725,72.830613
V1690,Route-E,97.11,2026-01-21 09:10:30,28.731425,77.118558
V2266,Route-D,27.3,2026-01-21 14:07:30,13.126194,80.225663
V3656,Route-D,68.53,2026-01-19 20:08:30,28.665457,77.120245
V8722,Route-B,80.54,2026-01-21 11:44:30,28.753833,77.068403
V5000,Route-E,101.61,2026-01-20 09:35:30,19.054475,72.828717
V7036,Route-B,44.85,2026-01-20 13:47:30,13.008921,77.609591
V3599,Route-D,85.0,2026-01-22 20:30:30,28.699686,77.08116
V5053,Route-A,98.09,2026-01-16 11:42:30,13.131552,80.24173
V5993,Route-C,43.48,2026-01-16 08:06:30,17.338364,78.459578
V5465,Route-A,31.48,2026-01-18 12:50:30,13.116461,80.263194
V4359,Route-C,112.58,2026-01-22 05:34:30,13.117617,80.252523
V6303,Route-C,52.44,2026-01-19 07:00:30,28.749373,77.121988
V9868,Route-A,48.82,2026-01-21 12:33:30,17.36621,78.513888
V7001,Route-A,71.48,2026-01-17 10:19:30,17.411953,78.457979
V9138,Route-E,92.82,2026-01-21 12:52:30,28.74826,77.097619
V3326,Route-E,48.5,2026-01-19 22:54:30,17.411361,78.44999
V3168,Route-B,102.22,2026-01-20 08:48:30,28.659546,77.071387
V8422,Route-E,56.63,2026-01-19 04:03:30,28.703342,77.128173
V5765,Route-B,91.88,2026-01-20 10:10:30,19.030122,72.912941
V2710,Route-B,39.92,2026-01-20 14:45:30,28.656198,77.062498
V4466,Route-D,102.47,2026-01-20 12:55:30,17.338126,78.50157
V3181,Route-A,102.58,2026-01-22 18:48:30,17.396918,78.525041
V6776,Route-E,28.23,2026-01-16 17:54:30,12.933628,77.61995
V3406,Route-E,71.59,2026-01-16 13:13:30,13.123873,80.299653
V7551,Route-A,81.94,2026-01-22 09:07:30,13.041451,80.243834
V7286,Route-A,85.26,2026-01-23 02:19:30,28.697027,77.060502
V5522,Route-A,70.23,2026-01-17 15:19:30,12.980412,77.594104
V2580,Route-C,58.88,2026-01-16 08:11:30,13.12784,80.26122
V6772,Route-E,72.45,2026-01-19 23:21:30,13.101499,80.236413
V3912,Route-B,84.72,2026-01-17 14:03:30,12.944435,77.623283
V5005,Route-E,69.3,2026-01-18 06:24:30,12.969723,77.60187
V8442,Route-C,37.89,2026-01-18 23:30:30,17.375449,78.524523
V9148,Route-B,109.68,2026-01-23 04:56:30,19.049537,72.846889
V7792,Route-E,118.26,2026-01-18 14:56:30,28.698498,77.063012
V5099,Route-E,39.06,2026-01-21 23:19:30,28.726633,77.092993
V7960,Route-B,83.72,2026-01-17 21:43:30,17.414132,78.47639
V8546,Route-A,51.38,2026-01-19 03:20:30,13.008789,77.609138
V6164,Route-A,75.55,2026-01-18 04:12:30,13.009193,77.580338
V4461,Route-A,61.5,2026-01-21 21:18:30,13.06912,80.281238
V8914,Route-E,74.08,2026-01-19 09:31:30,17.385273,78.506362
V6620,Route-C,59.48,2026-01-20 16:32:30,12.964293,77.637659
V1775,Route-C,38.25,2026-01-22 20:36:30,17.410817,78.50256
V1445,Route-B,50.08,2026-01-20 16:40:30,28.687856,77.085466
V2181,Route-B,76.39,2026-01-16 16:47:30,13.107582,80.222208
V1941,Route-B,86.24,2026-01-18 05:33:30,19.121268,72.870582
V4527,Route-C,91.97,2026-01-17 14:33:30,19.125747,72.864878
V5998,Route-D,45.96,2026-01-20 14:23:30,19.071928,72.886951
V8955,Route-A,68.06,2026-01-17 05:56:30,12.926089,77.620031
V6192,Route-E,45.66,2026-01-22 20:03:30,13.129079,80.310558
V9531,Route-A,38.0,2026-01-21 05:14:30,28.657678,77.139938
V2215,Route-D,91.46,2026-01-21 13:34:30,19.121921,72.891236
V6552,Route-A,78.91,2026-01-19 07:13:30,19.066728,72.893402
V8087,Route-D,56.31,2026-01-16 17:04:30,17.406971,78.499769
V8054,Route-D,37.04,2026-01-20 02:56:30,12.993016,77.561154
V6109,Route-D,112.98,2026-01-16 22:29:30,28.718153,77.125314
V4710,Route-A,90.52,2026-01-16 19:14:30,17.363847,78.461843
V1884,Route-B,26.12,2026-01-19 17:58:30,19.075028,72.86945
V4948,Route-A,72.93,2026-01-16 17:17:30,13.097041,80.294092
V4275,Route-E,100.07,2026-01-18 20:20:30,12.961854,77.562683
V3120,Route-C,54.14,2026-01-20 09:16:30,12.955615,77.610573
V3988,Route-A,108.54,2026-01-16 23:20:30,13.008124,77.568571
V9138,Route-D,56.64,2026-01-21 12:24:30,19.077537,72.912358
V5070,Route-D,23.16,2026-01-22 22:54:30,13.041742,80.282283
V3845,Route-C,23.41,2026-01-23 04:31:30,12.956711,77.59084
V4879,Route-D,24.0,2026-01-20 01:45:30,13.00727,77.553057
V9495,Route-B,79.76,2026-01-18 23:48:30,17.34369,78.495121
V1386,Route-D,73.15,2026-01-18 14:34:30,19.078608,72.867343
V4527,Route-C,91.84,2026-01-17 08:48:30,28.656986,77.149371
V6516,Route-B,35.5,2026-01-20 12:32:30,13.095612,80.242482
V4005,Route-E,56.51,2026-01-18 16:36:30,17.373098,78.507899
V4085,Route-E,51.69,2026-01-21 09:31:30,19.114007,72.86007
V4224,Route-E,92.94,2026-01-18 09:06:30,12.992606,77.630336
V1489,Route-E,38.05,2026-01-19 07:05:30,13.009551,77.603323
V5601,Route-D,23.89,2026-01-21 05:41:30,12.985464,77.634679
V5851,Route-A,39.92,2026-01-20 02:31:30,17.366837,78.476829
V6774,Route-A,61.51,2026-01-18 01:21:30,13.128285,80.231204
V5265,Route-A,24.4,2026-01-21 21:39:30,13.116567,80.318885
V1549,Route-A,54.55,2026-01-18 03:10:30,13.04907,80.317816
V2567,Route-C,76.85,2026-01-17 05:33:30,28.715344,77.070128
V6977,Route-E,82.97,2026-01-20 05:59:30,17.351968,78.45745
V9393,Route-E,68.25,2026-01-18 18:12:30,19.119482,72.908904
V8260,Route-D,72.92,2026-01-19 09:49:30,13.008464,77.552539
V2768,Route-C,87.06,2026-01-19 21:39:30,19.02663,72.884892
V8008,Route-A,108.18,2026-01-23 00:43:30,28.712431,77.074542
V4862,Route-E,117.15,2026-01-16 22:36:30,13.04371,80.265213
V6599,Route-A,115.95,2026-01-22 06:56:30,12.968398,77.573554
V3117,Route-C,96.08,2026-01-22 16:55:30,17.385997,78.49939
V7341,Route-A,67.87,2026-01-22 11:59:30,13.11389,80.245083
V7991,Route-C,66.05,2026-01-20 05:02:30,28.742699,77.140571
V2661,Route-C,63.72,2026-01-17 09:17:30,28.67818,77.123634
V3399,Route-D,24.15,2026-01-19 12:43:30,28.721884,77.074551
V1864,Route-C,42.5,2026-01-21 09:24:30,28.674265,77.095406
V6681,Route-D,55.37,2026-01-17 18:06:30,28.65535,77.104317
V6665,Route-B,35.01,2026-01-20 12:59:30,13.069333,80.263132
V9596,Route-E,54.0,2026-01-16 13:49:30,19.062814,72.845207
V4178,Route-D,119.44,2026-01-19 18:47:30,28.752595,77.148255
V2772,Route-A,65.16,2026-01-22 16:30:30,19.102652,72.91376
V9331,Route-C,84.61,2026-01-20 21:09:30,13.00482,77.555959
V5334,Route-C,75.15,2026-01-21 11:38:30,12.952649,77.598243
V7927,Route-C,61.12,2026-01-21 11:15:30,28.72243,77.061039
V3402,Route-E,87.22,2026-01-21 04:28:30,17.365356,78.439276
V9566,Route-B,74.62,2026-01-19 07:24:30,19.118111,72.877744
V6173,Route-C,69.66,2026-01-21 14:06:30,17.434721,78.477688
V6963,Route-B,62.02,2026-01-17 20:25:30,19.09197,72.915023
V5322,Route-B,24.96,2026-01-20 11:39:30,17.429104,78.457936
V1663,Route-E,28.89,2026-01-21 02:11:30,19.035961,72.858544
V2428,Route-E,110.4,2026-01-18 13:43:30,28.727944,77.056141
V8098,Route-C,54.4,2026-01-22 16:47:30,13.063302,80.28919
V7739,Route-B,110.37,2026-01-19 21:24:30,13.007175,77.605581
V5289,Route-D,119.09,2026-01-18 18:48:30,17.366297,78.460511
V8767,Route-E,64.72,2026-01-17 06:32:30,28.670642,77.090606
V6980,Route-B,29.39,2026-01-17 07:50:30,17.407532,78.507484
V4436,Route-E,81.64,2026-01-19 11:25:30,13.017892,77.609012
V8962,Route-D,87.7,2026-01-22 05:09:30,28.753566,77.108925
V9218,Route-B,113.9,2026-01-18 10:28:30,13.087022,80.263466
V4307,Route-C,40.56,2026-01-18 15:17:30,12.963988,77.568099
V9651,Route-B,72.46,2026-01-20 06:29:30,13.107671,80.29115
V4185,Route-B,70.08,2026-01-20 20:46:30,13.032784,80.26292
V7836,Route-E,80.96,2026-01-17 22:02:30,19.084819,72.900053
V5857,Route-C,48.57,2026-01-16 18:46:30,28.691602,77.146613
V8742,Route-D,88.18,2026-01-16 13:08:30,13.093669,80.305338
V2799,Route-B,42.6,2026-01-18 09:40:30,12.941697,77.555847
V1421,Route-D,100.7,2026-01-19 01:56:30,13.11096,80.275724
V1902,Route-D,98.09,2026-01-19 20:19:30,28.711872,77.080632
V5065,Route-A,73.97,2026-01-20 08:02:30,28.708633,77.073183
V8244,Route-E,49.53,2026-01-21 06:03:30,28.707417,77.081256
V5152,Route-D,89.65,2026-01-17 02:54:30,28.701977,77.09227
V8628,Route-A,93.77,2026-01-20 11:16:30,12.975588,77.604632
V7274,Route-C,51.59,2026-01-21 21:42:30,12.963062,77.606125
V6881,Route-E,80.99,2026-01-22 00:26:30,28.708981,77.106351
V8371,Route-E,83.58,2026-01-22 15:30:30,13.01144,77.557598
V7059,Route-E,109.86,2026-01-17 00:33:30,17.416781,78.465375
V9672,Route-A,54.06,2026-01-22 04:44:30,17.394016,78.499724
V1196,Route-C,58.27,2026-01-16 20:03:30,17.419088,78.464409
V1287,Route-C,59.03,2026-01-19 14:18:30,28.66601,77.131513
V1574,Route-D,119.18,2026-01-16 20:16:30,28.735687,77.109524
V2358,Route-B,41.24,2026-01-17 10:18:30,28.751466,77.091107
V3793,Route-A,66.33,2026-01-22 04:15:30,17.367518,78.440134
V6641,Route-D,41.38,2026-01-18 01:58:30,17.41592,78.49242
V6672,Route-A,111.29,2026-01-18 06:17:30,19.059547,72.867366
V6824,Route-E,69.35,2026-01-20 00:20:30,12.964499,77.564483
V3863,Route-D,31.08,2026-01-18 13:26:30,13.041384,80.227997
V4169,Route-E,109.07,2026-01-17 16:27:30,28.660425,77.135429
V9371,Route-C,34.89,2026-01-22 12:29:30,28.753245,77.106797
V8693,Route-C,76.51,2026-01-22 23:58:30,13.075602,80.268856
V3598,Route-A,66.81,2026-01-19 13:39:30,17.362194,78.523946
V5197,Route-B,63.44,2026-01-20 13:15:30,13.090861,80.293347
V4942,Route-B,47.49,2026-01-21 23:10:30,28.737143,77.151036
V9717,Route-E,113.14,2026-01-22 16:16:30,28.733966,77.139558
V2967,Route-D,81.85,2026-01-21 20:42:30,13.0589,80.245865
V9799,Route-D,107.23,2026-01-21 07:21:30,19.048414,72.925861
V8040,Route-A,65.55,2026-01-20 19:30:30,12.980246,77.630653
V9018,Route-A,105.81,2026-01-20 14:23:30,13.104742,80.300352
V7144,Route-C,63.61,2026-01-19 22:08:30,13.005716,77.567038
V7770,Route-D,86.99,2026-01-19 05:44:30,17.392591,78.495692
V6497,Route-C,109.4,2026-01-16 08:38:30,28.672999,77.061345
V9609,Route-B,119.83,2026-01-22 15:53:30,28.672357,77.131934
V1200,Route-D,97.73,2026-01-22 21:07:30,13.035749,80.237152
V4711,Route-A,104.46,2026-01-22 14:17:30,28.692046,77.12635
V5251,Route-C,83.12,2026-01-20 14:20:30,17.396235,78.446067
V2108,Route-D,66.42,2026-01-19 00:35:30,28.663416,77.117801
V4767,Route-C,33.52,2026-01-18 20:50:30,12.983389,77.591302
V5441,Route-E,64.14,2026-01-17 23:45:30,13.061944,80.301227
V4871,Route-A,80.58,2026-01-21 06:59:30,13.076087,80.264498
V2057,Route-A,36.64,2026-01-20 04:54:30,28.68767,77.115151
V8375,Route-A,87.9,2026-01-19 05:21:30,19.083823,72.913657
V7591,Route-C,77.71,2026-01-18 15:06:30,28.686457,77.113557
V7270,Route-E,55.75,2026-01-17 03:16:30,17.365664,78.529541
V5035,Route-C,56.9,2026-01-17 22:25:30,13.021451,77.563874
V5457,Route-D,40.54,2026-01-21 13:28:30,19.112249,72.833534
V8783,Route-E,36.78,2026-01-23 00:37:30,19.048083,72.859719
V4184,Route-A,70.68,2026-01-16 21:50:30,12.92401,77.625923
V5781,Route-C,78.51,2026-01-20 21:40:30,17.414835,78.451895
V1365,Route-E,81.98,2026-01-21 16:25:30,28.741941,77.098151
V2547,Route-E,86.94,2026-01-20 17:46:30,12.923716,77.56871
V9651,Route-A,113.67,2026-01-22 23:59:30,13.049779,80.268661
V6564,Route-C,87.09,2026-01-21 05:07:30,17.418334,78.495851
V3137,Route-D,98.05,2026-01-21 03:42:30,28.740383,77.10676
V9961,Route-A,51.27,2026-01-16 06:38:30,12.945233,77.580759
V1185,Route-A,32.51,2026-01-17 10:53:30,28.672783,77.120388
V4008,Route-C,67.09,2026-01-21 18:51:30,19.05321,72.910402
V8647,Route-A,82.06,2026-01-20 10:03:30,19.106595,72.909716
V1694,Route-B,52.04,2026-01-17 19:03:30,17.406892,78.443313
V6989,Route-A,37.78,2026-01-22 02:39:30,28.710956,77.12613
V5309,Route-E,40.86,2026-01-16 17:42:30,28.741471,77.113204
V1050,Route-D,38.18,2026-01-20 09:23:30,13.098272,80.298984
V9712,Route-C,67.48,2026-01-22 20:46:30,17.35832,78.44435
V8467,Route-B,92.72,2026-01-18 17:17:30,19.040597,72.91217
V4020,Route-D,41.8,2026-01-18 07:32:30,17.353312,78.476206
V7328,Route-D,36.97,2026-01-21 21:48:30,13.073439,80.268005
V6176,Route-A,93.48,2026-01-17 06:22:30,12.999048,77.55041
V9672,Route-A,35.51,2026-01-18 05:55:30,13.124186,80.288291
V5710,Route-D,69.84,2026-01-17 15:55:30,12.930519,77.604662
V6471,Route-A,54.63,2026-01-19 04:38:30,19.026279,72.84839
V3799,Route-E,22.8,2026-01-21 22:12:30,12.930311,77.59239
V1730,Route-A,99.02,2026-01-16 11:29:30,19.118985,72.853392
V2711,Route-E,55.86,2026-01-21 04:58:30,12.950268,77.585958
V4257,Route-E,46.17,2026-01-17 16:57:30,13.009656,77.562889
V6553,Route-D,26.54,2026-01-20 22:32:30,17.376421,78.463965
V3971,Route-B,97.47,2026-01-18 04:05:30,17.348672,78.45674
V2804,Route-D,101.5,2026-01-21 00:03:30,13.106145,80.291274
V5150,Route-D,71.53,2026-01-22 16:23:30,12.935033,77.565436
V8973,Route-B,100.92,2026-01-19 20:17:30,28.682227,77.117644
V5201,Route-D,79.5,2026-01-22 05:22:30,19.070942,72.892068
V6666,Route-E,29.11,2026-01-19 17:16:30,17.382479,78.516952
V5002,Route-A,118.41,2026-01-20 11:56:30,19.056881,72.899024
V6312,Route-D,89.89,2026-01-22 00:57:30,28.693046,77.073728
V9704,Route-B,104.94,2026-01-17 04:19:30,12.923865,77.56442
V8066,Route-B,114.78,2026-01-23 00:59:30,13.111005,80.310842
V1481,Route-A,88.37,2026-01-23 03:02:30,17.397692,78.512259
V1856,Route-A,93.87,2026-01-16 20:31:30,19.086894,72.828326
V6880,Route-D,90.26,2026-01-18 03:57:30,13.067272,80.278808
V2756,Route-E,52.07,2026-01-20 13:34:30,13.033831,80.291823
V8050,Route-A,95.32,2026-01-19 21:19:30,17.38802,78.493306
V3544,Route-C,95.04,2026-01-21 22:09:30,12.927445,77.548832
V1066,Route-D,114.15,2026-01-16 19:41:30,13.015127,77.565957
V3291,Route-D,64.46,2026-01-19 15:11:30,19.10086,72.846407
V5675,Route-C,73.3,2026-01-18 08:35:30,13.080108,80.230031
V3934,Route-E,76.35,2026-01-17 20:10:30,19.117128,72.836608
V3335,Route-D,98.3,2026-01-19 01:41:30,12.956247,77.580264
V3230,Route-B,47.76,2026-01-21 17:46:30,13.035834,80.266973
V3249,Route-D,100.81,2026-01-17 18:00:30,17.340661,78.446587
V3442,Route-E,90.1,2026-01-21 18:43:30,28.703088,77.134764
V7616,Route-C,31.03,2026-01-18 07:23:30,17.340806,78.484257
V7897,Route-C,69.74,2026-01-20 00:20:30,28.735179,77.094369
V4859,Route-D,43.52,2026-01-19 05:42:30,17.344238,78.447042
V6052,Route-B,23.83,2026-01-22 19:26:30,19.044404,72.916724
V8771,Route-D,42.51,2026-01-22 14:03:30,17.413108,78.46314
V9299,Route-A,92.22,2026-01-16 17:34:30,28.7021,77.128872
V7136,Route-C,77.23,2026-01-19 07:08:30,17.370659,78.513754
V7197,Route-C,98.34,2026-01-19 17:27:30,12.939136,77.588332
V7278,Route-E,69.59,2026-01-19 17:06:30,17.38699,78.52614
V1529,Route-C,114.88,2026-01-18 02:18:30,17.407807,78.53396
V9603,Route-D,96.59,2026-01-18 20:38:30,19.06779,72.907252
V2023,Route-E,37.65,2026-01-20 10:31:30,19.123288,72.874571
V1408,Route-B,47.97,2026-01-21 03:05:30,19.071553,72.847942
V7283,Route-E,104.3,2026-01-21 16:37:30,13.101177,80.256436
V1498,Route-D,82.45,2026-01-16 07:23:30,28.727145,77.117597
V1948,Route-E,70.73,2026-01-23 00:18:30,19.110036,72.922561
V3151,Route-E,70.22,2026-01-18 08:46:30,12.946037,77.64014
V6111,Route-B,36.74,2026-01-22 23:56:30,12.930531,77.625049
V2811,Route-C,30.31,2026-01-22 11:01:30,19.093834,72.858633
V9043,Route-C,52.49,2026-01-19 16:03:30,12.957149,77.58151
V3248,Route-E,100.53,2026-01-18 23:09:30,19.09179,72.831648
V4297,Route-D,52.14,2026-01-21 10:38:30,12.930127,77.626549
V7993,Route-C,88.7,2026-01-22 02:42:30,13.128297,80.266624
V3880,Route-C,108.79,2026-01-21 13:19:30,13.10538,80.23419
V5805,Route-D,93.58,2026-01-21 05:53:30,17.394568,78.438185
V3835,Route-C,106.6,2026-01-18 19:09:30,28.754048,77.069296
V1872,Route-C,115.5,2026-01-16 20:57:30,17.402955,78.475661
V6171,Route-D,49.6,2026-01-20 14:18:30,17.424534,78.453355
V9812,Route-B,54.13,2026-01-18 16:11:30,13.09448,80.288358
V4147,Route-B,115.46,2026-01-19 03:06:30,17.421044,78.527563
V5071,Route-C,60.66,2026-01-22 22:59:30,13.052935,80.243909
V1195,Route-D,34.16,2026-01-22 16:40:30,19.115874,72.839008
V3108,Route-D,74.43,2026-01-21 08:36:30,17.416292,78.535227
V8410,Route-B,102.07,2026-01-18 07:52:30,28.689644,77.114038
V3411,Route-B,61.68,2026-01-17 14:29:30,13.081931,80.223043
V8678,Route-E,107.94,2026-01-19 22:55:30,12.957084,77.642202
V6683,Route-D,34.02,2026-01-22 16:51:30,17.396963,78.518208
V9398,Route-D,91.95,2026-01-17 06:04:30,17.421514,78.451774
V8478,Route-E,113.75,2026-01-18 04:10:30,19.116312,72.893766
V4167,Route-A,89.53,2026-01-19 23:32:30,12.929437,77.545436
V3788,Route-D,72.3,2026-01-21 04:19:30,13.127017,80.274944
V1414,Route-B,107.07,2026-01-16 16:08:30,28.675755,77.119669
V6602,Route-D,115.95,2026-01-17 22:14:30,13.082411,80.264792
V8615,Route-E,104.98,2026-01-19 05:02:30,17.388188,78.509022
V8529,Route-C,84.95,2026-01-21 14:43:30,19.091897,72.888303
V3070,Route-D,37.8,2026-01-19 11:05:30,28.736268,77.103212
V4989,Route-C,77.74,2026-01-22 21:09:30,12.946146,77.613408
V3592,Route-A,103.24,2026-01-21 23:32:30,28.70736,77.072734
V3314,Route-C,89.71,2026-01-19 00:22:30,19.116799,72.906625
V6410,Route-A,31.87,2026-01-20 04:54:30,13.126521,80.245676
V7322,Route-D,60.18,2026-01-20 01:44:30,13.020181,77.578548
V2997,Route-B,114.92,2026-01-22 20:38:30,17.397708,78.457277
V3907,Route-B,86.35,2026-01-20 22:55:30,12.94952,77.557918
V3783,Route-C,55.4,2026-01-20 08:41:30,28.734426,77.147255
V9286,Route-C,28.13,2026-01-16 14:54:30,13.021017,77.614471
V2085,Route-E,105.17,2026-01-17 05:30:30,28.723951,77.077482
V5376,Route-D,48.31,2026-01-16 19:58:30,13.046689,80.231072
V6920,Route-D,103.93,2026-01-21 18:23:30,12.967802,77.560236
V6161,Route-A,28.83,2026-01-22 06:12:30,17.405568,78.503114
V2594,Route-A,111.71,2026-01-16 21:26:30,28.684773,77.09505
V5969,Route-A,26.37,2026-01-20 22:19:30,13.102513,80.261143
V3022,Route-B,115.99,2026-01-16 18:14:30,13.103687,80.287989
V6353,Route-B,103.92,2026-01-20 12:42:30,13.090143,80.293745
V1625,Route-C,45.88,2026-01-18 01:23:30,28.656375,77.057647
V3682,Route-E,33.93,2026-01-18 00:48:30,17.385247,78.501445
V1123,Route-B,90.87,2026-01-23 04:18:30,13.095849,80.314474
V9944,Route-E,115.08,2026-01-22 00:35:30,28.750937,77.055367
V4160,Route-C,39.79,2026-01-16 14:40:30,13.06245,80.244362
V9622,Route-E,96.65,2026-01-18 14:11:30,19.036332,72.922269
V9360,Route-B,78.87,2026-01-22 16:05:30,17.40175,78.439297
V8556,Route-E,72.56,2026-01-17 16:47:30,13.002516,77.639355
V3792,Route-D,100.25,2026-01-22 07:10:30,13.056599,80.234671
V4378,Route-D,99.76,2026-01-21 17:54:30,28.661652,77.111824
V2013,Route-B,59.22,2026-01-19 04:19:30,17.430222,78.526053
V1518,Route-E,50.76,2026-01-19 08:17:30,19.070978,72.912409
V1203,Route-A,26.6,2026-01-21 05:48:30,19.072707,72.829518
V2933,Route-D,46.21,2026-01-22 19:35:30,13.071198,80.247205
V1855,Route-E,83.85,2026-01-16 15:29:30,13.132649,80.25207
V5514,Route-D,55.89,2026-01-17 00:40:30,13.115085,80.310476
V9492,Route-E,50.38,2026-01-19 10:06:30,13.043281,80.31981
V5157,Route-C,80.84,2026-01-22 13:12:30,19.119323,72.909651
V9544,Route-B,36.79,2026-01-18 04:32:30,17.385714,78.487102
V2188,Route-E,25.4,2026-01-18 23:22:30,13.108625,80.315128
V2376,Route-A,84.05,2026-01-20 23:22:30,13.102767,80.277785
V2359,Route-A,56.04,2026-01-21 03:18:30,19.100861,72.848072
V4079,Route-B,85.98,2026-01-17 18:31:30,28.726095,77.061595
V4920,Route-E,98.69,2026-01-18 07:09:30,17.386899,78.48526
V3178,Route-C,91.74,2026-01-17 20:21:30,19.031351,72.887695
V3805,Route-D,75.44,2026-01-16 20:56:30,12.938337,77.609239
V9146,Route-A,77.01,2026-01-20 09:36:30,12.949655,77.568921
V1032,Route-E,76.47,2026-01-22 21:18:30,19.112835,72.912962
V4951,Route-E,97.22,2026-01-21 01:16:30,17.406562,78.535997
V3797,Route-C,63.69,2026-01-16 19:32:30,28.699912,77.093859
V1179,Route-D,59.24,2026-01-22 19:50:30,28.685636,77.144535
V7399,Route-A,70.09,2026-01-18 18:12:30,19.047798,72.833795
V1179,Route-A,72.2,2026-01-16 07:05:30,17.358168,78.44346
V3780,Route-A,76.44,2026-01-18 14:03:30,19.097452,72.92115
V8196,Route-C,26.62,2026-01-21 03:58:30,28.729477,77.060987
V6021,Route-D,68.52,2026-01-19 23:56:30,12.98965,77.622773
V8575,Route-D,99.88,2026-01-19 04:36:30,12.986472,77.592226
V7155,Route-D,107.96,2026-01-19 07:22:30,28.681018,77.147114
V8700,Route-A,48.3,2026-01-17 08:06:30,19.059147,72.875711
V1519,Route-E,99.67,2026-01-20 07:51:30,12.931192,77.545928
V8880,Route-E,47.22,2026-01-20 02:39:30,19.083341,72.86935
V8635,Route-E,102.07,2026-01-18 14:34:30,12.99409,77.629089
V4627,Route-E,82.48,2026-01-18 13:42:30,12.973847,77.630705
V7537,Route-A,78.97,2026-01-19 21:31:30,13.105186,80.226902
V7056,Route-D,74.72,2026-01-20 00:59:30,19.040383,72.850034
V1978,Route-A,58.84,2026-01-21 08:43:30,19.119247,72.874434
V1776,Route-C,87.19,2026-01-21 01:00:30,28.709405,77.147808
V3161,Route-D,63.24,2026-01-20 17:53:30,13.088101,80.277883
V6101,Route-C,82.34,2026-01-18 17:55:30,28.745163,77.079362
V7753,Route-D,51.02,2026-01-22 09:09:30,13.037679,80.276465
V5720,Route-C,26.28,2026-01-22 09:33:30,12.923136,77.597973
V4614,Route-B,46.81,2026-01-16 18:56:30,17.340222,78.460895
V5044,Route-D,23.85,2026-01-19 06:31:30,19.071959,72.860768
V9864,Route-C,73.42,2026-01-21 11:10:30,19.104232,72.862902
V6948,Route-C,111.09,2026-01-16 06:44:30,17.413299,78.443233
V8301,Route-D,54.28,2026-01-23 00:06:30,19.089179,72.884102
V7243,Route-A,90.59,2026-01-19 00:36:30,17.432259,78.448816
V7633,Route-E,94.54,2026-01-20 20:54:30,13.050113,80.245
V6505,Route-C,101.41,2026-01-20 19:35:30,17.409212,78.510902
V1765,Route-C,111.97,2026-01-17 14:51:30,17.42134,78.513521
V9391,Route-E,49.96,2026-01-21 15:45:30,12.941901,77.643027
V9334,Route-D,50.11,2026-01-17 22:33:30,28.721977,77.137022
V4193,Route-A,97.5,2026-01-19 16:52:30,28.654833,77.084064
V7488,Route-B,93.46,2026-01-22 16:02:30,17.390825,78.525711
V4210,Route-A,110.74,2026-01-18 02:11:30,12.991496,77.550506
V9161,Route-E,51.37,2026-01-16 10:49:30,12.986395,77.569783
V4595,Route-C,22.33,2026-01-21 23:27:30,12.946957,77.608966
V4671,Route-C,55.57,2026-01-18 03:08:30,13.127801,80.233624
V5008,Route-D,99.36,2026-01-16 10:35:30,12.960934,77.608969
V6475,Route-E,106.41,2026-01-18 21:12:30,28.731555,77.09386
V5740,Route-E,24.61,2026-01-21 21:39:30,19.044365,72.901353
V7876,Route-A,79.21,2026-01-20 08:33:30,17.398124,78.469271
V6312,Route-D,117.96,2026-01-19 01:07:30,19.086339,72.840173
V2293,Route-A,115.92,2026-01-20 12:45:30,19.093908,72.83617
V9825,Route-E,25.3,2026-01-18 00:44:30,13.041476,80.287043
V6374,Route-B,119.38,2026-01-18 04:26:30,19.109498,72.849943
V7923,Route-A,31.73,2026-01-21 15:52:30,17.352453,78.46669
V7980,Route-C,35.89,2026-01-22 07:08:30,19.088577,72.86504
V9846,Route-E,50.79,2026-01-22 08:11:30,28.698119,77.060933
V8525,Route-A,62.88,2026-01-21 20:45:30,28.708072,77.071332
V2079,Route-C,76.84,2026-01-17 20:23:30,28.725578,77.076828
V2367,Route-D,71.04,2026-01-22 15:27:30,13.114518,80.283097
V1084,Route-C,98.91,2026-01-20 00:14:30,17.423156,78.507594
V3881,Route-E,22.12,2026-01-21 19:47:30,12.939082,77.554528
V8157,Route-D,78.14,2026-01-20 21:17:30,13.104757,80.22378
V8203,Route-C,20.65,2026-01-20 00:53:30,12.961296,77.623737
V3598,Route-D,62.49,2026-01-22 03:08:30,28.685919,77.142095
V7826,Route-D,97.77,2026-01-18 23:37:30,17.372156,78.499179
V1234,Route-B,93.04,2026-01-21 08:37:30,28.702925,77.121661
V1003,Route-A,56.2,2026-01-16 07:44:30,28.72911,77.126848
V3228,Route-B,44.0,2026-01-19 00:39:30,17.428665,78.458544
V7875,Route-D,30.19,2026-01-21 23:46:30,28.705387,77.111093
V4081,Route-B,108.75,2026-01-16 20:30:30,13.011417,77.5534
V3245,Route-B,116.37,2026-01-19 16:31:30,19.08202,72.828974
V6635,Route-D,25.44,2026-01-21 12:36:30,19.037894,72.877964
V5885,Route-E,39.98,2026-01-17 15:32:30,17.430275,78.495146
V7331,Route-E,88.31,2026-01-20 02:20:30,17.387942,78.465351
V9849,Route-D,102.02,2026-01-21 05:50:30,17.36203,78.502893
V7701,Route-A,113.53,2026-01-18 22:08:30,13.123651,80.22765
V4429,Route-C,57.21,2026-01-22 06:16:30,17.372662,78.505186
V2836,Route-D,30.8,2026-01-17 23:09:30,12.950965,77.628839
V1759,Route-B,36.76,2026-01-16 16:05:30,12.982883,77.60123
V6275,Route-A,21.65,2026-01-18 23:37:30,12.964098,77.61685
V7616,Route-A,20.08,2026-01-16 20:48:30,28.753302,77.118067
V9594,Route-B,108.14,2026-01-19 15:52:30,19.121626,72.866584
V7066,Route-C,63.06,2026-01-18 07:08:30,12.978961,77.56165
V6360,Route-B,98.16,2026-01-21 00:51:30,28.667613,77.088601
V9529,Route-B,110.67,2026-01-18 20:39:30,19.089243,72.897724
V6357,Route-B,94.37,2026-01-22 15:52:30,17.433359,78.456598
V1648,Route-B,84.59,2026-01-17 10:03:30,12.970351,77.559731
V1452,Route-B,44.65,2026-01-21 23:12:30,19.028668,72.878515
V5950,Route-D,68.34,2026-01-16 15:27:30,17.384736,78.501258
V6119,Route-C,79.38,2026-01-16 07:10:30,19.111058,72.842764
V2797,Route-A,38.77,2026-01-18 13:52:30,17.361735,78.462819
V8902,Route-E,49.23,2026-01-17 22:09:30,13.123617,80.310911
V5658,Route-A,80.82,2026-01-22 01:21:30,17.350693,78.443805
V2588,Route-B,30.08,2026-01-20 09:34:30,28.748391,77.110848
V1364,Route-A,29.95,2026-01-16 09:18:30,13.119616,80.239961
V6795,Route-A,106.35,2026-01-21 09:18:30,13.055592,80.243272
V9321,Route-C,50.84,2026-01-16 21:34:30,13.093501,80.268407
V8847,Route-D,48.21,2026-01-21 22:16:30,19.0554,72.885118
V2602,Route-B,76.5,2026-01-22 11:33:30,19.039513,72.882268
V8036,Route-B,46.11,2026-01-22 13:33:30,19.074705,72.869189
V3593,Route-B,67.45,2026-01-22 01:45:30,19.089653,72.880516
V9236,Route-A,112.34,2026-01-16 12:44:30,12.941214,77.559791
V6449,Route-A,34.48,2026-01-20 06:41:30,17.391626,78.518398
V6704,Route-A,110.33,2026-01-19 19:47:30,12.940012,77.572655
V2832,Route-E,60.9,2026-01-18 12:33:30,17.405244,78.511351
V4387,Route-E,93.18,2026-01-22 22:02:30,13.03589,80.253512
V6602,Route-C,25.73,2026-01-20 21:40:30,19.106154,72.858248
V1536,Route-B,54.53,2026-01-22 18:04:30,17.408233,78.500368
V5155,Route-D,33.94,2026-01-23 03:10:30,13.110075,80.26935
V7991,Route-E,86.14,2026-01-18 23:20:30,17.403692,78.51265
V2754,Route-D,111.58,2026-01-18 10:39:30,13.095505,80.288359
V2012,Route-C,96.1,2026-01-18 18:43:30,17.357677,78.464156
V9930,Route-B,109.45,2026-01-21 22:33:30,13.00139,77.620162
V6913,Route-E,108.01,2026-01-17 04:53:30,12.943699,77.580972
V7531,Route-A,95.99,2026-01-19 03:27:30,19.07819,72.875204
V2894,Route-E,35.33,2026-01-16 06:45:30,19.097001,72.901005
V5135,Route-A,63.33,2026-01-16 23:34:30,19.106592,72.924113
V1707,Route-C,109.58,2026-01-18 01:43:30,17.423468,78.447067
V6949,Route-D,79.66,2026-01-16 06:48:30,13.073814,80.232565
V6780,Route-B,52.71,2026-01-20 13:04:30,12.955634,77.568145
V4077,Route-E,25.02,2026-01-22 18:50:30,19.095157,72.904894
V7361,Route-B,110.26,2026-01-19 08:38:30,28.659591,77.062427
V1047,Route-C,56.95,2026-01-16 17:12:30,28.734821,77.056401
V5845,Route-D,77.6,2026-01-20 02:49:30,19.050286,72.922726
V2848,Route-C,44.71,2026-01-22 18:23:30,12.95019,77.598082
V8787,Route-B,77.98,2026-01-17 08:44:30,19.040505,72.872729
V8128,Route-C,36.8,2026-01-22 18:48:30,13.002702,77.566281
V5027,Route-A,105.23,2026-01-21 17:38:30,19.085242,72.902521
V7246,Route-E,62.77,2026-01-21 07:04:30,12.967424,77.568302
V2632,Route-B,103.77,2026-01-21 03:15:30,12.978084,77.572862
V2940,Route-D,44.76,2026-01-17 20:40:30,13.084337,80.248287
V5991,Route-C,104.57,2026-01-17 12:44:30,19.100848,72.83537
V1511,Route-C,99.44,2026-01-18 16:38:30,12.973599,77.563757
V2462,Route-D,101.22,2026-01-17 14:23:30,12.936956,77.629644
V7432,Route-D,24.38,2026-01-19 15:38:30,13.131593,80.230717
V3151,Route-D,32.18,2026-01-20 02:16:30,28.694325,77.115894
V4990,Route-E,63.94,2026-01-19 18:46:30,19.040518,72.84658
V1354,Route-C,67.73,2026-01-18 11:47:30,28.747462,77.132144
V3313,Route-B,37.36,2026-01-16 16:36:30,13.057054,80.267405
V2054,Route-E,115.82,2026-01-21 03:48:30,13.077609,80.238051
V6009,Route-B,27.06,2026-01-18 15:07:30,13.062008,80.260943
V8152,Route-E,116.0,2026-01-21 22:25:30,28.71504,77.113979
V1178,Route-A,118.5,2026-01-16 14:24:30,13.053625,80.252805
V1454,Route-B,49.49,2026-01-18 18:03:30,28.73428,77.070355
V4191,Route-D,49.66,2026-01-20 20:57:30,17.380646,78.517895
V7999,Route-C,104.74,2026-01-17 13:47:30,13.01473,77.567446
V3813,Route-A,63.51,2026-01-17 23:39:30,19.047346,72.830701
V7579,Route-D,53.16,2026-01-23 04:28:30,13.011063,77.608689
V5194,Route-C,112.32,2026-01-22 04:08:30,12.934001,77.605069
V8163,Route-D,80.76,2026-01-17 22:37:30,13.047039,80.270597
V8365,Route-A,74.47,2026-01-19 19:30:30,17.422509,78.46647
V9656,Route-D,62.6,2026-01-19 14:53:30,28.698108,77.121874
V6932,Route-D,75.33,2026-01-19 13:20:30,19.029343,72.844307
V6526,Route-C,37.02,2026-01-22 15:20:30,28.715292,77.141061
V1804,Route-B,113.37,2026-01-17 11:22:30,17.388885,78.489822
V6957,Route-C,51.25,2026-01-19 07:40:30,19.051905,72.890696
V2292,Route-D,40.16,2026-01-18 18:45:30,19.101034,72.84048
V1419,Route-A,48.76,2026-01-22 20:04:30,28.718675,77.096383
V6109,Route-C,41.74,2026-01-21 11:04:30,28.695538,77.144616
V6368,Route-D,66.64,2026-01-22 02:39:30,28.750585,77.086229
V3774,Route-C,85.12,2026-01-18 11:45:30,19.072483,72.84948
V1263,Route-C,68.0,2026-01-20 06:20:30,13.114235,80.269493
V9709,Route-E,117.25,2026-01-20 06:18:30,19.092622,72.827728
V6374,Route-B,86.42,2026-01-21 12:45:30,28.739375,77.057706
V4157,Route-A,100.27,2026-01-16 22:28:30,28.672659,77.084535
V4194,Route-D,31.14,2026-01-20 03:35:30,19.036954,72.862551
V8380,Route-C,71.54,2026-01-20 17:42:30,28.658203,77.091868
V4882,Route-A,65.32,2026-01-16 12:00:30,17.406302,78.444932
V1031,Route-B,58.97,2026-01-17 21:49:30,28.654756,77.110963
V1420,Route-E,24.04,2026-01-22 10:28:30,19.078564,72.901691
V7409,Route-D,48.37,2026-01-22 01:12:30,28.658518,77.128772
V6723,Route-B,42.38,2026-01-17 19:41:30,19.048907,72.872977
V4425,Route-E,39.23,2026-01-20 17:55:30,13.060226,80.223982
V6440,Route-A,63.01,2026-01-22 14:07:30,17.347508,78.525027
V3746,Route-C,48.38,2026-01-17 00:20:30,19.08448,72.901844
V9180,Route-D,36.85,2026-01-23 04:43:30,19.121304,72.915404
V4847,Route-B,31.51,2026-01-16 09:47:30,19.061315,72.828704
V5353,Route-D,77.78,2026-01-20 14:03:30,13.095321,80.230716
V8662,Route-D,110.25,2026-01-17 11:23:30,12.988129,77.622937
V3069,Route-E,44.05,2026-01-16 20:17:30,13.033369,80.263261
V6722,Route-A,112.71,2026-01-19 18:56:30,13.088033,80.255851
V6291,Route-D,25.34,2026-01-20 15:32:30,12.963443,77.618083
V9310,Route-C,33.81,2026-01-19 18:56:30,19.082034,72.884752
V3250,Route-B,105.51,2026-01-17 06:38:30,28.719938,77.112402
V5269,Route-A,73.78,2026-01-17 02:59:30,12.930513,77.587202
V1679,Route-C,67.23,2026-01-18 07:19:30,28.674634,77.110227
V4217,Route-E,48.97,2026-01-23 00:52:30,13.11362,80.226929
V1473,Route-A,108.07,2026-01-16 10:44:30,13.019027,77.55148
V6052,Route-E,65.39,2026-01-19 21:26:30,28.679903,77.088572
V8574,Route-C,78.54,2026-01-20 05:02:30,12.986445,77.60699
V1809,Route-B,75.93,2026-01-22 05:51:30,19.08404,72.828351
V4632,Route-A,75.52,2026-01-17 08:22:30,13.075871,80.252701
V6920,Route-D,24.14,2026-01-18 06:24:30,19.109506,72.903461
V7745,Route-D,85.77,2026-01-20 04:01:30,19.041763,72.837936
V5422,Route-E,58.75,2026-01-16 15:47:30,12.969764,77.629614
V3979,Route-D,92.25,2026-01-22 16:14:30,19.08426,72.926306
V3135,Route-D,21.64,2026-01-18 20:50:30,28.711928,77.089522
V8192,Route-B,90.31,2026-01-23 01:02:30,13.061083,80.288962
V6369,Route-E,71.48,2026-01-20 17:25:30,28.744396,77.09061
V6747,Route-E,68.99,2026-01-20 04:33:30,17.405835,78.530035
V6958,Route-D,22.02,2026-01-20 23:57:30,13.004898,77.602644
V4001,Route-D,116.72,2026-01-20 01:42:30,19.08729,72.878591
V1184,Route-B,30.31,2026-01-18 05:05:30,17.366085,78.482228
V8115,Route-C,87.82,2026-01-22 02:47:30,17.428789,78.495788
V3335,Route-B,118.33,2026-01-19 13:56:30,13.077224,80.299187
V3961,Route-D,79.73,2026-01-23 03:21:30,17.422104,78.468545
V4546,Route-A,91.3,2026-01-21 22:05:30,28.736777,77.132098
V6123,Route-C,67.04,2026-01-19 22:48:30,12.973138,77.564018
V8560,Route-E,89.91,2026-01-22 07:09:30,13.036416,80.307995
V5530,Route-D,90.84,2026-01-16 09:45:30,13.044036,80.300583
V4568,Route-A,93.03,2026-01-17 10:54:30,17.349373,78.45294
V4205,Route-B,94.0,2026-01-22 04:19:30,19.085327,72.922249
V2482,Route-C,44.02,2026-01-23 01:56:30,12.998908,77.625029
V1115,Route-E,43.39,2026-01-20 19:20:30,13.095579,80.282416
V1594,Route-C,92.33,2026-01-17 06:18:30,12.932415,77.638237
V1222,Route-D,87.11,2026-01-22 07:39:30,12.945331,77.630217
V7422,Route-B,110.36,2026-01-20 08:10:30,28.684169,77.054027
V5230,Route-A,104.73,2026-01-18 21:26:30,19.123799,72.832293
V1376,Route-B,51.61,2026-01-22 02:20:30,12.939761,77.638906
V8895,Route-A,47.71,2026-01-18 19:20:30,13.108166,80.294958
V7208,Route-D,70.35,2026-01-17 08:57:30,19.09049,72.920048
V5469,Route-D,45.13,2026-01-19 22:55:30,17.343221,78.475886
V4845,Route-A,41.71,2026-01-19 13:33:30,28.665635,77.113348
V2363,Route-C,112.12,2026-01-19 09:51:30,28.66368,77.059771
V4186,Route-A,75.74,2026-01-23 01:56:30,13.1186,80.316599
V7820,Route-D,73.23,2026-01-16 09:03:30,13.065724,80.305944
V4145,Route-D,25.58,2026-01-22 02:22:30,13.120452,80.239155
V7620,Route-B,24.93,2026-01-21 10:53:30,13.040046,80.288291
V9034,Route-B,32.79,2026-01-18 23:59:30,17.346202,78.448125
V6635,Route-A,104.15,2026-01-16 10:32:30,17.335472,78.500649
V1882,Route-A,111.28,2026-01-20 20:22:30,28.69621,77.069261
V9562,Route-A,115.87,2026-01-23 03:35:30,19.120879,72.900673
V6947,Route-C,94.79,2026-01-22 03:18:30,17.420056,78.440115
V8903,Route-E,91.95,2026-01-19 15:00:30,28.663026,77.147067
V1044,Route-E,85.03,2026-01-19 13:46:30,19.065342,72.851537
V9205,Route-A,104.02,2026-01-19 17:29:30,12.983485,77.632957
V2037,Route-E,79.11,2026-01-22 20:19:30,17.428495,78.48524
V2402,Route-D,20.09,2026-01-19 23:08:30,17.431292,78.527229
V1857,Route-B,105.99,2026-01-20 16:18:30,28.670891,77.090084
V8470,Route-C,31.89,2026-01-19 20:34:30,17.363899,78.510749
V1981,Route-B,99.15,2026-01-22 08:25:30,17.421817,78.527093
V2349,Route-D,20.11,2026-01-18 21:38:30,17.381937,78.515019
V8447,Route-B,67.78,2026-01-16 21:27:30,19.066212,72.838599
V6134,Route-D,118.5,2026-01-21 08:53:30,17.385996,78.470987
V4823,Route-E,48.95,2026-01-22 22:29:30,12.979736,77.610982
V9503,Route-E,31.88,2026-01-19 01:35:30,12.970232,77.552538
V8580,Route-C,111.45,2026-01-23 04:43:30,28.678401,77.117989
V3058,Route-C,97.13,2026-01-22 16:02:30,28.719154,77.118095
V5648,Route-B,72.27,2026-01-17 13:06:30,17.428761,78.505937
V3595,Route-C,52.94,2026-01-22 12:46:30,12.931692,77.632142
V7797,Route-C,65.63,2026-01-22 06:51:30,12.935374,77.570145
V7715,Route-E,109.5,2026-01-18 06:24:30,28.715469,77.073725
V6154,Route-C,107.3,2026-01-21 16:13:30,13.114298,80.230182
V5194,Route-B,98.28,2026-01-17 18:08:30,17.403766,78.501749
V1965,Route-B,109.22,2026-01-20 21:58:30,12.971477,77.628164
V5681,Route-B,112.24,2026-01-22 03:16:30,12.957579,77.603953
V9908,Route-A,95.25,2026-01-21 21:37:30,13.131149,80.248941
V2492,Route-C,62.54,2026-01-19 09:13:30,19.045834,72.862663
V9960,Route-B,29.09,2026-01-20 15:52:30,13.099994,80.230592
V1604,Route-B,104.75,2026-01-21 07:02:30,13.106228,80.273769
V3096,Route-D,98.69,2026-01-22 11:26:30,19.108735,72.834512
V1478,Route-A,54.32,2026-01-22 01:48:30,17.407554,78.462829
V3781,Route-D,66.79,2026-01-16 17:50:30,17.377454,78.511826
V7686,Route-C,84.29,2026-01-21 15:09:30,19.119942,72.841901
V6161,Route-D,58.28,2026-01-19 05:14:30,12.927045,77.601807
V9133,Route-D,40.77,2026-01-18 14:04:30,19.097594,72.868979
V9630,Route-D,62.55,2026-01-21 22:38:30,17.408852,78.498658
V7516,Route-A,101.15,2026-01-17 05:51:30,12.980987,77.544645
V8150,Route-C,68.5,2026-01-17 13:00:30,28.66396,77.055011
V2683,Route-C,63.19,2026-01-17 15:33:30,19.062649,72.861274
V1116,Route-D,59.32,2026-01-22 06:49:30,28.685823,77.098573
V7390,Route-B,25.39,2026-01-18 18:07:30,28.671304,77.150643
V6255,Route-E,83.63,2026-01-20 06:34:30,17.357181,78.50589
V9091,Route-A,99.2,2026-01-21 13:57:30,19.110783,72.892638
V2745,Route-D,39.57,2026-01-20 15:38:30,19.080456,72.870249
V8317,Route-C,39.22,2026-01-20 18:07:30,17.377834,78.460203
V3748,Route-D,79.67,2026-01-19 02:16:30,17.347947,78.506292
V9448,Route-A,103.86,2026-01-19 21:25:30,28.69474,77.15029
V1093,Route-A,47.3,2026-01-21 09:39:30,17.39452,78.515519
V8029,Route-D,82.05,2026-01-16 14:58:30,13.008171,77.56884
V4271,Route-C,32.14,2026-01-16 07:31:30,13.061947,80.28558
V9541,Route-B,82.25,2026-01-18 12:45:30,13.053078,80.30155
V7126,Route-D,78.95,2026-01-19 18:45:30,12.988426,77.581084
V2949,Route-C,46.23,2026-01-21 13:40:30,19.080339,72.921384
V9008,Route-B,100.77,2026-01-18 23:22:30,17.344431,78.467831
V5238,Route-A,98.93,2026-01-19 04:41:30,13.080608,80.221107
V6731,Route-E,88.75,2026-01-22 23:34:30,17.359182,78.534557
V8884,Route-E,91.81,2026-01-22 03:30:30,12.953577,77.557503
V3700,Route-B,64.46,2026-01-16 17:32:30,12.994741,77.589568
V1777,Route-A,87.9,2026-01-21 23:40:30,19.071395,72.854127
V5966,Route-B,86.04,2026-01-22 01:31:30,19.057872,72.867885
V9385,Route-D,30.5,2026-01-17 13:12:30,13.066063,80.243887
V2280,Route-D,37.1,2026-01-21 15:52:30,28.658544,77.142811
V3428,Route-B,96.55,2026-01-21 18:49:30,28.744974,77.095837
V7023,Route-D,41.45,2026-01-16 18:14:30,19.046911,72.833567
V1176,Route-A,75.19,2026-01-21 12:06:30,19.100343,72.908479
V7141,Route-B,38.65,2026-01-18 19:43:30,28.657597,77.079802
V3325,Route-C,47.25,2026-01-18 12:47:30,13.117146,80.282852
V5885,Route-D,81.98,2026-01-21 00:20:30,12.997756,77.62859
V1893,Route-E,30.89,2026-01-17 16:02:30,19.10491,72.851688
V2942,Route-C,73.03,2026-01-17 09:03:30,17.419056,78.51987
V9203,Route-C,40.38,2026-01-20 12:43:30,17.420854,78.507837
V4954,Route-A,86.0,2026-01-20 17:03:30,17.341538,78.447115
V8329,Route-E,53.5,2026-01-22 15:30:30,13.093201,80.234218
V2058,Route-B,102.25,2026-01-21 13:20:30,28.732882,77.084285
V9632,Route-A,27.23,2026-01-17 15:55:30,19.036095,72.855279
V1925,Route-C,70.19,2026-01-22 16:35:30,12.930718,77.561567
V5490,Route-E,99.4,2026-01-21 14:29:30,12.988303,77.592308
V1513,Route-D,45.61,2026-01-17 22:01:30,17.396862,78.472533
V6761,Route-D,43.41,2026-01-20 07:49:30,13.130771,80.254942
V1793,Route-E,63.14,2026-01-16 15:28:30,17.347874,78.521851
V3286,Route-E,95.21,2026-01-19 23:36:30,12.95005,77.599932
V7495,Route-B,74.57,2026-01-20 05:04:30,28.697188,77.139338
V3580,Route-C,70.43,2026-01-20 19:56:30,13.065695,80.279605
V9817,Route-A,53.42,2026-01-19 04:59:30,19.069435,72.90994
V5020,Route-D,41.1,2026-01-20 09:07:30,13.017556,77.634562
V1199,Route-E,39.09,2026-01-17 22:34:30,28.689151,77.113437
V1845,Route-A,114.91,2026-01-18 01:26:30,19.029639,72.86928
V3323,Route-C,49.63,2026-01-17 04:49:30,13.006656,77.580646
V4305,Route-E,37.35,2026-01-19 19:39:30,19.119956,72.873776
V7412,Route-D,45.15,2026-01-20 10:05:30,12.982032,77.630386
V9328,Route-B,52.49,2026-01-17 06:08:30,17.428627,78.459271
V4142,Route-C,109.78,2026-01-22 17:15:30,12.975785,77.608467
V8372,Route-A,85.62,2026-01-20 21:53:30,17.418897,78.489441
V5277,Route-E,101.41,2026-01-18 02:56:30,28.691079,77.060749
V7321,Route-E,99.5,2026-01-19 22:43:30,13.101272,80.320273
V2580,Route-E,75.39,2026-01-17 22:18:30,17.418318,78.449812
V7656,Route-E,55.08,2026-01-21 19:49:30,19.105674,72.906524
V8536,Route-B,63.9,2026-01-18 08:04:30,13.016135,77.586492
V9373,Route-C,24.67,2026-01-21 06:49:30,19.066463,72.921986
V9191,Route-E,90.6,2026-01-20 00:09:30,19.124696,72.876552
V6068,Route-C,87.24,2026-01-21 03:32:30,19.123795,72.865607
V8260,Route-E,107.87,2026-01-17 07:37:30,13.072641,80.24737
V7091,Route-B,106.55,2026-01-20 14:06:30,17.384966,78.475252
V7496,Route-B,41.36,2026-01-16 18:24:30,13.09571,80.242235
V3337,Route-E,57.38,2026-01-19 12:10:30,13.058683,80.288454
V3653,Route-E,28.5,2026-01-16 08:08:30,19.108201,72.892417
V9542,Route-D,101.4,2026-01-22 22:34:30,13.043875,80.294696
V5666,Route-D,36.71,2026-01-17 05:34:30,28.682062,77.072843
V8970,Route-E,24.27,2026-01-18 22:15:30,13.079017,80.305576
V5545,Route-C,92.37,2026-01-20 02:42:30,12.986894,77.545161
V9734,Route-A,69.04,2026-01-18 04:36:30,19.123663,72.892503
V4857,Route-A,58.55,2026-01-21 15:16:30,28.744258,77.143991
V2217,Route-D,114.43,2026-01-20 00:46:30,12.963778,77.643392
V7259,Route-C,81.22,2026-01-17 21:37:30,28.70909,77.087626
V8425,Route-E,24.21,2026-01-18 13:04:30,28.713326,77.120248
V4217,Route-C,60.74,2026-01-17 15:49:30,19.065651,72.862268
V6878,Route-E,98.78,2026-01-20 18:13:30,12.952505,77.631243
V7030,Route-A,52.78,2026-01-17 05:14:30,17.367205,78.498188
V6419,Route-E,42.32,2026-01-22 23:22:30,12.998563,77.55825
V3694,Route-E,66.32,2026-01-18 18:31:30,17.37265,78.526918
V2186,Route-A,80.53,2026-01-20 23:32:30,19.085949,72.860782
V3139,Route-E,80.2,2026-01-22 17:44:30,12.997246,77.598426
V4597,Route-A,117.66,2026-01-16 10:49:30,13.065008,80.301436
V8880,Route-A,47.58,2026-01-22 08:54:30,19.041862,72.899478
V2211,Route-E,41.54,2026-01-16 11:50:30,28.690577,77.099012
V5364,Route-D,43.48,2026-01-21 08:58:30,17.37524,78.449083
V1080,Route-E,24.06,2026-01-22 15:40:30,13.072069,80.278252
V5172,Route-C,94.13,2026-01-19 09:26:30,28.704421,77.058931
V6714,Route-D,88.25,2026-01-18 19:13:30,13.078622,80.287845
V6518,Route-E,57.75,2026-01-16 23:00:30,19.104811,72.844331
V1649,Route-E,63.16,2026-01-19 21:51:30,28.680119,77.070101
V9836,Route-E,33.86,2026-01-18 23:36:30,28.672813,77.067918
V1910,Route-C,32.39,2026-01-19 06:09:30,12.927459,77.609205
V7333,Route-A,116.02,2026-01-16 13:59:30,12.927234,77.589324
V7412,Route-E,36.19,2026-01-20 17:26:30,12.93158,77.608248
V4046,Route-B,97.09,2026-01-18 08:03:30,28.716776,77.134383
V6977,Route-D,67.56,2026-01-20 15:01:30,13.11981,80.267528
V2391,Route-A,49.86,2026-01-21 23:56:30,12.969052,77.605678
V1159,Route-E,28.44,2026-01-20 08:25:30,13.015457,77.604892
V3345,Route-B,114.93,2026-01-23 00:23:30,19.062485,72.839694
V1145,Route-A,56.03,2026-01-19 16:50:30,13.093915,80.22637
V4560,Route-E,59.87,2026-01-17 08:48:30,19.036557,72.924289
V5003,Route-B,26.92,2026-01-20 05:07:30,12.980015,77.598635
V2773,Route-E,28.16,2026-01-22 22:11:30,28.713061,77.138484
V8150,Route-E,61.67,2026-01-22 01:13:30,17.35299,78.526516
V5982,Route-E,81.3,2026-01-21 22:55:30,17.391745,78.524186
V8871,Route-A,33.91,2026-01-22 04:30:30,19.107439,72.900847
V2401,Route-E,72.85,2026-01-17 15:58:30,13.064885,80.266864
V8458,Route-C,37.16,2026-01-20 17:02:30,28.679397,77.103181
V4999,Route-E,84.25,2026-01-20 08:06:30,13.037128,80.289586
V9885,Route-E,111.46,2026-01-19 23:32:30,12.937682,77.627686
V1462,Route-C,43.23,2026-01-18 21:48:30,17.393818,78.495908
V1861,Route-D,82.32,2026-01-21 04:24:30,28.662175,77.077271
V7811,Route-A,55.95,2026-01-18 16:44:30,19.102518,72.901148
V8799,Route-E,79.4,2026-01-20 02:12:30,17.337154,78.468766
V8178,Route-A,25.91,2026-01-22 18:29:30,28.708779,77.149688
V8154,Route-A,32.33,2026-01-18 05:31:30,28.713306,77.141924
V8222,Route-E,50.49,2026-01-17 14:38:30,12.928466,77.631302
V5494,Route-D,61.78,2026-01-21 16:15:30,13.13189,80.302577
V8643,Route-D,101.34,2026-01-17 22:54:30,19.078294,72.841558
V3843,Route-E,111.34,2026-01-18 21:07:30,17.345257,78.477068
V4172,Route-C,55.77,2026-01-21 16:25:30,28.728678,77.12976
V8774,Route-A,106.26,2026-01-21 19:09:30,13.039847,80.264723
V1785,Route-E,63.93,2026-01-19 02:52:30,28.727728,77.103122
V5625,Route-C,113.91,2026-01-19 19:31:30,28.661402,77.084753
V6786,Route-E,110.01,2026-01-19 02:31:30,28.751496,77.098332
V6335,Route-C,46.95,2026-01-19 23:17:30,28.712847,77.142186
V2886,Route-B,104.72,2026-01-21 10:05:30,28.656316,77.085564
V5729,Route-C,75.3,2026-01-21 06:20:30,19.063543,72.84283
V4237,Route-B,96.33,2026-01-23 03:22:30,17.408252,78.4566
V3021,Route-A,35.94,2026-01-21 15:44:30,19.051033,72.907836
V3474,Route-C,83.85,2026-01-18 05:55:30,13.074911,80.31796
V5574,Route-E,45.83,2026-01-19 22:31:30,28.654559,77.121494
V9342,Route-E,63.95,2026-01-20 20:08:30,12.97866,77.581173
V7506,Route-A,115.08,2026-01-19 04:14:30,17.34675,78.518196
V5437,Route-E,91.01,2026-01-22 08:47:30,17.342936,78.534452
V7669,Route-B,23.23,2026-01-19 22:34:30,19.105627,72.909813
V4753,Route-C,91.46,2026-01-22 07:34:30,13.05741,80.274104
V3023,Route-B,39.09,2026-01-17 08:58:30,12.958715,77.638896
V5797,Route-D,78.83,2026-01-19 17:15:30,13.006059,77.550097
V3185,Route-E,20.86,2026-01-18 13:26:30,19.033374,72.884533
V1898,Route-A,108.4,2026-01-17 20:15:30,19.064665,72.885358
V6153,Route-E,86.6,2026-01-22 08:38:30,17.420762,78.518009
V9192,Route-D,30.47,2026-01-16 13:33:30,13.007053,77.627846
V3764,Route-A,46.49,2026-01-18 15:21:30,17.359556,78.50309
V5731,Route-C,83.86,2026-01-17 17:36:30,19.038749,72.829335
V2435,Route-C,59.0,2026-01-17 16:04:30,19.076861,72.891375
V8697,Route-B,91.92,2026-01-20 10:46:30,17.370035,78.489086
V2746,Route-C,54.74,2026-01-22 19:02:30,17.400571,78.438697
V5709,Route-C,73.4,2026-01-22 03:43:30,28.7472,77.151723
V1321,Route-E,25.16,2026-01-21 16:42:30,13.053521,80.270992
V9681,Route-C,107.66,2026-01-17 14:36:30,13.035742,80.245287
V5715,Route-D,101.66,2026-01-21 19:12:30,28.719038,77.105365
V7351,Route-C,72.7,2026-01-21 20:07:30,17.413411,78.50859
V8334,Route-E,43.39,2026-01-18 01:06:30,17.384417,78.476548
V7448,Route-C,90.19,2026-01-23 00:21:30,12.945144,77.561132
V3349,Route-A,59.08,2026-01-20 22:35:30,17.386275,78.50622
V6538,Route-C,55.42,2026-01-17 13:19:30,28.685539,77.121369
V2600,Route-D,113.78,2026-01-17 10:27:30,19.043266,72.923039
V4537,Route-A,40.33,2026-01-21 14:15:30,13.034379,80.248808
V7643,Route-E,67.35,2026-01-22 20:17:30,28.679887,77.087551
V3261,Route-A,52.5,2026-01-18 00:35:30,19.059728,72.925229
V1318,Route-A,41.88,2026-01-21 14:58:30,28.69998,77.143502
V3231,Route-A,54.83,2026-01-22 19:04:30,28.745432,77.095882
V6961,Route-D,34.41,2026-01-22 17:10:30,19.119382,72.876233
V4497,Route-E,117.3,2026-01-22 13:05:30,13.090778,80.267994
V1607,Route-E,22.92,2026-01-18 18:59:30,19.117501,72.862308
V2332,Route-B,112.41,2026-01-21 18:00:30,13.060608,80.307258
V3584,Route-B,85.75,2026-01-22 02:41:30,17.403684,78.529938
V5767,Route-C,60.69,2026-01-20 05:05:30,19.045585,72.872849
V9105,Route-C,95.64,2026-01-22 03:46:30,19.087863,72.889716
V8865,Route-A,29.88,2026-01-17 06:25:30,12.9545,77.577845
V2020,Route-C,61.51,2026-01-20 03:37:30,13.00275,77.591811
V9495,Route-C,106.38,2026-01-23 02:39:30,19.123662,72.856479
V6205,Route-A,49.19,2026-01-20 16:45:30,13.001447,77.588001
V4952,Route-C,116.65,2026-01-22 02:45:30,28.713854,77.145032
V5476,Route-A,118.69,2026-01-20 22:32:30,28.721487,77.073305
V7318,Route-C,32.42,2026-01-16 10:26:30,17.352031,78.536291
V3265,Route-B,56.24,2026-01-22 04:48:30,17.412801,78.530394
V1548,Route-E,54.35,2026-01-19 00:05:30,28.715391,77.099818
V9883,Route-A,22.52,2026-01-16 22:06:30,19.074539,72.915043
V4862,Route-D,109.11,2026-01-18 08:34:30,19.072419,72.853663
V8413,Route-D,59.93,2026-01-16 08:17:30,28.689103,77.14098
V2462,Route-C,114.67,2026-01-19 05:53:30,12.964876,77.582417
V3660,Route-A,56.54,2026-01-18 19:01:30,19.08206,72.843714
V8241,Route-D,61.58,2026-01-19 14:31:30,19.03042,72.835565
V6232,Route-A,48.69,2026-01-18 18:27:30,17.345842,78.494938
V7478,Route-E,63.44,2026-01-17 05:14:30,19.083719,72.845685
V9467,Route-B,105.44,2026-01-19 00:25:30,17.36626,78.478149
V3575,Route-A,118.07,2026-01-19 11:38:30,13.112522,80.26622
V6075,Route-E,46.33,2026-01-18 22:56:30,19.113484,72.886689
V2512,Route-D,35.42,2026-01-20 14:05:30,19.086692,72.849827
V2846,Route-B,69.16,2026-01-18 08:47:30,19.101469,72.863093
V3296,Route-A,45.79,2026-01-18 08:48:30,12.981309,77.573639
V8119,Route-A,86.2,2026-01-17 08:30:30,13.088361,80.234753
V2795,Route-E,78.74,2026-01-22 00:47:30,17.339535,78.496291
V7273,Route-A,36.85,2026-01-17 23:31:30,19.034591,72.895826
V9390,Route-B,56.5,2026-01-22 21:51:30,19.083335,72.876621
V4434,Route-C,84.22,2026-01-17 11:10:30,13.086686,80.270502
V7729,Route-D,102.6,2026-01-18 02:33:30,19.109766,72.849598
V6860,Route-C,112.34,2026-01-20 06:21:30,12.930135,77.633483
V3690,Route-C,20.12,2026-01-17 03:59:30,28.716827,77.14034
V6629,Route-D,42.38,2026-01-19 08:06:30,12.997187,77.63773
V6723,Route-C,56.89,2026-01-22 08:57:30,13.011418,77.582312
V3094,Route-B,68.94,2026-01-20 11:15:30,19.121299,72.85094
V9015,Route-D,118.35,2026-01-21 05:49:30,12.960215,77.5832
V4235,Route-E,66.33,2026-01-22 08:27:30,13.102492,80.257713
V2045,Route-E,68.99,2026-01-21 13:44:30,12.960868,77.592864
V4825,Route-E,24.73,2026-01-22 09:52:30,19.063118,72.88593
V9187,Route-B,61.04,2026-01-16 12:10:30,13.064445,80.257988
V6002,Route-E,94.48,2026-01-19 15:14:30,28.708159,77.139444
V6839,Route-B,116.08,2026-01-20 14:41:30,13.061026,80.262113
V7030,Route-D,87.46,2026-01-22 20:27:30,28.703161,77.081796
V3416,Route-D,98.65,2026-01-20 01:22:30,28.659501,77.062162
V1104,Route-C,32.64,2026-01-20 05:19:30,28.692969,77.085823
V5198,Route-D,118.89,2026-01-19 18:07:30,13.13178,80.297781
V3892,Route-C,22.61,2026-01-19 06:23:30,28.75201,77.062804
V2731,Route-A,76.0,2026-01-20 12:49:30,12.975999,77.576931
V9735,Route-A,88.57,2026-01-16 11:51:30,19.076745,72.920586
V8242,Route-A,89.9,2026-01-19 17:23:30,13.002952,77.56162
V2583,Route-D,30.79,2026-01-22 09:06:30,17.376107,78.52269
V2660,Route-E,95.57,2026-01-18 16:21:30,28.750513,77.136201
V1096,Route-C,76.7,2026-01-16 06:29:30,19.032338,72.87332
V3773,Route-B,109.82,2026-01-22 18:53:30,13.078554,80.258547
V1964,Route-A,117.07,2026-01-18 05:14:30,19.122024,72.846738
V3325,Route-E,54.72,2026-01-22 05:23:30,17.390218,78.494457
V7383,Route-C,86.57,2026-01-21 00:01:30,13.013994,77.630085
V2198,Route-C,48.37,2026-01-20 22:44:30,12.922458,77.608575
V3785,Route-C,84.02,2026-01-16 16:09:30,17.343831,78.485404
V3860,Route-A,23.89,2026-01-20 20:07:30,12.935646,77.568885
V5391,Route-C,101.76,2026-01-17 13:02:30,19.116245,72.924061
V5621,Route-E,69.21,2026-01-20 06:59:30,12.99223,77.632072
V1077,Route-A,31.18,2026-01-18 20:12:30,28.6881,77.111031
V8524,Route-E,23.55,2026-01-22 20:57:30,28.711621,77.144896
V8927,Route-D,39.44,2026-01-17 15:45:30,19.065813,72.843563
V2173,Route-D,118.55,2026-01-16 20:01:30,28.734606,77.141724
V3375,Route-B,62.1,2026-01-23 03:24:30,12.947897,77.599388
V9821,Route-E,79.99,2026-01-19 23:12:30,13.082996,80.29705
V7752,Route-E,36.51,2026-01-22 10:14:30,17.395701,78.509815
V2616,Route-C,63.85,2026-01-20 16:53:30,28.67151,77.08862
V3346,Route-C,77.88,2026-01-19 06:44:30,13.098467,80.266685
V4878,Route-D,45.56,2026-01-21 12:12:30,12.926014,77.617106
V6395,Route-D,83.72,2026-01-18 07:08:30,13.072603,80.226282
V3807,Route-C,106.35,2026-01-17 18:59:30,13.108605,80.252752
V1093,Route-C,28.92,2026-01-16 23:31:30,28.754016,77.081296
V9682,Route-E,28.8,2026-01-22 20:12:30,13.115365,80.280778
V7774,Route-E,27.63,2026-01-21 19:08:30,13.094715,80.293504
V2356,Route-E,50.91,2026-01-20 12:50:30,12.950188,77.576703
V8436,Route-E,103.21,2026-01-16 23:47:30,12.92215,77.562999
V1679,Route-D,107.34,2026-01-22 03:31:30,13.012342,77.581596
V4520,Route-D,23.49,2026-01-23 00:55:30,13.077353,80.320279
V8329,Route-D,55.11,2026-01-23 03:26:30,12.940899,77.578756
V2125,Route-E,44.07,2026-01-21 22:43:30,19.11703,72.82952
V4807,Route-D,88.95,2026-01-17 22:29:30,19.073284,72.854047
V2676,Route-B,82.99,2026-01-19 09:03:30,28.718352,77.133524
V8145,Route-D,56.99,2026-01-18 21:58:30,12.929169,77.634983
V8846,Route-E,23.36,2026-01-19 20:15:30,13.053623,80.317041
V1947,Route-A,47.5,2026-01-19 03:28:30,13.045613,80.281155
V4772,Route-E,22.8,2026-01-17 00:11:30,19.053427,72.839572
V3465,Route-E,111.94,2026-01-21 20:35:30,19.072286,72.852043
V2191,Route-C,99.76,2026-01-20 09:55:30,12.963179,77.552284
V1653,Route-D,34.68,2026-01-22 15:01:30,17.43232,78.493535
V9536,Route-B,64.92,2026-01-18 19:46:30,19.099579,72.846509
V4911,Route-A,94.25,2026-01-19 23:44:30,13.017476,77.557056
V4639,Route-D,32.95,2026-01-19 21:03:30,12.93757,77.629171
V5394,Route-C,76.27,2026-01-21 12:44:30,12.958644,77.600202
V4222,Route-A,68.82,2026-01-19 09:56:30,28.665827,77.071864
V8320,Route-A,109.3,2026-01-19 10:16:30,28.659751,77.065201
V3666,Route-A,70.13,2026-01-17 22:01:30,28.746091,77.097814
V6300,Route-A,27.38,2026-01-21 22:52:30,12.987495,77.602742
V7071,Route-E,79.83,2026-01-19 04:30:30,13.071445,80.26986
V2152,Route-C,23.88,2026-01-20 23:52:30,12.990604,77.557973
V6104,Route-B,27.95,2026-01-22 22:16:30,13.068417,80.233778
V7998,Route-B,27.1,2026-01-22 23:15:30,19.096155,72.903346
V7312,Route-C,115.82,2026-01-21 10:32:30,19.039178,72.897559
V3025,Route-D,112.45,2026-01-18 01:06:30,12.995123,77.627356
V9890,Route-A,39.85,2026-01-22 08:29:30,13.125296,80.261205
V2171,Route-C,114.79,2026-01-20 05:15:30,19.082623,72.920264
V8969,Route-C,64.41,2026-01-21 05:58:30,28.728905,77.150164
V4999,Route-E,65.69,2026-01-18 15:22:30,17.371827,78.463744
V7884,Route-A,28.29,2026-01-17 06:25:30,19.098858,72.846397
V8918,Route-C,101.65,2026-01-19 20:27:30,12.99912,77.548244
V2913,Route-E,33.24,2026-01-19 15:14:30,28.687915,77.124037
V2274,Route-C,98.54,2026-01-21 22:14:30,28.670681,77.151015
V6383,Route-B,109.7,2026-01-19 04:19:30,12.980693,77.627575
V6475,Route-D,89.25,2026-01-19 12:14:30,17.337371,78.449968
V1043,Route-A,52.18,2026-01-18 18:16:30,19.057488,72.858133
V1567,Route-B,85.5,2026-01-22 10:37:30,12.935756,77.619725
V2084,Route-E,102.3,2026-01-17 22:26:30,28.75145,77.05401
V8795,Route-E,36.31,2026-01-22 08:54:30,28.695303,77.141565
V4294,Route-B,62.51,2026-01-18 03:16:30,13.077562,80.262721
V5687,Route-B,29.72,2026-01-21 18:23:30,13.119743,80.302171
V4088,Route-B,63.94,2026-01-16 20:52:30,28.683665,77.054532
V5134,Route-B,114.71,2026-01-20 17:42:30,19.088254,72.893359
V7844,Route-B,53.47,2026-01-18 04:15:30,28.655119,77.073056
V4954,Route-A,51.64,2026-01-18 02:30:30,13.01643,77.613908
V7724,Route-A,50.55,2026-01-16 20:45:30,17.407391,78.527554
V2621,Route-D,61.38,2026-01-17 00:36:30,12.987352,77.615802
V6273,Route-B,41.57,2026-01-16 12:45:30,13.011115,77.635974
V1805,Route-B,30.77,2026-01-19 06:52:30,19.03641,72.891109
V3285,Route-B,25.09,2026-01-18 01:11:30,13.054135,80.28345
V3866,Route-A,21.65,2026-01-20 07:44:30,13.074485,80.2396
V3043,Route-A,81.54,2026-01-16 14:48:30,19.066023,72.912087
V1777,Route-B,98.37,2026-01-16 16:08:30,12.937141,77.643833
V3768,Route-D,88.65,2026-01-18 19:43:30,13.105426,80.275471
V2048,Route-D,97.8,2026-01-19 04:12:30,13.046051,80.235701
V9848,Route-E,20.31,2026-01-19 23:53:30,17.353373,78.527055
V1977,Route-C,109.89,2026-01-18 04:11:30,13.050621,80.266056
V5297,Route-D,78.55,2026-01-18 03:09:30,19.042468,72.873369
V1190,Route-B,104.23,2026-01-16 15:40:30,19.05181,72.871026
V7067,Route-E,75.68,2026-01-16 11:51:30,19.037401,72.859562
V8829,Route-C,48.69,2026-01-18 03:08:30,17.370337,78.4433
V7753,Route-C,90.93,2026-01-19 21:47:30,17.337098,78.469298
V3387,Route-C,38.86,2026-01-16 14:59:30,12.956708,77.597791
V4146,Route-E,38.7,2026-01-17 12:11:30,13.111337,80.311905
V6554,Route-E,79.29,2026-01-16 20:59:30,13.122356,80.253155
V4175,Route-C,90.6,2026-01-21 18:09:30,28.718412,77.069519
V7847,Route-A,83.26,2026-01-23 03:51:30,13.089245,80.240881
V5470,Route-D,50.06,2026-01-21 03:54:30,28.738134,77.069878
V1465,Route-C,88.4,2026-01-22 12:46:30,13.000448,77.601461
V2303,Route-E,52.35,2026-01-17 12:30:30,17.399492,78.498932
V2324,Route-B,56.07,2026-01-19 12:58:30,17.43103,78.442831
V8440,Route-B,67.05,2026-01-21 14:23:30,28.735514,77.129198
V9418,Route-A,108.19,2026-01-21 05:17:30,12.963428,77.62588
V2862,Route-A,56.87,2026-01-22 21:05:30,17.357117,78.43673
V9677,Route-B,55.78,2026-01-19 15:11:30,12.984775,77.552964
V7905,Route-E,112.66,2026-01-21 23:15:30,28.670238,77.147291
V6511,Route-D,101.3,2026-01-22 06:37:30,13.061987,80.281421
V2464,Route-C,116.32,2026-01-21 22:43:30,12.935824,77.544713
V3765,Route-D,71.04,2026-01-16 10:50:30,19.121679,72.853611
V3258,Route-D,119.06,2026-01-23 00:56:30,19.062059,72.830779
V6708,Route-E,64.99,2026-01-18 02:45:30,17.405113,78.497635
V9334,Route-D,117.8,2026-01-21 12:40:30,12.954294,77.570711
V4162,Route-B,83.08,2026-01-18 22:05:30,17.412798,78.526976
V8258,Route-E,101.22,2026-01-18 19:37:30,13.097788,80.299253
V4146,Route-D,32.71,2026-01-16 15:37:30,28.734052,77.136162
V5596,Route-D,57.81,2026-01-17 13:20:30,13.102981,80.25164
V7231,Route-A,21.12,2026-01-17 23:49:30,28.699229,77.079016
V9604,Route-B,115.19,2026-01-18 17:12:30,28.674818,77.145499
V1409,Route-B,38.68,2026-01-16 17:12:30,19.083487,72.851867
V1004,Route-A,91.36,2026-01-17 21:10:30,12.978532,77.548418
V5896,Route-B,111.2,2026-01-22 16:07:30,13.012241,77.621242
V2975,Route-C,73.54,2026-01-21 17:15:30,13.082141,80.252542
V5569,Route-A,59.5,2026-01-21 16:34:30,19.078634,72.887911
V9566,Route-E,112.73,2026-01-19 19:33:30,28.703202,77.069107
V6727,Route-A,34.07,2026-01-21 02:10:30,19.078986,72.925323
V3445,Route-E,114.07,2026-01-19 14:29:30,19.074698,72.895413
V1481,Route-C,61.65,2026-01-18 11:39:30,13.125678,80.294671
V8660,Route-A,70.45,2026-01-18 01:26:30,19.089043,72.903936
V9070,Route-C,32.73,2026-01-21 13:06:30,12.934355,77.581749
V6605,Route-E,32.66,2026-01-20 16:54:30,13.062713,80.304758
V6383,Route-E,89.48,2026-01-16 09:06:30,28.68572,77.105261
V5446,Route-A,40.83,2026-01-19 13:21:30,12.972863,77.599369
V4874,Route-B,86.95,2026-01-21 15:56:30,19.033025,72.844625
V7254,Route-B,62.96,2026-01-21 13:47:30,13.096456,80.283924
V1157,Route-D,26.29,2026-01-16 12:08:30,12.984231,77.633656
V6180,Route-B,73.05,2026-01-18 09:55:30,28.739136,77.065706
V4106,Route-C,55.67,2026-01-22 22:51:30,28.73637,77.104701
V7380,Route-A,42.07,2026-01-20 20:44:30,28.724243,77.121289
V9249,Route-C,91.37,2026-01-21 10:59:30,17.416887,78.489877
V6896,Route-A,118.33,2026-01-19 17:13:30,13.00104,77.638934
V5061,Route-A,41.59,2026-01-19 19:52:30,12.924679,77.584357
V5942,Route-E,88.25,2026-01-19 04:29:30,28.70401,77.113814
V2848,Route-D,47.16,2026-01-22 15:47:30,12.950138,77.625619
V8973,Route-B,108.75,2026-01-22 11:28:30,28.69306,77.056363
V3694,Route-A,111.58,2026-01-21 16:20:30,19.036983,72.885623
V2711,Route-C,29.81,2026-01-19 12:59:30,19.049813,72.920757
V5208,Route-E,30.15,2026-01-18 20:09:30,13.047764,80.298292
V2403,Route-E,23.53,2026-01-19 09:48:30,19.089474,72.861973
V3040,Route-C,37.1,2026-01-21 11:05:30,19.074092,72.830249
V1636,Route-E,30.52,2026-01-22 01:24:30,12.986063,77.579559
V5623,Route-D,22.97,2026-01-16 08:02:30,13.113709,80.24737
V5927,Route-D,35.71,2026-01-20 07:35:30,13.0649,80.27927
V1387,Route-B,60.46,2026-01-22 07:47:30,19.049946,72.858443
V1927,Route-B,98.91,2026-01-20 14:40:30,19.039217,72.871797
V3339,Route-E,23.46,2026-01-17 21:37:30,19.026926,72.883311
V2742,Route-A,108.16,2026-01-20 06:21:30,28.739192,77.06645
V3201,Route-E,101.61,2026-01-20 08:35:30,13.094474,80.291749
V8267,Route-B,106.36,2026-01-16 08:02:30,13.051908,80.306026
V6626,Route-A,38.49,2026-01-18 21:32:30,19.115428,72.848221
V1250,Route-D,53.77,2026-01-17 05:21:30,17.386117,78.445434
V4148,Route-C,118.31,2026-01-16 22:42:30,19.026513,72.862812
V2414,Route-D,56.85,2026-01-17 15:20:30,19.071891,72.923182
V3803,Route-D,65.02,2026-01-22 18:07:30,13.039406,80.222945
V4507,Route-A,81.43,2026-01-17 16:10:30,17.364309,78.475187
V1521,Route-E,47.15,2026-01-18 14:45:30,17.414759,78.532756
V6121,Route-B,30.04,2026-01-21 21:49:30,19.11098,72.856206
V6302,Route-C,33.78,2026-01-20 16:23:30,28.683297,77.066943
V8746,Route-A,61.82,2026-01-21 08:43:30,13.034727,80.263369
V8765,Route-A,112.02,2026-01-19 09:56:30,12.964959,77.626893
V7094,Route-A,85.04,2026-01-17 08:49:30,13.127311,80.277445
V4538,Route-A,72.22,2026-01-19 12:55:30,28.713253,77.141378
V5262,Route-D,21.81,2026-01-16 20:34:30,13.035315,80.224431
V5274,Route-C,61.31,2026-01-16 09:06:30,13.067272,80.252529
V3368,Route-A,58.78,2026-01-17 20:24:30,19.110527,72.844291
V9091,Route-E,20.87,2026-01-22 03:54:30,19.076136,72.914751
V4390,Route-E,105.77,2026-01-18 22:31:30,19.092798,72.909221
V9795,Route-D,81.49,2026-01-21 08:46:30,28.714893,77.120184
V5858,Route-C,52.44,2026-01-16 16:51:30,13.094639,80.307455
V5211,Route-C,74.67,2026-01-17 04:36:30,13.08187,80.283081
V7496,Route-E,48.62,2026-01-20 08:29:30,17.340007,78.518142
V9383,Route-C,49.26,2026-01-18 18:03:30,13.07961,80.220831
V4715,Route-E,70.6,2026-01-19 12:11:30,28.74982,77.059109
V2777,Route-D,63.17,2026-01-22 02:13:30,12.93282,77.569523
V3272,Route-D,105.45,2026-01-22 05:48:30,19.100873,72.829147
V6725,Route-E,65.94,2026-01-19 13:22:30,17.41688,78.514152
V4494,Route-D,74.28,2026-01-19 22:48:30,13.097963,80.27595
V9118,Route-A,71.09,2026-01-21 19:45:30,19.109482,72.903393
V6507,Route-C,102.37,2026-01-18 11:54:30,13.105498,80.269597
V9182,Route-D,48.6,2026-01-21 04:15:30,19.07349,72.912287
V3315,Route-E,36.8,2026-01-21 04:13:30,13.045958,80.286809
V9186,Route-D,109.52,2026-01-20 20:46:30,19.0651,72.8456
V8430,Route-A,65.8,2026-01-20 19:47:30,12.964309,77.553138
V3641,Route-B,21.17,2026-01-16 14:53:30,19.046063,72.881286
V4442,Route-A,60.77,2026-01-22 13:51:30,28.708531,77.141505
V3663,Route-A,90.73,2026-01-18 13:25:30,28.734169,77.066589
V8744,Route-D,26.14,2026-01-21 21:03:30,19.09833,72.861247
V9725,Route-E,38.32,2026-01-17 21:58:30,13.001129,77.613588
V2800,Route-A,65.96,2026-01-22 02:47:30,17.387424,78.527455
V8604,Route-C,26.11,2026-01-19 04:13:30,12.972251,77.565736
V5372,Route-B,59.34,2026-01-18 07:44:30,12.980885,77.637312
V9041,Route-E,91.88,2026-01-16 20:24:30,17.33703,78.461839
V5975,Route-E,113.3,2026-01-21 12:25:30,17.366159,78.492806
V7547,Route-E,38.81,2026-01-22 02:26:30,28.707959,77.126412
V8111,Route-D,34.71,2026-01-17 04:59:30,19.079891,72.838798
V9383,Route-A,21.13,2026-01-16 15:33:30,13.105862,80.279716
V3610,Route-B,43.36,2026-01-16 16:00:30,12.94359,77.640435
V8026,Route-D,109.23,2026-01-16 18:15:30,19.119906,72.921317
V6383,Route-E,77.87,2026-01-19 17:45:30,28.706698,77.091646
V1410,Route-D,29.11,2026-01-16 17:43:30,28.749358,77.111182
V1521,Route-D,42.17,2026-01-19 20:06:30,17.339124,78.526261
V8730,Route-E,22.11,2026-01-22 02:47:30,17.36742,78.462103
V6676,Route-D,53.73,2026-01-18 11:09:30,12.958111,77.549316
V7900,Route-B,55.24,2026-01-18 12:13:30,19.033441,72.842039
V1858,Route-A,110.32,2026-01-21 22:05:30,28.675375,77.12515
V5960,Route-C,94.74,2026-01-19 16:54:30,28.740359,77.149196
V9479,Route-D,109.33,2026-01-20 22:15:30,12.989754,77.607999
V2774,Route-B,106.51,2026-01-16 22:43:30,28.65831,77.12396
V3499,Route-A,84.82,2026-01-20 21:21:30,19.123638,72.847697
V9780,Route-A,94.96,2026-01-21 09:16:30,19.089503,72.8822
V3765,Route-D,92.67,2026-01-20 10:12:30,17.409071,78.45192
V4185,Route-E,101.07,2026-01-21 03:42:30,17.352441,78.473731
V9737,Route-C,117.12,2026-01-21 19:45:30,28.705889,77.145298
V4730,Route-A,93.68,2026-01-22 18:58:30,17.360379,78.450062
V9833,Route-E,59.84,2026-01-16 16:27:30,13.120368,80.221699
V5418,Route-C,114.02,2026-01-21 11:10:30,12.971113,77.616328
V6138,Route-C,52.56,2026-01-21 12:06:30,19.082154,72.831608
V4673,Route-B,88.79,2026-01-19 03:06:30,28.753102,77.076999
V6998,Route-D,105.26,2026-01-21 10:06:30,13.069909,80.236548
V5629,Route-E,69.7,2026-01-22 23:22:30,17.376834,78.457082
V1001,Route-D,89.77,2026-01-20 08:34:30,19.101451,72.875699
V3663,Route-B,30.63,2026-01-17 23:02:30,17.428579,78.437141
V4973,Route-D,39.56,2026-01-17 08:10:30,17.424218,78.484175
V3536,Route-B,58.76,2026-01-18 20:06:30,19.087651,72.895733
V4173,Route-C,105.81,2026-01-17 09:04:30,28.712072,77.065667
V5315,Route-D,30.57,2026-01-16 07:04:30,28.711073,77.145263
V1199,Route-B,36.18,2026-01-19 22:33:30,28.671781,77.053004
V2007,Route-E,71.65,2026-01-21 15:34:30,19.05072,72.841194
V2700,Route-C,30.8,2026-01-22 19:39:30,19.029432,72.88195
V9179,Route-D,43.17,2026-01-20 10:53:30,19.099249,72.92365
V8295,Route-D,84.79,2026-01-18 03:39:30,13.122715,80.311897
V6552,Route-E,109.3,2026-01-17 02:35:30,28.679735,77.128486
V1103,Route-C,108.35,2026-01-21 16:08:30,17.43477,78.479132
V6965,Route-E,53.69,2026-01-17 22:45:30,13.115537,80.311434
V4473,Route-E,94.25,2026-01-19 04:29:30,28.697051,77.140935
V1868,Route-C,34.51,2026-01-20 14:48:30,13.077448,80.298683
V7748,Route-C,96.58,2026-01-19 08:52:30,17.382316,78.437666
V9670,Route-B,28.2,2026-01-22 13:43:30,13.046849,80.256058
V2692,Route-A,51.78,2026-01-20 01:23:30,28.735152,77.108793
V2248,Route-B,88.65,2026-01-19 01:21:30,19.069714,72.920441
V1486,Route-E,23.54,2026-01-21 20:29:30,12.948304,77.586067
V4431,Route-E,37.58,2026-01-21 06:11:30,17.338421,78.51392
V6387,Route-E,45.03,2026-01-20 16:18:30,17.416395,78.507241
V8282,Route-C,102.83,2026-01-22 08:58:30,13.073422,80.259681
V1470,Route-D,68.6,2026-01-17 10:56:30,28.725298,77.097534
V5496,Route-A,65.73,2026-01-16 07:11:30,28.685553,77.140284
V4904,Route-B,52.44,2026-01-19 17:24:30,28.729499,77.08281
V7255,Route-B,44.32,2026-01-18 11:30:30,19.049774,72.88255
V2632,Route-C,40.29,2026-01-17 05:47:30,28.734913,77.115621
V8829,Route-D,62.76,2026-01-20 05:06:30,28.699686,77.097204
V4684,Route-D,103.86,2026-01-17 15:15:30,28.681316,77.138226
V2742,Route-B,22.94,2026-01-19 18:06:30,13.112694,80.258721
V2289,Route-A,113.72,2026-01-17 09:58:30,28.678507,77.145769
V5758,Route-D,105.45,2026-01-17 23:09:30,28.70659,77.096638
V7477,Route-C,68.65,2026-01-17 21:36:30,19.07738,72.829581
V8492,Route-C,103.07,2026-01-19 09:53:30,12.944894,77.607985
V1916,Route-E,36.17,2026-01-22 15:28:30,13.048453,80.262164
V4603,Route-A,97.68,2026-01-20 01:02:30,17.400222,78.497812
V7132,Route-E,59.91,2026-01-17 16:57:30,28.657115,77.069075
V7698,Route-A,91.77,2026-01-20 13:03:30,17.396999,78.516688
V5249,Route-D,72.4,2026-01-17 19:49:30,13.042688,80.311874
V9061,Route-E,97.87,2026-01-19 03:38:30,28.681969,77.115137
V3239,Route-B,94.84,2026-01-20 10:01:30,19.060753,72.842774
V6161,Route-D,53.06,2026-01-17 05:57:30,13.02119,77.600223
V4660,Route-E,23.65,2026-01-23 03:23:30,12.934148,77.638548
V5011,Route-E,109.55,2026-01-17 04:32:30,13.040909,80.228825
V5648,Route-B,58.17,2026-01-20 10:58:30,19.117409,72.926398
V2102,Route-A,25.69,2026-01-17 22:54:30,19.056828,72.833669
V2026,Route-E,48.61,2026-01-20 10:37:30,12.940618,77.596714
V7290,Route-A,44.18,2026-01-20 05:20:30,12.95454,77.614277
V2098,Route-E,107.68,2026-01-18 07:33:30,12.923957,77.590687
V5460,Route-D,58.06,2026-01-22 14:15:30,13.085799,80.260733
V6392,Route-D,68.26,2026-01-23 01:13:30,28.686216,77.139143
V7610,Route-D,92.07,2026-01-23 04:11:30,28.668513,77.140057
V6037,Route-E,69.62,2026-01-21 04:24:30,28.688569,77.080186
V3131,Route-A,68.0,2026-01-21 06:21:30,17.410298,78.462222
V6594,Route-E,61.93,2026-01-16 15:02:30,19.109432,72.829047
V7365,Route-B,27.56,2026-01-18 15:32:30,17.352339,78.438355
V1458,Route-A,31.14,2026-01-18 03:59:30,12.95636,77.566726
V5803,Route-A,47.44,2026-01-22 02:34:30,28.690763,77.13333
V5794,Route-A,81.09,2026-01-18 16:18:30,13.098371,80.250222
V3178,Route-C,73.14,2026-01-19 17:54:30,19.088027,72.896138
V9244,Route-A,59.27,2026-01-19 18:50:30,13.102173,80.238814
V5982,Route-C,101.79,2026-01-17 16:20:30,12.955399,77.569849
V8073,Route-C,91.35,2026-01-22 13:53:30,17.397286,78.448444
V3199,Route-A,94.49,2026-01-17 06:50:30,28.65606,77.150606
V8016,Route-C,64.73,2026-01-21 13:05:30,13.058007,80.221616
V8067,Route-D,25.99,2026-01-18 00:46:30,13.052053,80.30753
V8690,Route-D,46.49,2026-01-18 03:12:30,19.037988,72.83481
V5050,Route-C,100.26,2026-01-16 18:36:30,12.933621,77.546447
V8148,Route-A,62.17,2026-01-20 13:04:30,19.067829,72.855004
V8317,Route-C,117.13,2026-01-18 22:15:30,17.397034,78.525902
V7511,Route-C,81.74,2026-01-16 09:19:30,12.983987,77.584974
V6818,Route-D,45.58,2026-01-20 13:59:30,28.696665,77.117089
V9435,Route-E,97.42,2026-01-23 03:11:30,12.994198,77.595264
V8006,Route-B,23.89,2026-01-21 02:04:30,19.063457,72.888666
V7009,Route-C,59.25,2026-01-18 04:04:30,19.053675,72.855594
V1746,Route-B,95.95,2026-01-20 05:44:30,13.073877,80.247447
V9688,Route-C,83.14,2026-01-18 00:13:30,28.664416,77.070599
V8443,Route-B,83.26,2026-01-16 20:42:30,13.041667,80.256621
V3637,Route-D,47.84,2026-01-20 01:00:30,13.076925,80.299517
V9030,Route-C,91.32,2026-01-17 16:27:30,19.102541,72.845107
V1504,Route-E,60.79,2026-01-18 07:38:30,19.114067,72.837956
V8676,Route-B,109.49,2026-01-22 08:22:30,12.970009,77.564512
V4697,Route-E,24.13,2026-01-22 14:49:30,17.35489,78.51686
V2444,Route-D,37.0,2026-01-21 12:46:30,17.415009,78.52805
V5339,Route-D,43.02,2026-01-17 11:00:30,17.430137,78.46667
V7032,Route-A,50.74,2026-01-22 04:10:30,28.680714,77.076003
V1153,Route-E,111.59,2026-01-18 06:06:30,19.040103,72.838758
V5222,Route-B,38.87,2026-01-18 02:06:30,19.05104,72.904167
V6518,Route-D,110.14,2026-01-19 12:50:30,28.675674,77.107725
V2227,Route-A,82.69,2026-01-21 12:59:30,28.656242,77.141001
V2617,Route-E,97.66,2026-01-19 07:12:30,19.116534,72.88509
V1466,Route-A,44.74,2026-01-21 23:36:30,28.719498,77.081679
V6253,Route-A,78.25,2026-01-17 12:16:30,17.357434,78.479655
V8172,Route-E,68.86,2026-01-18 03:04:30,17.345836,78.529277
V1501,Route-E,90.84,2026-01-19 18:03:30,17.381846,78.493907
V2930,Route-B,89.52,2026-01-21 01:25:30,13.075155,80.308696
V5971,Route-B,90.19,2026-01-16 11:50:30,19.12134,72.83583
V6591,Route-C,89.5,2026-01-22 08:02:30,17.372644,78.464273
V6642,Route-A,83.79,2026-01-17 12:03:30,13.113078,80.290905
V2732,Route-A,32.28,2026-01-16 23:54:30,12.967771,77.556311
V8454,Route-D,100.64,2026-01-17 02:37:30,12.944996,77.610662
V6883,Route-E,30.78,2026-01-23 03:10:30,12.977203,77.622025
V5203,Route-E,63.68,2026-01-16 15:12:30,13.088577,80.268953
V1958,Route-E,57.1,2026-01-21 18:33:30,13.109656,80.269342
V8108,Route-D,79.8,2026-01-22 05:54:30,12.966763,77.581082
V5125,Route-E,94.51,2026-01-16 18:06:30,13.039233,80.264393
V4605,Route-C,61.13,2026-01-17 02:33:30,17.405571,78.480942
V6897,Route-E,90.89,2026-01-16 12:59:30,28.683169,77.13764
V8316,Route-A,71.49,2026-01-18 10:42:30,17.405881,78.456628
V2587,Route-E,116.41,2026-01-16 13:35:30,13.066353,80.318453
V3722,Route-B,24.68,2026-01-18 11:35:30,28.734712,77.102689
V8456,Route-D,78.44,2026-01-19 10:40:30,12.987836,77.59562
V4088,Route-B,74.92,2026-01-16 12:55:30,28.709266,77.118638
V4729,Route-C,39.63,2026-01-17 02:37:30,13.03727,80.280113
V4252,Route-C,31.73,2026-01-16 12:45:30,17.338336,78.507122
V3342,Route-C,91.96,2026-01-20 11:50:30,13.090776,80.310956
V4143,Route-C,87.78,2026-01-16 10:28:30,12.98171,77.613347
V2792,Route-B,93.24,2026-01-20 10:06:30,28.728527,77.133025
V1582,Route-D,117.07,2026-01-17 00:38:30,28.664457,77.09713
V2095,Route-D,100.49,2026-01-20 22:22:30,12.933872,77.582235
V8305,Route-A,101.38,2026-01-19 17:28:30,13.032826,80.243606
V9954,Route-C,44.98,2026-01-22 13:16:30,13.123379,80.320083
V5971,Route-B,53.03,2026-01-18 15:21:30,19.096838,72.920302
V5619,Route-B,82.85,2026-01-21 16:13:30,28.750221,77.077809
V1141,Route-E,102.47,2026-01-22 19:03:30,13.054709,80.230518
V4543,Route-B,119.44,2026-01-16 07:18:30,19.110697,72.905762
V4966,Route-E,53.5,2026-01-22 02:36:30,28.73115,77.071321
V1310,Route-E,68.14,2026-01-17 08:44:30,17.362132,78.532394
V4465,Route-B,41.36,2026-01-22 00:15:30,28.677414,77.111119
V5694,Route-E,28.68,2026-01-16 07:07:30,13.003064,77.631954
V3380,Route-E,54.9,2026-01-21 08:48:30,17.395354,78.453524
V9421,Route-C,101.21,2026-01-19 16:10:30,13.085359,80.315218
V7299,Route-B,68.42,2026-01-22 03:55:30,19.092876,72.870467
V9154,Route-D,94.73,2026-01-16 08:16:30,19.073226,72.896546
V5438,Route-B,76.42,2026-01-20 15:21:30,12.9353,77.583212
V8335,Route-B,109.22,2026-01-21 15:32:30,12.934182,77.594824
V1420,Route-B,44.7,2026-01-17 03:28:30,19.067517,72.898121
V4174,Route-E,106.7,2026-01-21 18:16:30,13.011302,77.555367
V5503,Route-A,96.3,2026-01-21 06:10:30,17.348103,78.454044
V8453,Route-C,99.65,2026-01-22 03:22:30,13.112145,80.274751
V2113,Route-D,102.63,2026-01-19 11:31:30,13.128318,80.304284
V7290,Route-E,97.07,2026-01-21 07:28:30,13.120321,80.245829
V3462,Route-B,75.33,2026-01-16 12:45:30,28.707156,77.137712
V2668,Route-B,66.99,2026-01-21 17:17:30,17.425513,78.515114
V3986,Route-E,68.48,2026-01-22 14:53:30,13.123474,80.279455
V7469,Route-B,33.14,2026-01-22 05:08:30,28.694322,77.061102
V9422,Route-A,31.75,2026-01-19 07:09:30,13.131508,80.316797
V5417,Route-C,110.26,2026-01-18 17:00:30,12.988932,77.6293
V4397,Route-E,109.25,2026-01-18 21:57:30,28.743398,77.121272
V6368,Route-B,27.7,2026-01-21 00:14:30,28.688273,77.087429
V6864,Route-E,55.18,2026-01-19 22:20:30,13.104658,80.308397
V2908,Route-D,82.72,2026-01-18 02:56:30,12.936073,77.640572
V6299,Route-E,51.68,2026-01-17 11:58:30,28.699175,77.054469
V3109,Route-A,89.5,2026-01-17 05:18:30,28.681009,77.083342
V4261,Route-C,65.87,2026-01-23 01:51:30,17.343975,78.503549
V2823,Route-C,77.19,2026-01-22 16:57:30,19.046351,72.891033
V4489,Route-D,87.85,2026-01-16 11:39:30,17.3582,78.533409
V5574,Route-D,76.52,2026-01-17 05:29:30,17.352285,78.449098
V4513,Route-D,100.63,2026-01-19 00:31:30,12.987934,77.563388
V7621,Route-D,33.63,2026-01-22 02:28:30,13.013371,77.634139
V8171,Route-D,60.79,2026-01-19 08:06:30,19.081801,72.918023
V8264,Route-E,79.33,2026-01-20 10:20:30,13.071276,80.281337
V9637,Route-D,80.79,2026-01-16 10:22:30,17.349914,78.505209
V3470,Route-A,36.64,2026-01-19 22:55:30,19.125377,72.905314
V9815,Route-C,63.72,2026-01-22 01:03:30,17.402379,78.44469
V3197,Route-E,100.49,2026-01-21 05:16:30,19.07744,72.918516
V8933,Route-B,69.53,2026-01-22 23:16:30,28.709295,77.07299
V4115,Route-D,24.53,2026-01-21 05:38:30,13.078199,80.220805
V3213,Route-E,95.09,2026-01-22 22:05:30,28.668076,77.078757
V9228,Route-D,105.7,2026-01-18 09:00:30,13.073752,80.256263
V5786,Route-C,92.53,2026-01-22 20:41:30,13.015912,77.574243
V7314,Route-E,43.58,2026-01-17 20:37:30,13.128667,80.300394
V6352,Route-C,34.51,2026-01-20 10:23:30,12.930191,77.626256
V2468,Route-E,93.34,2026-01-18 07:07:30,28.67433,77.088467
V6189,Route-C,117.2,2026-01-19 15:42:30,28.683213,77.144987
V9666,Route-E,107.12,2026-01-21 09:10:30,28.706413,77.13119
V7660,Route-A,52.13,2026-01-20 17:40:30,13.129726,80.265601
V5609,Route-C,115.01,2026-01-21 15:01:30,12.946787,77.560434
V3098,Route-C,97.35,2026-01-23 00:05:30,13.012206,77.591446
V3507,Route-E,99.99,2026-01-19 08:20:30,19.053629,72.875754
V2717,Route-C,48.95,2026-01-18 22:12:30,28.662312,77.119715
V1891,Route-D,82.3,2026-01-17 11:26:30,17.34017,78.446627
V9586,Route-B,101.4,2026-01-17 07:17:30,19.115326,72.892891
V4289,Route-E,58.69,2026-01-20 01:19:30,17.335265,78.479349
V7203,Route-E,67.84,2026-01-18 14:55:30,13.130503,80.312979
V8429,Route-C,65.85,2026-01-20 11:26:30,17.352582,78.516207
V8581,Route-E,41.97,2026-01-22 08:10:30,19.101129,72.858197
V7820,Route-A,58.39,2026-01-21 19:17:30,19.065643,72.841084
V5348,Route-E,65.57,2026-01-19 00:02:30,19.09599,72.914742
V4196,Route-D,98.22,2026-01-19 00:20:30,28.715387,77.072455
V5794,Route-C,72.68,2026-01-17 10:24:30,13.113164,80.235186
V6864,Route-C,26.75,2026-01-22 02:38:30,19.075504,72.847331
V9631,Route-E,34.64,2026-01-17 21:31:30,12.99815,77.58481
V6045,Route-E,74.74,2026-01-21 01:14:30,28.743452,77.054688
V4310,Route-C,56.24,2026-01-16 23:08:30,17.339195,78.441561
V3516,Route-B,73.66,2026-01-22 08:25:30,13.081106,80.31536
V6929,Route-C,57.44,2026-01-21 12:23:30,19.056902,72.892981
V3313,Route-E,50.04,2026-01-21 09:16:30,28.67815,77.097522
V7409,Route-D,82.63,2026-01-17 01:09:30,12.983054,77.640502
V8185,Route-D,73.7,2026-01-20 08:25:30,17.375057,78.49487
V1667,Route-C,57.21,2026-01-22 10:21:30,12.965006,77.629345
V9838,Route-A,49.7,2026-01-21 02:56:30,13.060321,80.291668
V5799,Route-A,61.55,2026-01-17 14:22:30,13.094993,80.269867
V7734,Route-E,89.16,2026-01-16 06:37:30,13.091202,80.302293
V2638,Route-D,77.35,2026-01-23 01:13:30,17.376991,78.485658
V7355,Route-D,45.66,2026-01-20 11:44:30,28.659151,77.134905
V3825,Route-A,107.65,2026-01-16 23:40:30,28.749907,77.124382
V2881,Route-E,35.73,2026-01-20 10:35:30,12.976359,77.621213
V9345,Route-A,54.53,2026-01-22 04:28:30,13.127191,80.266376
V2081,Route-A,86.16,2026-01-17 15:47:30,19.07576,72.892989
V2578,Route-B,110.72,2026-01-18 20:02:30,19.070301,72.912425
V7485,Route-A,50.97,2026-01-22 00:42:30,17.380278,78.503562
V5733,Route-E,54.03,2026-01-21 07:06:30,12.932569,77.602486
V2916,Route-C,50.68,2026-01-21 07:30:30,19.03302,72.927481
V6666,Route-A,26.95,2026-01-17 08:04:30,13.131685,80.230024
V7673,Route-E,52.77,2026-01-21 12:25:30,28.753532,77.138538
V7143,Route-D,68.52,2026-01-21 10:50:30,17.406601,78.498957
V6003,Route-B,57.61,2026-01-18 01:45:30,28.744324,77.111144
V3902,Route-C,83.16,2026-01-19 00:18:30,13.066837,80.319709
V5227,Route-D,86.8,2026-01-18 08:32:30,19.121875,72.875399
V2497,Route-C,112.72,2026-01-17 22:38:30,19.030588,72.913888
V1328,Route-D,94.09,2026-01-19 09:32:30,13.03673,80.277457
V5515,Route-D,119.35,2026-01-22 21:14:30,28.685697,77.139147
V5796,Route-C,80.8,2026-01-20 07:08:30,13.114374,80.230853
V9518,Route-A,91.48,2026-01-18 07:03:30,28.663677,77.096553
V1553,Route-A,110.09,2026-01-21 11:17:30,13.087689,80.287875
V7150,Route-D,75.75,2026-01-22 19:40:30,28.690924,77.091966
V3321,Route-E,56.26,2026-01-21 03:52:30,13.110066,80.251465
V3727,Route-A,53.23,2026-01-22 14:57:30,12.975817,77.609663
V2251,Route-B,38.67,2026-01-23 01:52:30,13.009583,77.6109
V7214,Route-C,63.03,2026-01-16 14:58:30,19.072881,72.879092
V7954,Route-E,74.12,2026-01-21 08:22:30,12.957961,77.618416
V3265,Route-B,38.71,2026-01-19 14:47:30,12.925724,77.616914
V5104,Route-B,71.41,2026-01-20 00:27:30,12.965458,77.604761
V3765,Route-D,65.27,2026-01-21 04:23:30,19.105438,72.905557
V3594,Route-C,96.7,2026-01-18 00:49:30,13.132071,80.229765
V2617,Route-E,35.84,2026-01-19 16:57:30,19.037646,72.898408
V5950,Route-E,33.13,2026-01-19 22:04:30,17.351575,78.51656
V4242,Route-D,76.7,2026-01-21 18:13:30,28.702812,77.097186
V5803,Route-B,110.94,2026-01-17 04:49:30,28.731368,77.081744
V8126,Route-D,66.94,2026-01-18 08:25:30,17.372117,78.460054
V8346,Route-D,83.59,2026-01-20 06:04:30,12.925246,77.620291
V9540,Route-A,91.61,2026-01-17 19:56:30,28.673189,77.136715
V6835,Route-B,40.79,2026-01-17 17:20:30,17.372849,78.445104
V2938,Route-E,36.08,2026-01-16 20:35:30,12.94968,77.569275
V2163,Route-E,108.03,2026-01-18 02:14:30,19.099039,72.843797
V8279,Route-A,24.77,2026-01-21 13:07:30,12.995436,77.627043
V8291,Route-E,76.28,2026-01-21 15:25:30,17.424282,78.489624
V8985,Route-A,92.97,2026-01-17 02:18:30,19.050466,72.866273
V3257,Route-A,21.98,2026-01-21 02:57:30,19.031827,72.853798
V5606,Route-D,39.43,2026-01-21 04:28:30,12.967059,77.626714
V4164,Route-B,23.94,2026-01-19 22:54:30,13.095185,80.276574
V9075,Route-A,100.74,2026-01-19 14:20:30,13.088679,80.238295
V8676,Route-C,76.09,2026-01-20 23:09:30,28.719769,77.055926
V4181,Route-B,75.32,2026-01-20 22:20:30,19.053014,72.910241
V4662,Route-B,91.1,2026-01-18 03:37:30,13.088763,80.240014
V6041,Route-B,106.29,2026-01-22 21:40:30,28.730809,77.089396
V1041,Route-A,73.91,2026-01-16 16:17:30,17.396069,78.472904
V5308,Route-A,106.31,2026-01-23 04:51:30,12.975913,77.605489
V5915,Route-E,114.31,2026-01-20 19:43:30,28.674989,77.057533
V6261,Route-D,63.56,2026-01-20 04:31:30,17.386439,78.457516
V4572,Route-C,58.47,2026-01-19 13:10:30,28.695686,77.062084
V8638,Route-B,92.12,2026-01-21 08:03:30,13.094812,80.278641
V5370,Route-A,79.75,2026-01-21 07:30:30,17.340678,78.443547
V7538,Route-E,105.6,2026-01-20 00:28:30,12.925066,77.557648
V9211,Route-D,57.4,2026-01-22 22:47:30,13.132599,80.316948
V2493,Route-C,23.31,2026-01-18 22:11:30,28.693268,77.145044
V3546,Route-B,81.07,2026-01-18 10:36:30,13.054895,80.296495
V1937,Route-A,58.45,2026-01-17 01:40:30,28.664195,77.10296
V3931,Route-B,101.98,2026-01-18 18:54:30,19.054411,72.829901
V4952,Route-A,110.64,2026-01-19 23:02:30,17.431737,78.444903
V2073,Route-B,95.73,2026-01-21 08:16:30,12.952485,77.613804
V1541,Route-D,99.29,2026-01-22 11:51:30,17.352246,78.534526
V3524,Route-B,44.37,2026-01-17 23:22:30,12.956541,77.55288
V8363,Route-D,65.95,2026-01-16 09:59:30,13.034637,80.307951
V9636,Route-D,33.45,2026-01-21 10:28:30,17.361629,78.442107
V9184,Route-E,116.85,2026-01-19 18:05:30,12.964069,77.636055
V6816,Route-A,69.68,2026-01-22 09:55:30,17.380153,78.467309
V6855,Route-E,47.14,2026-01-22 15:48:30,12.964536,77.573469
V3471,Route-E,108.89,2026-01-16 07:36:30,17.429924,78.494365
V6931,Route-E,86.57,2026-01-19 21:42:30,19.111216,72.862336
V6642,Route-A,96.58,2026-01-20 12:50:30,17.407406,78.529285
V8681,Route-C,69.97,2026-01-17 20:07:30,19.115339,72.92223
V4981,Route-A,118.75,2026-01-19 15:25:30,13.115097,80.31608
V9888,Route-A,91.87,2026-01-17 00:19:30,13.03792,80.236587
V3405,Route-C,88.03,2026-01-20 12:11:30,19.043848,72.834585
V4184,Route-E,107.66,2026-01-21 21:16:30,17.343135,78.478601
V9722,Route-B,36.93,2026-01-16 20:01:30,19.03879,72.844805
V4735,Route-A,79.28,2026-01-18 20:12:30,28.737654,77.10286
V7498,Route-E,57.51,2026-01-21 16:50:30,17.42321,78.508093
V3367,Route-E,53.92,2026-01-18 11:59:30,19.080014,72.914393
V6706,Route-E,86.67,2026-01-18 21:08:30,17.356182,78.509405
V6668,Route-A,31.64,2026-01-20 14:13:30,12.939863,77.548846
V6208,Route-C,45.18,2026-01-17 23:03:30,12.934312,77.636427
V1094,Route-B,59.49,2026-01-19 19:36:30,17.426097,78.460498
V2167,Route-A,99.32,2026-01-21 22:57:30,13.091886,80.242615
V2143,Route-D,37.35,2026-01-18 14:43:30,19.052487,72.890905
V6590,Route-B,56.82,2026-01-22 11:56:30,13.038278,80.249743
V3219,Route-E,56.91,2026-01-21 15:25:30,13.093384,80.300276
V5409,Route-E,100.88,2026-01-22 06:09:30,28.686363,77.112682
V4662,Route-C,50.08,2026-01-18 08:30:30,19.059801,72.86075
V7606,Route-A,21.94,2026-01-19 02:43:30,17.39773,78.504156
V2941,Route-A,77.83,2026-01-19 07:50:30,28.670703,77.148543
V1101,Route-A,73.54,2026-01-18 17:04:30,19.12259,72.872353
V8336,Route-C,31.14,2026-01-20 06:37:30,13.125777,80.263466
V3347,Route-E,77.76,2026-01-19 13:51:30,28.706069,77.120169
V2799,Route-B,111.37,2026-01-19 23:50:30,28.654621,77.06516
V1798,Route-C,84.36,2026-01-22 20:57:30,13.095847,80.228093
V3609,Route-C,26.92,2026-01-22 19:19:30,13.068564,80.253997
V4590,Route-B,83.91,2026-01-23 02:49:30,12.96507,77.614497
V2825,Route-B,40.85,2026-01-16 18:58:30,17.364322,78.478515
V4440,Route-D,73.18,2026-01-21 20:30:30,17.351384,78.436886
V6217,Route-D,119.61,2026-01-18 22:17:30,13.117607,80.295541
V7966,Route-B,94.85,2026-01-21 19:31:30,13.070408,80.25959
V7828,Route-D,89.75,2026-01-19 08:09:30,13.132024,80.314711
V8785,Route-A,83.24,2026-01-21 04:46:30,28.655893,77.13953
V5569,Route-E,99.02,2026-01-21 22:23:30,28.669668,77.09192
V7583,Route-B,74.68,2026-01-21 17:15:30,12.931669,77.635001
V5747,Route-E,32.18,2026-01-18 05:25:30,17.362865,78.49856
V8036,Route-A,91.33,2026-01-22 10:55:30,13.05941,80.27622
V7833,Route-B,43.29,2026-01-16 15:14:30,17.356971,78.488095
V4304,Route-D,115.36,2026-01-18 21:23:30,28.676293,77.099519
V3086,Route-D,37.01,2026-01-16 21:46:30,17.364131,78.467114
V2616,Route-B,101.15,2026-01-20 16:15:30,17.344888,78.451268
V5322,Route-C,70.4,2026-01-22 21:39:30,19.065753,72.855722
V1081,Route-B,30.71,2026-01-16 10:07:30,12.962877,77.552859
V1445,Route-B,105.33,2026-01-19 21:02:30,17.365175,78.447623
V3332,Route-B,52.87,2026-01-23 03:48:30,19.122546,72.909156
V4177,Route-C,95.34,2026-01-21 09:16:30,12.923334,77.575984
V4313,Route-A,116.51,2026-01-21 11:56:30,17.432195,78.536019
V8999,Route-B,113.91,2026-01-22 01:13:30,19.061955,72.903933
V8479,Route-A,76.54,2026-01-16 20:11:30,17.429976,78.511587
V3677,Route-C,79.21,2026-01-17 14:55:30,17.397528,78.519816
V6097,Route-B,62.59,2026-01-19 03:52:30,19.113411,72.878047
V6463,Route-B,47.77,2026-01-21 04:18:30,17.417725,78.526691
V5699,Route-B,97.91,2026-01-19 02:17:30,12.930989,77.545487
V4210,Route-C,99.48,2026-01-16 10:51:30,13.0995,80.222469
V8291,Route-A,39.15,2026-01-22 23:52:30,19.116584,72.924155
V8301,Route-E,107.77,2026-01-20 07:07:30,12.976296,77.546766
V3065,Route-E,97.37,2026-01-22 01:21:30,17.430653,78.441266
V3589,Route-B,47.02,2026-01-22 06:39:30,19.075637,72.906107
V7671,Route-D,52.88,2026-01-20 05:09:30,28.744447,77.140399
V4732,Route-D,24.5,2026-01-19 05:17:30,12.950186,77.602516
V1431,Route-C,45.34,2026-01-17 18:47:30,17.419831,78.498825
V4429,Route-B,59.63,2026-01-17 14:12:30,12.993864,77.596118
V5401,Route-D,60.13,2026-01-17 12:06:30,17.382564,78.522247
V5263,Route-D,41.57,2026-01-20 02:50:30,13.054186,80.29412
V4261,Route-A,42.54,2026-01-17 11:23:30,19.046401,72.922177
V6650,Route-A,101.85,2026-01-16 22:19:30,13.04639,80.243402
V5403,Route-D,97.05,2026-01-21 23:19:30,17.371732,78.466206
V2059,Route-D,68.48,2026-01-16 14:49:30,28.67136,77.064178
V9676,Route-E,72.31,2026-01-17 20:32:30,13.07567,80.224176
V8238,Route-D,81.58,2026-01-20 02:01:30,17.376154,78.477727
V2435,Route-C,72.61,2026-01-19 12:36:30,13.094555,80.246093
V1587,Route-C,41.4,2026-01-17 22:11:30,28.678505,77.110142
V4562,Route-B,59.7,2026-01-21 09:53:30,13.071916,80.230327
V5635,Route-C,39.52,2026-01-18 10:07:30,17.416464,78.464702
V9492,Route-B,100.0,2026-01-19 05:22:30,17.383587,78.493652
V7254,Route-A,26.62,2026-01-22 06:17:30,19.092936,72.90613
V8456,Route-A,20.56,2026-01-21 13:01:30,12.96505,77.553697
V3772,Route-C,79.33,2026-01-17 07:50:30,13.124916,80.288297
V4833,Route-A,49.58,2026-01-21 11:51:30,12.940647,77.605363
V7638,Route-A,65.84,2026-01-19 00:26:30,12.925215,77.634329
V8711,Route-E,50.4,2026-01-17 21:17:30,12.942339,77.577625
V2633,Route-C,33.34,2026-01-21 19:53:30,19.122663,72.868507
V6893,Route-A,49.23,2026-01-19 08:31:30,17.431123,78.498607
V1987,Route-E,28.41,2026-01-22 16:19:30,28.719637,77.14406
V5107,Route-A,86.98,2026-01-22 00:28:30,17.417075,78.512028
V9578,Route-E,69.99,2026-01-16 21:10:30,17.384478,78.441317
V8352,Route-E,38.69,2026-01-19 06:47:30,19.089096,72.870827
V3195,Route-D,93.41,2026-01-16 16:41:30,28.695441,77.075056
V9802,Route-B,34.91,2026-01-19 15:30:30,12.949642,77.550566
V7064,Route-A,25.59,2026-01-19 06:21:30,12.979202,77.586411
V8902,Route-A,48.77,2026-01-17 02:51:30,19.100095,72.91095
V7266,Route-A,21.19,2026-01-20 01:16:30,17.398416,78.524921
V8725,Route-C,88.06,2026-01-18 13:02:30,19.098155,72.829658
V1544,Route-C,22.67,2026-01-17 18:59:30,12.931866,77.595778
V8127,Route-E,70.68,2026-01-18 22:26:30,13.102496,80.221436
V6417,Route-E,116.42,2026-01-22 22:43:30,13.066415,80.27033
V4778,Route-C,119.74,2026-01-20 04:09:30,17.338592,78.466065
V5961,Route-D,84.01,2026-01-21 23:20:30,19.056323,72.891294
V6365,Route-A,59.44,2026-01-19 23:43:30,28.670538,77.149081
V2560,Route-B,49.03,2026-01-21 15:15:30,19.118547,72.832018
V9652,Route-B,89.43,2026-01-22 02:24:30,12.983067,77.622409
V9971,Route-C,71.2,2026-01-20 04:12:30,12.980932,77.614144
V7959,Route-A,70.92,2026-01-21 15:21:30,19.093402,72.922289
V1076,Route-A,107.96,2026-01-19 09:16:30,13.104997,80.299979
V6564,Route-C,108.03,2026-01-22 06:46:30,28.72647,77.088079
V6767,Route-C,119.06,2026-01-22 05:54:30,19.110482,72.920276
V2424,Route-A,30.81,2026-01-20 10:14:30,19.036671,72.924381
V8876,Route-C,85.64,2026-01-23 03:28:30,17.349489,78.44083
V3794,Route-D,106.63,2026-01-21 01:47:30,28.697743,77.055106
V4246,Route-D,25.41,2026-01-16 22:45:30,19.088374,72.916828
V7200,Route-B,85.26,2026-01-18 18:10:30,19.050869,72.848522
V2566,Route-C,86.89,2026-01-22 09:22:30,19.085801,72.896232
V2399,Route-B,46.43,2026-01-17 21:08:30,13.125544,80.264132
V8455,Route-B,80.75,2026-01-21 08:51:30,28.699837,77.140234
V7138,Route-A,112.98,2026-01-20 13:54:30,13.131528,80.261358
V5897,Route-D,109.05,2026-01-21 21:38:30,17.363737,78.455567
V1082,Route-E,74.03,2026-01-16 07:29:30,17.371861,78.458941
V6760,Route-D,95.01,2026-01-19 09:14:30,28.723709,77.108263
V8739,Route-A,100.02,2026-01-21 22:36:30,12.967339,77.582521
V9130,Route-D,23.93,2026-01-17 17:49:30,13.078522,80.246482
V8794,Route-A,38.43,2026-01-21 22:28:30,28.742242,77.131004
V4398,Route-E,92.22,2026-01-19 15:45:30,28.695572,77.082063
V7177,Route-B,99.8,2026-01-16 10:40:30,13.091847,80.294822
V3032,Route-E,104.62,2026-01-17 01:58:30,12.981578,77.621723
V1107,Route-A,52.61,2026-01-20 21:07:30,17.375537,78.477493
V5774,Route-B,94.19,2026-01-18 10:24:30,28.663482,77.150465
V3949,Route-E,20.91,2026-01-18 12:24:30,12.97943,77.621138
V7388,Route-C,116.03,2026-01-18 21:58:30,12.923267,77.600558
V6132,Route-A,76.57,2026-01-17 07:26:30,28.714704,77.077395
V5150,Route-D,26.59,2026-01-19 16:06:30,13.126998,80.274256
V6032,Route-A,87.78,2026-01-23 01:21:30,28.704651,77.116775
V1810,Route-D,51.87,2026-01-19 01:37:30,13.010695,77.639242
V9902,Route-A,21.56,2026-01-21 00:43:30,12.92484,77.621382
V4938,Route-B,88.65,2026-01-19 22:16:30,28.664842,77.054069
V6549,Route-E,108.57,2026-01-22 14:45:30,13.123007,80.266187
V3432,Route-A,61.36,2026-01-22 22:15:30,17.367482,78.462829
V3689,Route-D,41.03,2026-01-22 07:10:30,13.125227,80.241428
V3340,Route-E,75.69,2026-01-20 12:13:30,13.050485,80.22539
V3828,Route-B,40.49,2026-01-22 01:06:30,12.94412,77.557624
V4138,Route-B,79.12,2026-01-17 14:48:30,17.388912,78.439582
V9390,Route-E,53.7,2026-01-18 21:05:30,28.701298,77.109628
V2491,Route-E,101.86,2026-01-20 17:59:30,28.655657,77.08102
V5444,Route-C,41.32,2026-01-22 16:45:30,13.05724,80.242441
V4602,Route-C,29.85,2026-01-22 07:47:30,28.69658,77.149919
V5957,Route-A,67.69,2026-01-16 12:48:30,19.103118,72.915241
V6116,Route-D,87.61,2026-01-19 19:46:30,17.336556,78.445547
V1643,Route-C,23.76,2026-01-22 08:03:30,28.673268,77.071031
V3477,Route-C,106.93,2026-01-17 04:49:30,12.973602,77.643425
V8016,Route-B,96.44,2026-01-17 05:00:30,19.060673,72.85016
V7675,Route-E,103.08,2026-01-22 02:38:30,28.746409,77.066462
V2544,Route-A,76.62,2026-01-19 19:55:30,12.963228,77.584566
V5607,Route-C,75.43,2026-01-19 05:43:30,28.668812,77.105712
V8807,Route-D,80.13,2026-01-17 20:03:30,17.346815,78.441089
V1939,Route-A,38.32,2026-01-21 06:39:30,12.993098,77.598615
V2153,Route-D,70.28,2026-01-19 09:49:30,13.069468,80.26054
V5183,Route-D,104.18,2026-01-21 23:08:30,19.108639,72.902582
V2287,Route-C,96.93,2026-01-20 08:25:30,13.015063,77.554105
V1878,Route-E,116.3,2026-01-18 23:13:30,13.104647,80.228042
V2266,Route-C,99.28,2026-01-19 23:04:30,17.418263,78.489485
V6581,Route-C,34.28,2026-01-22 20:15:30,13.013504,77.594605
V8904,Route-A,27.09,2026-01-21 04:08:30,13.132275,80.274162
V9849,Route-A,75.8,2026-01-16 21:02:30,13.064846,80.271657
V1772,Route-D,39.07,2026-01-21 02:42:30,13.078092,80.303107
V5995,Route-D,99.27,2026-01-21 16:34:30,12.984202,77.56898
V2664,Route-E,101.83,2026-01-20 15:24:30,17.35839,78.514638
V5130,Route-A,117.52,2026-01-18 16:56:30,17.406986,78.492307
V4397,Route-A,65.52,2026-01-17 05:12:30,13.060336,80.287316
V2325,Route-A,67.55,2026-01-16 15:15:30,13.099485,80.299244
V9630,Route-C,30.66,2026-01-18 15:21:30,13.080437,80.265126
V5818,Route-E,47.02,2026-01-21 06:01:30,13.127275,80.278038
V2193,Route-C,83.72,2026-01-19 14:45:30,28.724556,77.100976
V6613,Route-E,58.17,2026-01-16 16:36:30,13.098924,80.264597
V2924,Route-E,83.48,2026-01-20 08:16:30,13.005609,77.596287
V7970,Route-B,95.32,2026-01-21 10:54:30,17.347466,78.45892
V4331,Route-A,75.05,2026-01-18 19:16:30,19.066924,72.894157
V6446,Route-C,88.71,2026-01-21 14:25:30,13.105106,80.317413
V9617,Route-E,37.64,2026-01-17 06:28:30,28.669373,77.093593
V8491,Route-E,69.16,2026-01-19 13:05:30,17.36247,78.529948
V3987,Route-B,102.59,2026-01-18 17:22:30,13.088468,80.303378
V2123,Route-E,64.75,2026-01-22 07:07:30,13.057645,80.223622
V3421,Route-C,88.5,2026-01-20 02:02:30,28.681988,77.139467
V9995,Route-E,114.24,2026-01-22 12:22:30,28.713334,77.109565
V2194,Route-B,97.99,2026-01-17 23:01:30,13.106543,80.26947
V7249,Route-D,80.16,2026-01-20 19:02:30,12.99969,77.564994
V4399,Route-C,71.21,2026-01-20 09:07:30,13.088216,80.232849
V4097,Route-A,90.42,2026-01-22 09:22:30,12.958007,77.639336
V3506,Route-B,103.2,2026-01-21 03:31:30,28.701726,77.098716
V7061,Route-A,63.97,2026-01-17 22:09:30,28.70566,77.095711
V1359,Route-E,67.47,2026-01-18 05:19:30,13.098975,80.230922
V7681,Route-A,93.23,2026-01-21 14:17:30,17.341593,78.530918
V6158,Route-D,101.82,2026-01-22 15:53:30,17.394068,78.453651
V3737,Route-A,110.95,2026-01-20 23:28:30,12.982262,77.582167
V3058,Route-C,27.64,2026-01-22 15:08:30,13.132216,80.250902
V9752,Route-B,28.77,2026-01-17 03:00:30,19.037099,72.922886
V1743,Route-E,101.28,2026-01-18 21:52:30,28.694667,77.152388
V3077,Route-C,88.04,2026-01-16 08:53:30,17.392252,78.483949
V9967,Route-E,110.61,2026-01-22 00:00:30,28.668933,77.085432
V1107,Route-D,69.98,2026-01-18 17:35:30,28.68932,77.065151
V2455,Route-C,70.01,2026-01-16 21:42:30,19.05774,72.906271
V3285,Route-C,91.1,2026-01-21 03:21:30,19.081581,72.880306
V9542,Route-C,77.22,2026-01-18 10:51:30,17.37452,78.534521
V4454,Route-A,50.17,2026-01-18 02:27:30,17.412639,78.466156
V9740,Route-C,60.82,2026-01-20 10:39:30,13.101685,80.232277
V4744,Route-C,110.59,2026-01-20 07:52:30,13.002251,77.55236
V4904,Route-D,102.19,2026-01-23 02:24:30,17.368287,78.495797
V4628,Route-A,62.16,2026-01-16 16:37:30,19.050778,72.870746
V8341,Route-D,77.99,2026-01-19 06:55:30,28.741945,77.06978
V5423,Route-D,35.13,2026-01-20 16:29:30,19.088648,72.906878
V9257,Route-A,32.59,2026-01-19 14:04:30,19.046153,72.874309
V9409,Route-B,79.56,2026-01-18 17:19:30,13.100707,80.271667
V5853,Route-C,43.67,2026-01-17 13:13:30,19.09646,72.828821
V1550,Route-C,23.17,2026-01-20 20:34:30,13.051598,80.280615
V9704,Route-E,52.05,2026-01-22 13:14:30,19.12154,72.91354
V5771,Route-A,53.02,2026-01-19 19:08:30,13.015271,77.639102
V3570,Route-D,38.97,2026-01-16 17:06:30,12.927627,77.574214
V4550,Route-B,55.14,2026-01-19 18:40:30,19.040043,72.895993
V4181,Route-A,84.14,2026-01-16 17:01:30,13.068117,80.272404
V5294,Route-C,64.93,2026-01-19 21:12:30,28.679609,77.142811
V4083,Route-A,66.6,2026-01-21 08:31:30,12.9322,77.604354
V8069,Route-C,58.9,2026-01-22 01:46:30,12.987771,77.643841
V3082,Route-D,74.5,2026-01-18 04:04:30,13.049923,80.270304
V3383,Route-B,107.13,2026-01-22 00:38:30,13.058209,80.271373
V9918,Route-E,73.52,2026-01-16 16:15:30,19.029015,72.884932
V3411,Route-B,119.07,2026-01-18 07:19:30,13.101361,80.291727
V5418,Route-C,61.4,2026-01-19 08:51:30,17.399461,78.485256
V8274,Route-E,72.71,2026-01-17 09:30:30,19.070328,72.926924
V9247,Route-D,26.78,2026-01-20 06:29:30,19.026655,72.852951
V7830,Route-E,43.95,2026-01-16 12:56:30,19.106296,72.882567
V4279,Route-D,74.55,2026-01-19 12:12:30,19.121914,72.924343
V2172,Route-A,56.7,2026-01-21 19:42:30,13.127022,80.228301
V7100,Route-D,33.99,2026-01-17 17:56:30,19.080908,72.842835
V2132,Route-D,62.48,2026-01-17 05:11:30,17.380171,78.469343
V2211,Route-A,46.83,2026-01-16 19:09:30,19.114248,72.923806
V6566,Route-C,42.53,2026-01-18 11:40:30,28.681184,77.061059
V1850,Route-E,96.76,2026-01-22 13:29:30,13.041866,80.262075
V7375,Route-B,68.86,2026-01-22 11:04:30,28.701581,77.15156
V3478,Route-A,69.96,2026-01-18 01:16:30,19.048102,72.8318
V6149,Route-A,67.78,2026-01-22 03:52:30,13.131462,80.257169
V9388,Route-E,111.21,2026-01-21 02:53:30,13.11457,80.224606
V1299,Route-B,30.35,2026-01-22 05:51:30,12.97189,77.615787
V8207,Route-D,79.38,2026-01-22 02:37:30,17.356183,78.472332
V2429,Route-B,26.44,2026-01-20 18:21:30,19.093598,72.831496
V5556,Route-B,50.4,2026-01-16 11:07:30,28.705376,77.106675
V8689,Route-A,96.21,2026-01-22 15:42:30,28.71782,77.131891
V7051,Route-C,41.48,2026-01-19 06:28:30,12.953898,77.64093
V6117,Route-E,90.4,2026-01-19 16:42:30,13.009833,77.637763
V7417,Route-E,102.72,2026-01-20 22:40:30,17.434478,78.511781
V6891,Route-A,83.07,2026-01-18 12:09:30,19.055742,72.844513
V3202,Route-B,72.19,2026-01-19 01:52:30,19.061632,72.870747
V7496,Route-C,107.0,2026-01-19 16:58:30,12.985166,77.564449
V7404,Route-E,101.88,2026-01-17 19:00:30,17.346398,78.449671
V2620,Route-C,62.62,2026-01-18 07:50:30,28.728014,77.112839
V9415,Route-E,44.33,2026-01-22 07:38:30,28.667845,77.147583
V5117,Route-C,66.61,2026-01-19 19:58:30,28.687568,77.1292
V7117,Route-A,106.65,2026-01-18 06:48:30,17.365048,78.521228
V4210,Route-C,84.41,2026-01-21 11:23:30,19.114646,72.869328
V2193,Route-B,102.0,2026-01-20 13:31:30,13.110575,80.233103
V4086,Route-E,107.1,2026-01-21 20:08:30,28.740205,77.136499
V6848,Route-B,62.98,2026-01-17 06:41:30,19.052912,72.927149
V4542,Route-E,57.02,2026-01-20 07:11:30,19.02856,72.875021
V5379,Route-E,103.24,2026-01-21 10:59:30,13.067477,80.283277
V6945,Route-D,37.82,2026-01-17 03:57:30,13.067762,80.262481
V6651,Route-E,20.59,2026-01-17 21:37:30,12.981603,77.565259
V4990,Route-E,73.87,2026-01-21 02:07:30,19.081909,72.88794
V4305,Route-C,118.44,2026-01-20 01:23:30,13.011613,77.598216
V7135,Route-E,41.03,2026-01-19 22:13:30,13.033302,80.276231
V2182,Route-E,31.38,2026-01-21 23:25:30,12.999419,77.610403
V4635,Route-E,37.05,2026-01-18 15:01:30,19.107469,72.866723
V9204,Route-A,54.24,2026-01-18 01:58:30,17.344551,78.49849
V2941,Route-A,57.0,2026-01-17 16:30:30,12.957573,77.578068
V8332,Route-C,33.32,2026-01-18 00:00:30,12.981576,77.550398
V9134,Route-D,47.0,2026-01-19 14:41:30,28.654577,77.06311
V2434,Route-E,69.5,2026-01-22 05:23:30,19.057733,72.847002
V2777,Route-E,70.04,2026-01-16 12:02:30,12.922511,77.638431
V4679,Route-C,60.94,2026-01-19 04:54:30,17.39982,78.443797
V4198,Route-A,89.47,2026-01-17 16:18:30,28.745172,77.13934
V5119,Route-B,112.66,2026-01-20 08:27:30,19.057671,72.875421
V6226,Route-A,44.03,2026-01-22 22:57:30,13.095331,80.276515
V2879,Route-E,47.85,2026-01-22 10:15:30,28.70487,77.06352
V1228,Route-B,114.43,2026-01-18 03:08:30,19.028496,72.847093
V3052,Route-A,33.06,2026-01-20 13:20:30,17.345733,78.511783
V4297,Route-D,52.43,2026-01-20 03:11:30,13.063332,80.275666
V3088,Route-A,82.42,2026-01-16 18:32:30,28.706352,77.12264
V5312,Route-C,105.8,2026-01-21 18:54:30,12.971702,77.615801
V5150,Route-B,101.72,2026-01-21 11:50:30,19.121257,72.920557
V4606,Route-E,78.29,2026-01-18 04:26:30,17.400833,78.436908
V8177,Route-C,81.92,2026-01-17 15:09:30,13.12714,80.274964
V1979,Route-B,48.47,2026-01-18 04:00:30,28.672925,77.147929
V8019,Route-B,100.89,2026-01-19 01:15:30,28.710479,77.12128
V9516,Route-C,37.42,2026-01-22 23:14:30,28.654948,77.11043
V3589,Route-E,38.95,2026-01-17 04:55:30,28.661543,77.124752
V3312,Route-C,41.57,2026-01-18 03:19:30,19.105184,72.858351
V8016,Route-D,81.74,2026-01-20 00:32:30,13.083603,80.259644
V3101,Route-C,64.62,2026-01-22 06:40:30,19.073825,72.903781
V6886,Route-E,68.56,2026-01-17 01:12:30,17.354882,78.454283
V2548,Route-E,55.39,2026-01-22 16:15:30,13.131949,80.235922
V3924,Route-D,100.95,2026-01-21 05:05:30,28.742347,77.128153
V8912,Route-A,33.42,2026-01-19 02:48:30,19.031579,72.908392
V1798,Route-C,25.73,2026-01-21 03:49:30,17.3451,78.450906
V9488,Route-D,85.69,2026-01-17 11:35:30,13.102316,80.256109
V6725,Route-C,61.53,2026-01-21 10:38:30,19.102185,72.877596
V6707,Route-B,111.25,2026-01-16 12:18:30,28.717865,77.091177
V4961,Route-E,111.92,2026-01-18 18:39:30,28.696803,77.072736
V9060,Route-D,96.86,2026-01-17 20:46:30,13.066027,80.25715
V4134,Route-E,115.27,2026-01-18 06:12:30,13.093796,80.267392
V3688,Route-B,32.17,2026-01-21 02:59:30,19.117617,72.900738
V2172,Route-E,63.74,2026-01-23 00:03:30,28.74788,77.141179
V5368,Route-A,72.47,2026-01-22 13:07:30,13.019897,77.580072
V2403,Route-E,84.55,2026-01-19 17:47:30,28.741715,77.096864
V1214,Route-E,34.53,2026-01-22 09:03:30,28.661376,77.082449
V7454,Route-E,91.3,2026-01-19 19:55:30,13.115504,80.312647
V7091,Route-D,80.9,2026-01-19 23:53:30,28.72864,77.06619
V2740,Route-C,74.97,2026-01-21 18:01:30,19.051429,72.872704
V6956,Route-D,88.33,2026-01-22 06:36:30,19.074863,72.900771
V7924,Route-E,113.52,2026-01-21 12:00:30,13.083316,80.262412
V1069,Route-C,94.62,2026-01-21 05:55:30,28.743673,77.088225
V1864,Route-C,95.23,2026-01-19 02:18:30,13.128389,80.252404
V4073,Route-B,105.74,2026-01-20 09:28:30,12.953258,77.625063
V6725,Route-E,61.31,2026-01-17 10:28:30,13.086411,80.313881
V4274,Route-C,114.8,2026-01-16 13:35:30,28.75108,77.056785
V2385,Route-E,61.25,2026-01-18 15:56:30,28.74786,77.061202
V3058,Route-C,48.33,2026-01-19 02:35:30,28.746763,77.150599
V9012,Route-E,50.19,2026-01-23 01:12:30,19.056444,72.860738
V8790,Route-B,81.75,2026-01-16 18:58:30,19.061127,72.83558
V8190,Route-C,30.3,2026-01-16 19:52:30,28.706214,77.089798
V9020,Route-C,21.9,2026-01-18 18:05:30,19.077674,72.909624
V9221,Route-B,23.49,2026-01-21 20:14:30,28.672679,77.06411
V7093,Route-E,114.96,2026-01-20 10:43:30,28.655183,77.079563
V1379,Route-E,40.38,2026-01-20 10:32:30,12.986656,77.599432
V3159,Route-B,96.43,2026-01-20 03:06:30,17.434863,78.508898
V7884,Route-C,48.32,2026-01-17 13:32:30,19.125194,72.88444
V6908,Route-A,44.61,2026-01-17 01:21:30,28.67425,77.142316
V1804,Route-B,37.95,2026-01-18 21:58:30,17.412105,78.526953
V7345,Route-B,69.57,2026-01-22 15:35:30,19.092982,72.914885
V2052,Route-D,94.4,2026-01-21 20:08:30,17.434899,78.491999
V8170,Route-E,56.47,2026-01-19 06:35:30,19.111922,72.896319
V6843,Route-C,88.49,2026-01-18 09:13:30,28.70992,77.141438
V9720,Route-A,102.23,2026-01-16 06:43:30,12.931741,77.613504
V5498,Route-C,28.06,2026-01-21 18:02:30,13.076927,80.300662
V9671,Route-B,32.74,2026-01-19 15:38:30,28.688233,77.064726
V7577,Route-D,113.22,2026-01-19 05:08:30,17.408278,78.522128
V6788,Route-E,90.26,2026-01-19 08:22:30,13.03949,80.260146
V9185,Route-D,35.75,2026-01-19 12:36:30,13.032861,80.256696
V8908,Route-A,39.81,2026-01-16 17:21:30,19.033216,72.887361
V2657,Route-C,60.64,2026-01-16 12:25:30,12.98424,77.624833
V1670,Route-E,90.25,2026-01-19 01:25:30,17.423933,78.498666
V9786,Route-E,107.2,2026-01-19 17:23:30,13.041252,80.2545
V4000,Route-D,115.07,2026-01-18 18:56:30,28.671005,77.150708
V1547,Route-E,77.36,2026-01-21 08:34:30,17.382995,78.5129
V2336,Route-B,28.59,2026-01-19 12:43:30,17.376081,78.453438
V2268,Route-C,110.82,2026-01-16 16:10:30,13.048801,80.277102
V1761,Route-B,61.63,2026-01-21 18:38:30,12.97335,77.603368
V3577,Route-D,95.54,2026-01-20 09:12:30,13.072664,80.249211
V2951,Route-D,33.6,2026-01-18 13:23:30,17.348955,78.513326
V8588,Route-D,81.13,2026-01-18 02:59:30,28.740933,77.116466
V1032,Route-A,59.79,2026-01-21 15:15:30,13.073886,80.229374
V2196,Route-C,44.48,2026-01-17 13:45:30,13.015651,77.644252
V8433,Route-B,64.43,2026-01-23 01:29:30,13.102005,80.22199
V7020,Route-C,106.08,2026-01-18 01:43:30,17.412669,78.531165
V6308,Route-D,54.43,2026-01-22 17:33:30,28.709636,77.095033
V7824,Route-E,84.17,2026-01-20 19:43:30,17.4342,78.50449
V6430,Route-A,86.62,2026-01-18 01:58:30,13.041775,80.262238
V4816,Route-C,38.25,2026-01-22 20:54:30,28.741011,77.096684
V7755,Route-D,61.68,2026-01-18 19:04:30,17.372077,78.525057
V2318,Route-D,107.24,2026-01-18 02:14:30,28.654654,77.097242
V1769,Route-A,57.78,2026-01-17 04:31:30,28.722408,77.127642
V3170,Route-E,57.72,2026-01-18 07:40:30,13.076718,80.228368
V7923,Route-B,43.03,2026-01-22 19:29:30,28.666089,77.103275
V1644,Route-B,108.11,2026-01-17 11:31:30,13.074378,80.25542
V8422,Route-C,64.66,2026-01-18 09:13:30,28.667312,77.064603
V8245,Route-A,44.25,2026-01-22 15:50:30,13.092444,80.310514
V5693,Route-B,90.91,2026-01-19 05:23:30,12.965346,77.59827
V6295,Route-D,59.34,2026-01-18 17:37:30,28.679953,77.085211
V7741,Route-E,49.39,2026-01-22 09:50:30,28.748614,77.149955
V7403,Route-C,46.65,2026-01-17 05:53:30,28.688337,77.082994
V9114,Route-C,40.23,2026-01-18 11:20:30,13.07949,80.224124
V7180,Route-B,61.99,2026-01-20 06:16:30,19.116681,72.857978
V4980,Route-D,106.53,2026-01-23 04:14:30,13.007119,77.638101
V6242,Route-E,114.96,2026-01-18 13:07:30,13.046755,80.22303
V6659,Route-E,55.74,2026-01-20 16:35:30,17.415119,78.495942
V1610,Route-B,35.75,2026-01-20 04:29:30,13.066588,80.257652
V4555,Route-D,111.22,2026-01-16 08:35:30,28.701349,77.095772
V9504,Route-D,81.33,2026-01-19 21:39:30,19.111969,72.880596
V1692,Route-D,68.3,2026-01-21 06:21:30,28.676782,77.10018
V2502,Route-E,33.03,2026-01-16 14:22:30,19.056476,72.917639
V5676,Route-E,89.06,2026-01-16 22:34:30,28.679661,77.126482
V4742,Route-E,30.06,2026-01-21 06:49:30,19.027031,72.901414
V5291,Route-A,31.95,2026-01-21 07:04:30,13.03773,80.283051
V3962,Route-B,38.16,2026-01-18 23:07:30,12.966272,77.63051
V8357,Route-E,119.06,2026-01-22 03:41:30,19.091073,72.877296
V3122,Route-A,82.42,2026-01-20 18:37:30,28.716588,77.138174
V4725,Route-B,95.67,2026-01-18 19:10:30,17.419996,78.523659
V3966,Route-B,116.21,2026-01-20 09:40:30,17.360582,78.455585
V4683,Route-E,83.72,2026-01-22 18:19:30,28.739146,77.130855
V1628,Route-C,28.25,2026-01-22 18:51:30,12.936923,77.560132
V5475,Route-C,71.19,2026-01-22 17:55:30,28.667563,77.06164
V4794,Route-E,45.46,2026-01-19 08:58:30,13.097331,80.235029
V9462,Route-D,67.6,2026-01-16 19:22:30,13.003653,77.642871
V6538,Route-B,38.21,2026-01-20 22:35:30,13.09555,80.236623
V7286,Route-A,65.73,2026-01-21 13:33:30,19.037682,72.862402
V2485,Route-A,119.13,2026-01-18 20:54:30,28.700048,77.073453
V3524,Route-C,69.8,2026-01-22 14:40:30,19.105015,72.837713
V2506,Route-D,98.34,2026-01-22 19:48:30,28.713509,77.075577
V3879,Route-B,117.65,2026-01-20 13:19:30,13.040173,80.256102
V5009,Route-D,103.58,2026-01-23 02:51:30,28.724247,77.146122
V6808,Route-B,94.77,2026-01-22 02:38:30,17.350065,78.452486
V2725,Route-D,99.78,2026-01-19 14:59:30,13.034173,80.309226
V4550,Route-E,94.5,2026-01-18 03:27:30,17.36452,78.490181
V8412,Route-B,84.83,2026-01-22 03:21:30,17.428811,78.508992
V7326,Route-B,34.3,2026-01-18 14:10:30,28.708016,77.076772
V8871,Route-A,80.97,2026-01-21 02:27:30,28.714075,77.076037
V4984,Route-D,89.4,2026-01-18 10:02:30,12.998367,77.600965
V1030,Route-D,73.87,2026-01-22 20:12:30,13.020883,77.622626
V9466,Route-B,87.6,2026-01-18 05:57:30,13.102145,80.315328
V3004,Route-E,101.3,2026-01-22 19:18:30,28.678946,77.073545
V4474,Route-C,76.71,2026-01-20 00:58:30,17.364665,78.520257
V5174,Route-A,40.03,2026-01-21 03:59:30,12.925846,77.547482
V2553,Route-A,108.83,2026-01-19 06:58:30,28.706096,77.100254
V2109,Route-A,77.27,2026-01-21 21:42:30,17.426945,78.472735
V2458,Route-D,98.52,2026-01-19 20:33:30,19.059437,72.922596
V1501,Route-D,85.39,2026-01-22 13:22:30,19.090301,72.874487
V8625,Route-D,99.99,2026-01-17 03:13:30,19.029609,72.833802
V2102,Route-C,41.46,2026-01-19 12:53:30,17.395045,78.445447
V2579,Route-B,32.19,2026-01-17 10:51:30,12.934776,77.642223
V6549,Route-D,40.86,2026-01-21 20:03:30,17.402427,78.45306
V8998,Route-D,108.12,2026-01-23 02:13:30,17.40151,78.501504
V5479,Route-B,65.07,2026-01-21 03:14:30,17.392465,78.521261
V6186,Route-B,31.4,2026-01-16 07:46:30,13.091194,80.258859
V9504,Route-D,89.16,2026-01-22 00:23:30,17.386136,78.456969
V5567,Route-A,95.42,2026-01-19 10:31:30,17.37923,78.519021
V2284,Route-A,63.36,2026-01-21 16:00:30,28.704325,77.052874
V7961,Route-D,78.09,2026-01-20 17:49:30,28.691609,77.146861
V6990,Route-C,115.47,2026-01-19 15:03:30,19.044057,72.841552
V5722,Route-A,85.54,2026-01-18 01:46:30,19.066904,72.857756
V4567,Route-A,107.68,2026-01-17 14:18:30,12.989287,77.639252
V3495,Route-E,72.68,2026-01-23 02:43:30,13.013003,77.605752
V9491,Route-C,37.49,2026-01-17 12:25:30,19.108088,72.907469
V7460,Route-A,42.77,2026-01-18 16:44:30,13.043129,80.245521
V1538,Route-E,97.29,2026-01-19 15:21:30,19.084773,72.842374
V6170,Route-D,27.3,2026-01-21 00:40:30,17.411704,78.442857
V3275,Route-B,30.22,2026-01-17 03:27:30,13.048524,80.232212
V7384,Route-A,77.62,2026-01-18 10:08:30,17.384512,78.451455
V6859,Route-D,38.48,2026-01-16 21:08:30,17.413874,78.462877
V9855,Route-D,89.8,2026-01-22 23:18:30,28.706691,77.084902
V7729,Route-D,65.2,2026-01-22 03:11:30,28.723072,77.091471
V9573,Route-E,110.3,2026-01-22 02:17:30,17.399963,78.445165
V7169,Route-A,84.04,2026-01-23 03:02:30,12.975794,77.634953
V3089,Route-E,91.4,2026-01-19 21:24:30,28.662806,77.117865
V6768,Route-A,59.99,2026-01-19 08:00:30,17.405086,78.468119
V9091,Route-D,98.2,2026-01-19 10:44:30,13.107013,80.261304
V4468,Route-D,24.69,2026-01-21 17:53:30,12.93593,77.633272
V4985,Route-A,116.52,2026-01-21 04:54:30,19.119496,72.835639
V4298,Route-B,69.14,2026-01-19 21:08:30,12.982134,77.562033
V1745,Route-E,42.54,2026-01-18 22:53:30,13.10426,80.250761
V9328,Route-C,40.34,2026-01-20 05:23:30,19.057921,72.849089
V1200,Route-A,63.4,2026-01-21 12:13:30,28.667135,77.066568
V1649,Route-C,37.32,2026-01-21 20:41:30,19.075914,72.832661
V8698,Route-D,29.97,2026-01-18 22:10:30,13.078776,80.225465
V3891,Route-D,37.73,2026-01-19 02:55:30,12.939467,77.577069
V9240,Route-E,80.83,2026-01-22 11:35:30,19.042733,72.878437
V9638,Route-D,90.86,2026-01-21 17:45:30,19.055525,72.865878
V8251,Route-D,49.39,2026-01-23 02:31:30,19.087801,72.862255
V6373,Route-A,96.64,2026-01-19 01:29:30,28.672894,77.087561
V3412,Route-C,76.55,2026-01-20 15:16:30,13.06249,80.262274
V6730,Route-B,91.73,2026-01-21 07:01:30,12.976867,77.56615
V8581,Route-E,58.08,2026-01-21 00:41:30,13.081142,80.312961
V3985,Route-A,94.61,2026-01-17 09:49:30,19.027047,72.90573
V8293,Route-A,74.12,2026-01-18 08:55:30,17.394439,78.510219
V9382,Route-E,118.04,2026-01-17 18:40:30,28.736268,77.059761
V8252,Route-E,110.88,2026-01-19 21:27:30,13.01882,77.61326
V3841,Route-C,61.79,2026-01-17 16:07:30,12.940927,77.635236
V9363,Route-D,43.75,2026-01-17 02:26:30,12.935395,77.563327
V3095,Route-A,112.96,2026-01-21 00:30:30,17.415522,78.482958
V3790,Route-A,108.31,2026-01-16 10:04:30,28.736542,77.092739
V9681,Route-A,58.69,2026-01-17 22:38:30,17.362235,78.513357
V9221,Route-B,30.69,2026-01-20 22:22:30,19.039072,72.91598
V1500,Route-E,115.06,2026-01-19 12:12:30,13.067846,80.308412
V8097,Route-A,34.96,2026-01-16 17:07:30,19.049455,72.855547
V3394,Route-B,54.16,2026-01-18 12:39:30,19.104537,72.84838
V5228,Route-B,43.6,2026-01-18 14:30:30,13.069995,80.249625
V9807,Route-E,61.32,2026-01-19 20:20:30,28.689481,77.083101
V5842,Route-E,113.34,2026-01-23 04:06:30,28.676972,77.126432
V1149,Route-B,89.85,2026-01-17 07:53:30,28.670981,77.058145
V1732,Route-C,54.17,2026-01-16 15:08:30,19.044983,72.898394
V2553,Route-E,42.91,2026-01-21 15:00:30,12.98442,77.573701
V8465,Route-B,96.75,2026-01-18 02:14:30,28.752849,77.104116
V3560,Route-D,42.37,2026-01-17 05:06:30,12.925139,77.608608
V2289,Route-B,24.03,2026-01-17 19:16:30,19.108447,72.89781
V7973,Route-C,116.19,2026-01-20 08:20:30,13.114716,80.31008
V4750,Route-D,63.41,2026-01-18 03:44:30,19.119495,72.900311
V3738,Route-A,101.43,2026-01-18 22:15:30,28.697961,77.082178
V8270,Route-B,61.94,2026-01-17 00:02:30,12.983711,77.625419
V2610,Route-E,42.39,2026-01-19 05:01:30,19.067636,72.849645
V1670,Route-D,103.34,2026-01-18 13:34:30,13.105876,80.283216
V9362,Route-D,76.02,2026-01-20 18:29:30,19.083308,72.848343
V9766,Route-A,108.41,2026-01-20 22:01:30,13.124623,80.233392
V2853,Route-C,69.68,2026-01-20 12:02:30,13.00885,77.623663
V7036,Route-B,41.3,2026-01-17 14:01:30,28.744868,77.110955
V3214,Route-D,35.24,2026-01-22 22:19:30,12.936477,77.619015
V1168,Route-A,111.28,2026-01-21 19:49:30,13.047152,80.224341
V5887,Route-C,91.19,2026-01-17 20:26:30,12.978095,77.563946
V5814,Route-E,80.06,2026-01-17 01:37:30,17.402497,78.465823
V2859,Route-E,60.72,2026-01-20 04:22:30,12.970798,77.556173
V8588,Route-A,82.4,2026-01-20 10:38:30,17.404383,78.490597
V6375,Route-A,102.62,2026-01-18 18:45:30,13.114109,80.234954
V8282,Route-D,79.37,2026-01-16 18:43:30,17.418025,78.483495
V7850,Route-D,85.64,2026-01-17 20:36:30,13.091306,80.245649
V4150,Route-D,73.15,2026-01-22 17:09:30,12.922415,77.618962
V6018,Route-A,100.16,2026-01-17 23:25:30,19.075576,72.916816
V4099,Route-A,51.87,2026-01-16 18:10:30,13.076756,80.275819
V4052,Route-B,76.93,2026-01-20 18:54:30,17.418038,78.50857
V4728,Route-E,72.47,2026-01-16 20:00:30,13.040814,80.303741
V3324,Route-E,66.56,2026-01-20 20:06:30,28.745263,77.087224
V3102,Route-B,81.14,2026-01-18 20:54:30,17.411233,78.487855
V9246,Route-B,86.01,2026-01-18 07:02:30,19.108129,72.872824
V6319,Route-A,110.67,2026-01-20 04:31:30,12.964894,77.563952
V7449,Route-A,65.75,2026-01-17 02:02:30,28.733948,77.126025
V6510,Route-B,80.8,2026-01-22 00:56:30,19.10211,72.927242
V2797,Route-C,89.58,2026-01-20 08:50:30,17.409651,78.476869
V8010,Route-C,85.17,2026-01-20 12:22:30,13.086434,80.277754
V9647,Route-C,84.59,2026-01-17 02:41:30,12.974818,77.586537
V8207,Route-D,82.1,2026-01-22 15:33:30,12.977768,77.598449
V3218,Route-D,66.39,2026-01-16 18:30:30,19.123047,72.873374
V5140,Route-B,86.26,2026-01-23 01:25:30,19.094349,72.878087
V2214,Route-B,49.5,2026-01-21 21:18:30,19.064538,72.836313
V6559,Route-E,20.69,2026-01-22 22:54:30,13.074874,80.268769
V9131,Route-C,79.26,2026-01-20 09:01:30,13.006106,77.636464
V8421,Route-B,84.69,2026-01-18 15:09:30,17.365115,78.532873
V2897,Route-A,25.36,2026-01-23 00:47:30,19.099294,72.848754
V5666,Route-D,88.05,2026-01-18 03:20:30,19.112857,72.870839
V4918,Route-D,57.87,2026-01-21 21:14:30,12.930434,77.639948
V2486,Route-E,32.26,2026-01-21 11:31:30,12.937162,77.623956
V3993,Route-D,80.25,2026-01-18 12:04:30,19.08284,72.861141
V8871,Route-C,61.38,2026-01-19 07:27:30,19.069203,72.893587
V3754,Route-C,119.31,2026-01-17 21:17:30,13.132429,80.246103
V5599,Route-C,72.94,2026-01-19 13:31:30,12.97536,77.581762
V6610,Route-B,30.92,2026-01-17 14:11:30,13.093358,80.266057
V8852,Route-D,114.13,2026-01-19 18:06:30,12.931303,77.604256
V9790,Route-D,79.01,2026-01-22 03:31:30,19.075134,72.842517
V9248,Route-D,88.2,2026-01-23 03:46:30,19.087405,72.865373
V7533,Route-B,94.94,2026-01-22 03:40:30,12.929385,77.566597
V3056,Route-C,82.6,2026-01-21 03:47:30,13.041264,80.302718
V5714,Route-C,113.42,2026-01-19 09:54:30,17.431166,78.49576
V3326,Route-E,45.78,2026-01-21 15:07:30,13.110379,80.224666
V4021,Route-C,114.72,2026-01-18 17:12:30,13.100432,80.30619
V8914,Route-C,103.39,2026-01-21 01:53:30,12.940933,77.615098
V1820,Route-D,108.75,2026-01-22 17:17:30,13.058284,80.260689
V9644,Route-B,98.6,2026-01-19 12:10:30,12.997472,77.603184
V7646,Route-A,75.35,2026-01-17 00:40:30,17.390322,78.497735
V9557,Route-D,71.04,2026-01-22 23:29:30,17.430005,78.465027
V4088,Route-D,87.27,2026-01-21 19:20:30,28.75214,77.056059
V3059,Route-A,43.85,2026-01-20 12:10:30,19.074973,72.886564
V9707,Route-B,56.3,2026-01-22 05:22:30,12.951527,77.638767
V5243,Route-A,68.22,2026-01-19 10:34:30,19.097685,72.844174
V8853,Route-D,34.79,2026-01-20 22:56:30,12.957501,77.636917
V2627,Route-D,82.56,2026-01-17 13:54:30,28.658079,77.056391
V6854,Route-A,93.71,2026-01-18 14:48:30,17.434714,78.518839
V3270,Route-E,72.09,2026-01-22 10:55:30,13.121764,80.282193
V7161,Route-A,109.66,2026-01-17 00:21:30,13.011156,77.550082
V1346,Route-B,95.07,2026-01-19 01:34:30,12.93517,77.611875
V2936,Route-B,26.65,2026-01-17 21:15:30,19.082917,72.855605
V3452,Route-E,119.48,2026-01-16 17:26:30,12.975628,77.600606
V8258,Route-C,51.56,2026-01-18 21:19:30,17.400777,78.492858
V1731,Route-C,20.52,2026-01-17 05:03:30,12.993813,77.562899
V7217,Route-D,41.48,2026-01-22 13:53:30,17.376027,78.492344
V7594,Route-A,24.72,2026-01-16 20:29:30,12.958529,77.583199
V9684,Route-B,44.59,2026-01-22 16:31:30,28.655158,77.129981
V3820,Route-E,32.08,2026-01-18 02:32:30,17.371836,78.494282
V2808,Route-D,40.39,2026-01-21 10:05:30,17.415088,78.528231
V5398,Route-D,88.32,2026-01-18 20:38:30,28.721642,77.061621
V2322,Route-C,111.14,2026-01-19 03:37:30,17.405889,78.528505
V3938,Route-B,52.72,2026-01-21 20:00:30,17.336832,78.464032
V4112,Route-E,75.71,2026-01-18 23:44:30,28.742083,77.062145
V8278,Route-A,119.1,2026-01-22 14:01:30,17.420072,78.476504
V8359,Route-E,95.03,2026-01-20 22:30:30,17.359897,78.446549
V2270,Route-E,117.21,2026-01-17 06:49:30,17.356516,78.437723
V9559,Route-C,29.7,2026-01-20 23:46:30,13.115942,80.239328
V5234,Route-B,81.39,2026-01-21 19:46:30,19.0453,72.830253
V1324,Route-B,98.84,2026-01-17 03:21:30,28.674142,77.138171
V8840,Route-E,56.81,2026-01-21 17:41:30,13.008097,77.579709
V2589,Route-B,100.44,2026-01-20 12:06:30,17.349825,78.5083
V2998,Route-C,46.53,2026-01-18 01:32:30,13.047809,80.236906
V4363,Route-A,76.86,2026-01-22 06:18:30,19.089246,72.923237
V9628,Route-E,77.17,2026-01-22 05:32:30,28.665305,77.116769
V2810,Route-B,52.64,2026-01-20 22:33:30,19.035535,72.857796
V1848,Route-C,74.55,2026-01-22 06:29:30,19.051352,72.854326
V6811,Route-A,109.32,2026-01-22 11:47:30,28.667176,77.121657
V6000,Route-E,87.48,2026-01-21 02:14:30,17.371214,78.503139
V5291,Route-C,56.09,2026-01-16 22:16:30,28.743718,77.152347
V1822,Route-C,33.7,2026-01-17 05:11:30,28.732136,77.064973
V4928,Route-A,101.09,2026-01-19 19:58:30,13.0936,80.31038
V4572,Route-D,40.35,2026-01-16 20:33:30,19.027493,72.848198
V5508,Route-C,113.38,2026-01-20 21:46:30,17.355,78.527534
V2579,Route-A,112.18,2026-01-21 11:53:30,12.941811,77.639501
V9173,Route-D,75.75,2026-01-20 04:20:30,13.046473,80.293915
V4766,Route-B,102.09,2026-01-17 09:37:30,17.429123,78.472242
V2616,Route-D,85.63,2026-01-19 16:39:30,12.947521,77.627493
V7444,Route-B,85.87,2026-01-22 18:04:30,12.991676,77.557373
V2395,Route-B,42.29,2026-01-22 15:53:30,17.359163,78.453945
V1970,Route-A,56.5,2026-01-16 11:10:30,17.348188,78.527622
V3784,Route-C,66.13,2026-01-17 11:05:30,17.41937,78.481706
V8658,Route-D,27.0,2026-01-18 18:17:30,17.368228,78.506096
V6780,Route-B,41.27,2026-01-17 01:43:30,28.740376,77.056245
V3815,Route-D,68.08,2026-01-16 23:35:30,19.026851,72.828103
V5488,Route-B,53.83,2026-01-20 20:15:30,12.960551,77.555126
V1708,Route-E,36.39,2026-01-16 15:26:30,13.079896,80.306358
V5021,Route-A,97.04,2026-01-20 07:11:30,13.00483,77.605941
V8610,Route-B,28.58,2026-01-16 11:43:30,17.363421,78.532759
V9990,Route-E,47.34,2026-01-22 19:04:30,19.105957,72.852289
V5379,Route-A,113.46,2026-01-19 19:18:30,13.061982,80.288544
V5400,Route-C,51.71,2026-01-17 11:40:30,13.120313,80.283904
V8964,Route-C,48.66,2026-01-19 23:02:30,17.433096,78.458902
V3111,Route-B,93.58,2026-01-19 21:47:30,13.120261,80.283437
V8693,Route-E,71.03,2026-01-20 21:10:30,13.099493,80.303171
V5675,Route-A,35.93,2026-01-20 11:09:30,17.401497,78.440232
V5196,Route-A,38.41,2026-01-21 07:51:30,28.722278,77.088967
V8288,Route-D,55.41,2026-01-17 23:21:30,28.656624,77.101647
V8610,Route-C,53.21,2026-01-21 15:59:30,19.053832,72.86949
V5410,Route-D,94.47,2026-01-18 07:40:30,13.084402,80.312916
V3030,Route-C,22.54,2026-01-18 09:36:30,19.104233,72.855558
V2632,Route-E,111.63,2026-01-17 19:20:30,17.336784,78.44009
V5884,Route-A,96.79,2026-01-20 08:05:30,12.975726,77.571169
V5288,Route-D,102.58,2026-01-17 10:22:30,28.711659,77.064963
V7282,Route-C,80.98,2026-01-20 11:08:30,12.987632,77.626462
V8877,Route-A,91.28,2026-01-21 23:41:30,28.674633,77.116688
V4764,Route-C,90.19,2026-01-18 12:12:30,13.052957,80.28211
V6629,Route-A,71.49,2026-01-20 12:07:30,28.689271,77.126334
V2495,Route-B,53.93,2026-01-20 13:55:30,19.036818,72.842429
V3367,Route-D,47.27,2026-01-22 14:18:30,19.102591,72.840995
V7124,Route-C,109.89,2026-01-16 14:26:30,12.991418,77.54801
V8188,Route-B,26.61,2026-01-18 02:01:30,19.054253,72.864859
V9891,Route-A,80.9,2026-01-16 15:11:30,12.969521,77.636331
V6142,Route-A,53.19,2026-01-17 03:39:30,13.10743,80.275264
V4322,Route-C,48.89,2026-01-18 15:17:30,13.01537,77.58144
V6393,Route-A,86.7,2026-01-22 17:14:30,28.677054,77.096779
V9768,Route-D,101.85,2026-01-21 12:25:30,13.112075,80.241315
V8042,Route-B,48.14,2026-01-17 09:16:30,12.937205,77.553741
V8000,Route-C,109.64,2026-01-19 20:29:30,28.675983,77.138512
V3552,Route-E,98.04,2026-01-18 09:06:30,28.678104,77.141379
V6565,Route-C,109.75,2026-01-21 08:06:30,17.427258,78.532625
V7035,Route-C,26.98,2026-01-23 04:44:30,12.951156,77.589482
V9799,Route-E,35.83,2026-01-22 06:02:30,13.041099,80.222531
V3181,Route-E,37.25,2026-01-17 09:56:30,17.417299,78.520881
V8590,Route-D,52.31,2026-01-19 11:52:30,28.726345,77.108746
V5798,Route-A,50.26,2026-01-17 15:27:30,28.693242,77.1246
V9504,Route-E,23.99,2026-01-17 06:59:30,13.094012,80.31758
V6215,Route-E,29.3,2026-01-18 21:33:30,13.12851,80.282148
V3995,Route-B,63.09,2026-01-17 00:14:30,12.944713,77.613176
V9567,Route-C,87.16,2026-01-16 22:02:30,28.744736,77.118666
V5733,Route-E,101.44,2026-01-20 01:14:30,19.090709,72.900329
V2212,Route-D,102.65,2026-01-17 00:38:30,17.360391,78.46413
V2433,Route-A,36.36,2026-01-17 02:27:30,17.377884,78.525853
V4023,Route-B,20.2,2026-01-23 00:55:30,19.085847,72.887759
V5754,Route-E,88.88,2026-01-17 17:48:30,28.666225,77.078928
V2889,Route-D,84.89,2026-01-22 22:55:30,12.928216,77.620209
V6893,Route-E,24.59,2026-01-19 05:59:30,17.420014,78.498135
V8555,Route-C,79.8,2026-01-20 15:43:30,19.049975,72.925234
V5995,Route-E,101.02,2026-01-23 01:08:30,17.350109,78.456998
V8633,Route-E,81.12,2026-01-21 08:22:30,28.741665,77.079294
V1735,Route-B,25.24,2026-01-19 00:05:30,19.069534,72.849493
V8913,Route-B,92.29,2026-01-17 21:47:30,17.430518,78.510093
V7983,Route-C,74.85,2026-01-22 08:46:30,12.959346,77.557328
V7486,Route-E,43.18,2026-01-21 09:40:30,19.115607,72.860985
V3363,Route-E,46.16,2026-01-17 22:00:30,17.349115,78.437159
V4017,Route-C,47.83,2026-01-16 18:21:30,13.006091,77.617332
V7258,Route-C,80.87,2026-01-18 17:09:30,13.102284,80.319175
V2208,Route-A,119.87,2026-01-21 21:52:30,12.946656,77.630762
V4513,Route-D,51.46,2026-01-21 16:21:30,28.735402,77.063332
V8195,Route-D,47.38,2026-01-22 14:21:30,19.108516,72.850967
V3072,Route-A,100.77,2026-01-18 09:10:30,19.109106,72.832548
V2889,Route-A,63.16,2026-01-20 08:25:30,28.746907,77.061295
V4418,Route-A,22.01,2026-01-17 17:50:30,19.088912,72.891618
V8528,Route-D,24.81,2026-01-22 06:35:30,17.357104,78.483048
V2395,Route-B,57.05,2026-01-21 03:15:30,12.980559,77.609917
V5248,Route-A,97.2,2026-01-21 07:36:30,12.990699,77.616722
V9126,Route-A,113.57,2026-01-22 16:41:30,13.071719,80.306204
V5036,Route-C,110.41,2026-01-21 12:40:30,28.694934,77.137442
V5390,Route-A,105.56,2026-01-16 20:28:30,17.340741,78.513775
V3428,Route-D,79.43,2026-01-21 21:21:30,28.744236,77.073482
V6084,Route-B,42.94,2026-01-23 02:22:30,19.052121,72.924263
V4092,Route-C,43.52,2026-01-20 20:04:30,12.977332,77.623919
V7991,Route-B,108.04,2026-01-22 15:09:30,19.076202,72.843177
V4930,Route-C,86.37,2026-01-18 20:59:30,17.355841,78.530215
V5249,Route-C,32.23,2026-01-17 21:45:30,13.039879,80.26507
V9079,Route-C,109.37,2026-01-17 16:00:30,17.394818,78.497322
V6406,Route-E,34.13,2026-01-19 20:54:30,17.34747,78.487614
V8124,Route-D,115.5,2026-01-21 09:40:30,13.107396,80.295291
V3096,Route-B,101.93,2026-01-22 05:58:30,17.373199,78.536594
V7229,Route-D,59.79,2026-01-17 15:44:30,12.974176,77.566114
V5462,Route-B,56.13,2026-01-19 23:23:30,13.065365,80.235196
V4906,Route-A,88.97,2026-01-18 18:07:30,12.955504,77.589314
V3093,Route-A,86.48,2026-01-21 05:10:30,13.105804,80.249316
V8435,Route-A,80.02,2026-01-21 13:11:30,13.011079,77.635204
V7280,Route-A,72.27,2026-01-23 00:27:30,17.337171,78.530432
V6544,Route-E,27.81,2026-01-21 05:03:30,17.404539,78.533554
V9799,Route-A,39.19,2026-01-22 15:56:30,12.976005,77.605128
V5271,Route-C,25.0,2026-01-16 13:49:30,12.944044,77.603954
V4445,Route-B,107.72,2026-01-17 02:54:30,12.956795,77.593846
V1113,Route-E,95.59,2026-01-23 01:33:30,28.676041,77.138717
V2440,Route-B,80.93,2026-01-20 07:21:30,28.67787,77.083529
V1246,Route-D,88.97,2026-01-16 14:14:30,12.952754,77.555124
V8209,Route-D,100.17,2026-01-19 09:57:30,12.984082,77.595807
V5503,Route-E,37.29,2026-01-16 19:10:30,17.379862,78.533024
V1843,Route-B,106.87,2026-01-21 12:50:30,28.679246,77.136741
V2656,Route-C,68.9,2026-01-17 17:51:30,17.338299,78.455701
V3647,Route-C,68.59,2026-01-22 04:02:30,13.103342,80.316527
V8572,Route-D,54.55,2026-01-17 00:23:30,28.726112,77.10225
V6268,Route-C,26.67,2026-01-21 03:04:30,19.114594,72.870364
V8138,Route-C,62.27,2026-01-22 10:25:30,12.992282,77.574317
V9661,Route-A,84.55,2026-01-21 03:15:30,17.374301,78.500193
V1716,Route-E,64.78,2026-01-20 16:06:30,19.117552,72.855927
V2612,Route-D,68.59,2026-01-19 02:57:30,17.336556,78.522571
V2071,Route-D,52.61,2026-01-19 09:06:30,28.748233,77.098934
V2803,Route-C,70.51,2026-01-18 05:39:30,13.094344,80.303553
V8128,Route-C,86.28,2026-01-17 10:52:30,17.395108,78.485204
V5457,Route-D,31.22,2026-01-22 13:19:30,28.716259,77.083923
V4467,Route-A,31.92,2026-01-20 20:51:30,13.034008,80.26236
V9558,Route-C,43.53,2026-01-21 12:01:30,19.070165,72.89174
V9281,Route-C,50.79,2026-01-21 02:20:30,19.058292,72.827993
V6459,Route-C,27.14,2026-01-18 23:49:30,13.038443,80.292398
V2942,Route-C,63.1,2026-01-20 14:51:30,28.660919,77.12483
V7802,Route-E,74.01,2026-01-21 06:40:30,12.999402,77.623179
V6142,Route-D,49.21,2026-01-18 16:04:30,12.92713,77.620762
V4191,Route-C,51.51,2026-01-22 14:36:30,19.120932,72.872147
V5272,Route-B,93.26,2026-01-18 23:24:30,12.98275,77.549098
V4433,Route-A,107.93,2026-01-21 12:25:30,17.372533,78.483625
V8826,Route-B,34.27,2026-01-20 12:08:30,17.335835,78.483271
V4721,Route-E,74.95,2026-01-16 16:55:30,13.039586,80.316352
V7053,Route-B,119.36,2026-01-17 11:25:30,13.004594,77.567032
V9774,Route-D,63.02,2026-01-18 14:49:30,13.039504,80.275365
V4089,Route-B,48.47,2026-01-22 00:56:30,17.342057,78.487974
V8196,Route-A,89.01,2026-01-19 04:23:30,19.057317,72.895999
V3376,Route-A,34.31,2026-01-21 09:18:30,13.020535,77.596992
V2395,Route-A,72.21,2026-01-21 05:51:30,17.433282,78.523315
V9490,Route-E,32.88,2026-01-16 13:43:30,12.983869,77.567195
V4529,Route-D,21.83,2026-01-20 01:11:30,17.386639,78.441836
V1274,Route-B,86.29,2026-01-16 14:23:30,19.026661,72.883019
V5234,Route-A,84.52,2026-01-17 03:46:30,13.08518,80.222322
V2370,Route-E,50.33,2026-01-20 23:23:30,12.948632,77.546996
V6537,Route-A,48.94,2026-01-18 01:28:30,13.067775,80.258499
V7658,Route-E,26.34,2026-01-22 05:24:30,28.681393,77.086941
V5609,Route-A,111.53,2026-01-17 11:02:30,17.358645,78.533473
V6168,Route-A,35.36,2026-01-23 03:51:30,12.938123,77.602339
V3686,Route-B,69.18,2026-01-17 02:30:30,17.379392,78.502557
V4991,Route-A,41.36,2026-01-17 16:05:30,19.117577,72.892822
V4823,Route-D,110.49,2026-01-20 23:28:30,17.413108,78.460922
V2185,Route-B,22.19,2026-01-19 05:20:30,19.092551,72.85806
V9973,Route-D,93.98,2026-01-19 09:40:30,19.094027,72.873963
V3480,Route-B,23.38,2026-01-18 08:49:30,28.74852,77.139687
V9392,Route-B,32.2,2026-01-21 06:14:30,13.107845,80.234248
V6526,Route-D,61.34,2026-01-16 15:10:30,17.347494,78.526901
V8948,Route-B,83.34,2026-01-22 16:19:30,19.068164,72.877298
V3872,Route-D,32.29,2026-01-16 08:20:30,19.115492,72.924325
V7751,Route-C,67.0,2026-01-20 14:32:30,19.11544,72.858759
V9465,Route-A,107.6,2026-01-22 13:01:30,12.974735,77.563604
V3228,Route-E,37.21,2026-01-18 12:51:30,13.039648,80.236531
V6254,Route-D,62.84,2026-01-17 04:42:30,12.981927,77.599541
V8217,Route-E,79.44,2026-01-17 23:06:30,28.708708,77.08833
V7175,Route-B,71.48,2026-01-16 16:08:30,17.417507,78.505353
V4653,Route-E,48.31,2026-01-17 22:53:30,28.68488,77.140313
V1889,Route-E,42.95,2026-01-19 06:32:30,12.988098,77.607241
V3030,Route-A,24.0,2026-01-17 20:56:30,13.07932,80.225781
V5481,Route-E,68.8,2026-01-16 10:38:30,13.096323,80.263457
V6285,Route-B,46.25,2026-01-16 23:30:30,28.73542,77.126434
V6172,Route-C,103.87,2026-01-19 19:09:30,13.003887,77.639947
V7833,Route-D,109.37,2026-01-21 02:48:30,17.345643,78.506063
V1228,Route-A,37.77,2026-01-19 01:44:30,12.978754,77.551042
V7504,Route-A,115.28,2026-01-17 17:23:30,28.725261,77.141721
V3751,Route-C,51.04,2026-01-21 22:06:30,13.103788,80.255031
V5802,Route-B,112.42,2026-01-22 05:59:30,17.362728,78.464026
V1701,Route-B,31.62,2026-01-22 09:22:30,19.042259,72.866747
V5650,Route-B,66.95,2026-01-19 13:36:30,28.658906,77.146518
V5842,Route-B,55.36,2026-01-20 16:49:30,13.039385,80.313739
V1100,Route-B,62.3,2026-01-17 07:15:30,13.098337,80.301895
V5790,Route-A,52.32,2026-01-16 16:39:30,17.37336,78.488322
V1475,Route-D,52.58,2026-01-21 12:27:30,28.733205,77.133467
V8029,Route-E,50.28,2026-01-18 08:48:30,13.067658,80.268868
V1063,Route-E,51.52,2026-01-22 03:44:30,28.684299,77.08917
V2934,Route-D,106.4,2026-01-19 20:04:30,13.038977,80.311161
V2773,Route-D,24.88,2026-01-17 17:45:30,12.958095,77.553734
V9948,Route-A,73.21,2026-01-16 17:14:30,28.656221,77.123668
V9733,Route-B,87.18,2026-01-22 16:41:30,13.005069,77.641027
V3874,Route-E,119.64,2026-01-17 23:34:30,19.089324,72.874069
V5723,Route-B,118.39,2026-01-18 00:46:30,17.390219,78.535274
V8663,Route-C,52.79,2026-01-23 03:46:30,13.001667,77.637379
V8219,Route-A,43.03,2026-01-21 02:30:30,28.746053,77.108783
V5706,Route-E,57.43,2026-01-18 23:26:30,13.003022,77.557098
V4129,Route-A,38.29,2026-01-16 17:36:30,17.401111,78.509452
V3895,Route-C,32.01,2026-01-22 04:25:30,13.116263,80.313189
V4287,Route-B,58.34,2026-01-16 14:21:30,19.042228,72.852486
V3100,Route-E,95.85,2026-01-16 08:52:30,19.092044,72.833059
V2967,Route-B,33.92,2026-01-20 20:23:30,17.33581,78.490027
V2233,Route-D,59.19,2026-01-17 08:53:30,19.040806,72.893978
V9378,Route-A,47.63,2026-01-18 06:31:30,13.126987,80.274518
V1010,Route-B,95.6,2026-01-21 21:54:30,17.414299,78.486123
V4771,Route-E,100.89,2026-01-21 05:06:30,13.078443,80.309838
V2763,Route-C,23.05,2026-01-20 01:03:30,28.678387,77.146691
V4594,Route-B,99.86,2026-01-19 02:10:30,19.044895,72.84037
V4079,Route-C,103.21,2026-01-19 02:27:30,13.116452,80.279054
V8054,Route-B,108.04,2026-01-18 22:20:30,17.358988,78.528891
V9675,Route-D,90.54,2026-01-22 18:46:30,19.039458,72.918606
V1852,Route-B,29.8,2026-01-22 06:17:30,12.97835,77.601395
V9794,Route-D,100.44,2026-01-19 12:14:30,19.045522,72.88699
V1416,Route-C,84.12,2026-01-16 18:56:30,17.337066,78.447634
V3491,Route-C,54.45,2026-01-16 13:30:30,13.110874,80.284772
V1065,Route-B,72.12,2026-01-20 11:18:30,28.708862,77.084496
V7017,Route-E,50.16,2026-01-20 18:00:30,19.084608,72.877734
V8581,Route-B,61.61,2026-01-22 02:03:30,19.070762,72.867003
V2445,Route-D,66.64,2026-01-21 20:29:30,13.086413,80.251911
V3044,Route-B,24.12,2026-01-18 05:02:30,12.985573,77.573582
V3202,Route-C,93.16,2026-01-17 07:55:30,13.097507,80.270885
V1654,Route-E,43.09,2026-01-21 20:11:30,17.39599,78.499104
V4016,Route-E,23.41,2026-01-18 11:27:30,12.995096,77.607682
V5940,Route-D,106.09,2026-01-19 01:36:30,28.674201,77.100704
V9279,Route-D,61.27,2026-01-22 16:39:30,17.433697,78.523657
V3675,Route-E,79.21,2026-01-16 21:36:30,12.936135,77.570323
V9347,Route-E,32.1,2026-01-20 15:38:30,19.047175,72.891719
V3106,Route-C,77.26,2026-01-20 00:34:30,17.353386,78.463813
V6976,Route-C,22.84,2026-01-17 05:44:30,13.105018,80.249771
V3409,Route-A,101.18,2026-01-17 10:22:30,28.666871,77.094373
V4269,Route-A,83.74,2026-01-21 03:56:30,19.034158,72.858706
V4916,Route-D,119.12,2026-01-17 12:20:30,17.414773,78.457563
V4529,Route-D,55.05,2026-01-18 04:42:30,13.076501,80.222625
V6142,Route-B,107.11,2026-01-17 00:10:30,13.043099,80.245828
V5922,Route-C,48.55,2026-01-18 22:01:30,12.98627,77.576436
V1140,Route-D,54.58,2026-01-19 20:03:30,17.393161,78.45839
V9047,Route-A,97.25,2026-01-21 00:42:30,28.724211,77.063795
V8680,Route-D,77.95,2026-01-21 06:32:30,12.954067,77.554718
V7704,Route-A,97.64,2026-01-18 07:22:30,13.090923,80.2385
V4525,Route-E,48.8,2026-01-21 05:55:30,12.964725,77.607153
V2370,Route-D,112.35,2026-01-16 14:54:30,17.389281,78.490022
V7212,Route-A,108.59,2026-01-20 05:23:30,12.994917,77.612394
V8802,Route-A,70.44,2026-01-18 01:49:30,17.347526,78.494898
V1175,Route-A,59.22,2026-01-17 03:03:30,17.383564,78.478105
V7541,Route-B,67.18,2026-01-22 04:00:30,28.698734,77.135366
V4199,Route-D,43.46,2026-01-17 07:28:30,17.394772,78.445104
V1676,Route-A,46.23,2026-01-19 09:10:30,12.955633,77.617066
V2455,Route-A,33.67,2026-01-20 02:56:30,13.006251,77.588624
V5457,Route-B,55.04,2026-01-17 04:08:30,17.346197,78.438697
V4717,Route-B,21.29,2026-01-19 03:52:30,12.998261,77.593497
V3953,Route-E,60.78,2026-01-20 05:49:30,19.045031,72.86644
V3847,Route-C,49.49,2026-01-21 21:32:30,28.751035,77.13715
V9699,Route-A,57.1,2026-01-16 15:04:30,13.106389,80.310381
V1792,Route-C,59.57,2026-01-18 15:16:30,13.100412,80.247234
V2171,Route-A,58.3,2026-01-18 17:32:30,17.343835,78.477888
V2109,Route-D,48.7,2026-01-17 02:06:30,12.972138,77.635974
V4652,Route-D,37.57,2026-01-17 07:23:30,13.054199,80.266466
V6792,Route-E,108.02,2026-01-20 11:55:30,13.130907,80.224147
V6374,Route-C,96.91,2026-01-22 22:36:30,19.063464,72.898625
V3854,Route-D,41.71,2026-01-21 13:15:30,28.67273,77.102433
V1762,Route-C,37.9,2026-01-17 15:51:30,19.111484,72.867297
V2926,Route-D,119.7,2026-01-21 01:48:30,13.099959,80.279368
V9850,Route-D,40.97,2026-01-16 15:17:30,12.949044,77.585893
V1789,Route-E,63.64,2026-01-16 16:47:30,12.950085,77.592758
V2356,Route-D,36.06,2026-01-16 22:21:30,13.114717,80.241864
V5192,Route-A,45.94,2026-01-19 12:44:30,19.057556,72.834732
V7998,Route-C,36.27,2026-01-21 15:59:30,28.747964,77.067561
V8275,Route-E,65.93,2026-01-18 21:42:30,17.426769,78.494632
V3267,Route-B,41.25,2026-01-18 11:46:30,17.423101,78.535749
V1908,Route-D,32.84,2026-01-17 03:46:30,13.100481,80.261972
V9996,Route-C,29.94,2026-01-22 14:46:30,12.996593,77.550547
V8765,Route-C,29.73,2026-01-22 05:07:30,13.036974,80.236595
V5303,Route-A,106.8,2026-01-17 19:30:30,19.04642,72.861492
V6206,Route-A,22.16,2026-01-16 21:54:30,13.082261,80.259801
V1254,Route-E,68.93,2026-01-22 06:59:30,28.729213,77.074457
V9456,Route-D,63.74,2026-01-21 21:08:30,13.065907,80.257366
V9597,Route-E,61.86,2026-01-20 03:22:30,19.029895,72.837466
V4437,Route-D,23.13,2026-01-21 21:28:30,13.061751,80.235489
V9802,Route-B,29.9,2026-01-18 05:25:30,13.119844,80.27152
V9010,Route-D,27.72,2026-01-21 07:45:30,19.095835,72.922999
V5429,Route-E,52.62,2026-01-20 21:21:30,13.036588,80.306104
V1981,Route-E,77.85,2026-01-21 09:34:30,13.020947,77.58711
V7225,Route-B,82.76,2026-01-22 12:54:30,17.409512,78.507431
V8281,Route-A,112.04,2026-01-17 17:14:30,19.09204,72.88046
V9460,Route-D,35.41,2026-01-20 02:56:30,17.348667,78.483559
V2355,Route-A,38.69,2026-01-17 10:28:30,28.696799,77.104391
V2284,Route-C,49.4,2026-01-22 07:41:30,28.675395,77.083145
V1047,Route-B,81.3,2026-01-17 06:12:30,13.082738,80.221253
V6861,Route-A,68.87,2026-01-23 01:01:30,28.655331,77.090883
V5604,Route-D,91.21,2026-01-19 17:35:30,28.671359,77.106285
V9656,Route-E,56.08,2026-01-18 00:40:30,13.128204,80.275245
V2437,Route-C,34.19,2026-01-20 05:44:30,17.374021,78.454232
V5145,Route-E,59.54,2026-01-21 15:23:30,13.130633,80.221407
V7025,Route-E,116.56,2026-01-21 10:18:30,28.749655,77.115866
V5824,Route-D,57.05,2026-01-17 03:24:30,19.114784,72.902323
V7490,Route-A,85.51,2026-01-22 14:52:30,13.000394,77.556988
V2934,Route-E,51.94,2026-01-20 04:09:30,19.029793,72.916704
V6411,Route-E,29.34,2026-01-20 01:09:30,17.345882,78.52003
V1073,Route-E,119.44,2026-01-19 13:20:30,17.401095,78.487684
V6378,Route-C,84.52,2026-01-21 16:37:30,19.102164,72.898579
V4667,Route-A,86.75,2026-01-21 20:29:30,12.921622,77.61048
V8723,Route-B,99.68,2026-01-18 03:25:30,13.088331,80.239192
V7381,Route-A,111.64,2026-01-21 09:32:30,17.356646,78.524101
V5166,Route-A,114.71,2026-01-20 01:42:30,12.928817,77.606815
V1517,Route-D,21.65,2026-01-19 21:54:30,28.657973,77.102825
V8315,Route-C,81.19,2026-01-18 22:55:30,13.033588,80.320232
V1588,Route-E,115.14,2026-01-18 15:04:30,17.383347,78.459595
V3564,Route-A,81.17,2026-01-21 15:24:30,19.125052,72.830917
V9915,Route-B,61.09,2026-01-16 15:47:30,13.075236,80.259916
V8656,Route-C,80.57,2026-01-23 02:03:30,19.106079,72.89286
V1243,Route-E,29.68,2026-01-20 13:54:30,28.670707,77.098699
V6101,Route-A,23.12,2026-01-18 17:55:30,13.107121,80.226053
V7406,Route-D,51.33,2026-01-21 22:59:30,13.102099,80.271295
V1331,Route-D,110.89,2026-01-21 01:40:30,28.688632,77.130456
V2707,Route-B,67.47,2026-01-19 22:36:30,13.045089,80.275359
V9995,Route-B,45.99,2026-01-22 07:36:30,17.344036,78.526213
V9484,Route-E,75.88,2026-01-17 22:49:30,12.943328,77.590353
V2446,Route-D,45.8,2026-01-18 02:02:30,12.99952,77.625939
V2148,Route-A,25.28,2026-01-21 19:31:30,13.131896,80.280667
V7646,Route-B,56.56,2026-01-22 03:31:30,19.115256,72.856313
V7517,Route-A,80.97,2026-01-19 11:29:30,12.978323,77.579322
V2173,Route-E,88.87,2026-01-20 03:11:30,19.123122,72.828757
V2349,Route-A,30.78,2026-01-20 01:45:30,28.721026,77.130883
V7016,Route-E,75.55,2026-01-17 06:24:30,28.678365,77.087978
V2718,Route-B,107.98,2026-01-18 19:22:30,28.73494,77.080585
V3405,Route-E,114.06,2026-01-21 15:10:30,19.044296,72.919964
V9648,Route-B,61.61,2026-01-18 23:52:30,17.417954,78.440202
V8162,Route-B,116.68,2026-01-18 20:38:30,28.750056,77.144405
V4999,Route-A,63.07,2026-01-16 19:37:30,19.056509,72.904969
V9246,Route-D,41.7,2026-01-20 12:22:30,12.967007,77.593307
V4848,Route-B,113.91,2026-01-22 15:09:30,17.345257,78.491139
V5820,Route-E,35.61,2026-01-21 22:29:30,19.123321,72.876519
V7677,Route-E,110.7,2026-01-18 16:32:30,12.997228,77.643339
V3639,Route-B,40.25,2026-01-21 14:51:30,19.113612,72.867328
V5458,Route-E,60.27,2026-01-22 02:44:30,13.092648,80.25246
V7216,Route-D,81.73,2026-01-17 19:21:30,13.090314,80.244438
V4431,Route-B,88.06,2026-01-23 03:31:30,28.734232,77.105159
V8740,Route-A,50.1,2026-01-21 10:49:30,28.712133,77.141303
V9845,Route-C,77.85,2026-01-17 04:21:30,28.673198,77.140907
V3922,Route-B,115.36,2026-01-18 23:25:30,28.753253,77.064883
V4267,Route-C,92.11,2026-01-16 12:49:30,17.407795,78.535995
V7032,Route-D,59.48,2026-01-17 08:22:30,19.029371,72.916353
V5238,Route-E,75.63,2026-01-17 07:46:30,19.106631,72.92615
V9774,Route-C,35.81,2026-01-19 15:29:30,19.08563,72.87874
V6812,Route-A,30.05,2026-01-19 21:43:30,17.42234,78.464398
V7705,Route-B,83.35,2026-01-22 02:01:30,19.11986,72.840581
V9892,Route-A,39.43,2026-01-21 11:15:30,13.088966,80.261031
V1533,Route-A,58.29,2026-01-16 13:07:30,12.974531,77.576377
V6063,Route-C,115.77,2026-01-16 23:55:30,19.097511,72.84248
V9476,Route-B,113.8,2026-01-19 22:50:30,19.056706,72.900867
V8803,Route-A,29.32,2026-01-22 22:32:30,13.117558,80.231978
V5228,Route-B,36.25,2026-01-17 02:48:30,13.127665,80.255939
V5400,Route-A,97.23,2026-01-22 23:54:30,17.403423,78.453105
V8877,Route-A,29.88,2026-01-20 09:30:30,19.10006,72.871962
V9214,Route-E,78.22,2026-01-22 02:39:30,17.399609,78.455957
V8365,Route-D,46.77,2026-01-19 21:44:30,13.080326,80.276374
V5878,Route-D,31.87,2026-01-19 02:54:30,28.659028,77.066968
V8608,Route-C,68.67,2026-01-16 12:48:30,13.098871,80.245263
V1841,Route-A,111.24,2026-01-20 06:23:30,12.983841,77.557962
V8935,Route-E,21.52,2026-01-17 18:20:30,13.06644,80.293184
V5928,Route-E,50.53,2026-01-19 22:31:30,13.095785,80.303855
V6418,Route-A,26.14,2026-01-16 10:12:30,17.340013,78.495315
V9641,Route-A,41.24,2026-01-21 14:15:30,28.742253,77.063957
V7489,Route-A,62.43,2026-01-19 09:36:30,17.350166,78.531367
V8509,Route-B,112.24,2026-01-21 14:32:30,13.087176,80.258105
V7695,Route-E,113.73,2026-01-20 19:02:30,13.127813,80.28632
V5574,Route-A,99.77,2026-01-19 07:27:30,13.117525,80.29219
V8037,Route-B,103.03,2026-01-17 04:08:30,13.02004,77.595603
V5015,Route-B,64.07,2026-01-20 14:28:30,17.335303,78.518626
V8925,Route-A,114.66,2026-01-19 06:23:30,19.103443,72.86681
V4666,Route-D,40.74,2026-01-20 16:31:30,19.084358,72.892776
V9582,Route-B,107.99,2026-01-19 16:19:30,12.976518,77.594378
V8151,Route-B,21.55,2026-01-16 21:54:30,19.069156,72.859294
V1057,Route-E,37.4,2026-01-17 15:35:30,12.93105,77.572468
V3955,Route-C,102.42,2026-01-17 05:44:30,13.001298,77.584309
V5706,Route-E,118.77,2026-01-22 11:50:30,17.412928,78.53224
V8450,Route-D,111.67,2026-01-19 20:49:30,28.72686,77.128773
V9736,Route-A,116.67,2026-01-18 03:42:30,28.675295,77.120003
V1106,Route-E,51.23,2026-01-21 18:55:30,19.097522,72.861986
V2222,Route-D,78.7,2026-01-20 13:51:30,19.099757,72.856498
V2299,Route-C,61.95,2026-01-21 22:34:30,17.404024,78.507773
V1565,Route-E,98.08,2026-01-18 13:25:30,13.089057,80.312694
V5761,Route-E,112.77,2026-01-18 12:51:30,19.093029,72.859197
V5173,Route-B,82.52,2026-01-19 03:31:30,12.950735,77.608868
V4785,Route-A,109.88,2026-01-22 14:28:30,17.359484,78.492684
V2707,Route-A,99.5,2026-01-16 18:11:30,28.711179,77.11557
V9341,Route-E,75.44,2026-01-21 08:02:30,19.120342,72.867299
V5201,Route-C,111.14,2026-01-21 22:00:30,28.675625,77.088323
V1292,Route-B,47.7,2026-01-19 13:16:30,19.076973,72.836945
V7890,Route-C,49.37,2026-01-19 00:15:30,19.089646,72.831019
V2678,Route-A,102.23,2026-01-20 02:23:30,17.335674,78.437708
V4603,Route-C,32.22,2026-01-20 02:19:30,19.108366,72.91944
V3717,Route-C,65.19,2026-01-16 18:31:30,13.118026,80.226187
V5678,Route-B,77.28,2026-01-16 17:33:30,12.937196,77.593987
V5861,Route-D,89.16,2026-01-19 07:19:30,28.742526,77.147245
V5860,Route-B,57.74,2026-01-19 12:49:30,13.011722,77.624902
V6951,Route-C,47.91,2026-01-16 15:45:30,19.098037,72.866517
V6886,Route-B,107.34,2026-01-20 05:25:30,17.371421,78.511393
V5828,Route-A,60.04,2026-01-16 23:31:30,13.108733,80.306425
V6376,Route-A,83.22,2026-01-22 20:47:30,13.130623,80.276312
V3940,Route-D,36.7,2026-01-21 12:52:30,13.055931,80.299451
V5229,Route-C,81.25,2026-01-16 08:29:30,13.090568,80.252336
V7888,Route-B,25.56,2026-01-16 18:43:30,13.118342,80.287943
V5444,Route-E,55.36,2026-01-20 08:29:30,17.374523,78.517453
V4274,Route-C,51.1,2026-01-20 21:43:30,13.078949,80.31162
V6423,Route-C,65.44,2026-01-20 06:11:30,17.347487,78.51815
V3817,Route-C,49.17,2026-01-17 05:21:30,28.753375,77.090923
V9989,Route-B,44.53,2026-01-21 12:07:30,28.73616,77.133163
V2076,Route-E,40.61,2026-01-16 06:36:30,17.376008,78.53612
V2803,Route-C,115.44,2026-01-19 04:44:30,17.346819,78.477987
V7297,Route-D,113.02,2026-01-16 22:34:30,19.101307,72.873284
V7127,Route-E,119.01,2026-01-17 11:04:30,12.994571,77.639367
V2870,Route-D,30.84,2026-01-20 23:46:30,19.078001,72.884114
V9540,Route-E,98.02,2026-01-17 18:21:30,19.077955,72.880929
V3242,Route-A,97.72,2026-01-18 18:42:30,13.004074,77.595718
V3793,Route-C,89.57,2026-01-18 22:29:30,13.038794,80.284494
V5371,Route-C,65.87,2026-01-20 10:12:30,17.34006,78.52244
V5603,Route-D,20.7,2026-01-18 10:42:30,13.03371,80.309161
V4878,Route-C,113.59,2026-01-18 11:23:30,19.0575,72.895451
V7095,Route-E,37.43,2026-01-18 21:02:30,13.130702,80.301246
V9474,Route-E,55.28,2026-01-22 10:33:30,17.414916,78.478329
V9079,Route-D,51.76,2026-01-22 18:05:30,28.698307,77.106141
V1617,Route-E,87.3,2026-01-18 07:57:30,17.356484,78.534689
V7468,Route-C,33.33,2026-01-21 09:22:30,17.337847,78.439081
V8838,Route-E,22.35,2026-01-17 05:29:30,28.71995,77.113378
V2017,Route-A,61.33,2026-01-19 21:54:30,17.421834,78.440876
V8248,Route-A,67.48,2026-01-19 02:16:30,13.1163,80.292256
V6167,Route-B,52.54,2026-01-19 11:02:30,12.925812,77.638879
V7138,Route-A,75.83,2026-01-22 05:25:30,13.10795,80.286224
V1906,Route-B,103.71,2026-01-21 13:02:30,12.925101,77.642871
V9670,Route-B,30.59,2026-01-20 22:10:30,28.717673,77.136769
V1485,Route-E,39.26,2026-01-20 14:14:30,17.421283,78.511993
V5268,Route-B,88.67,2026-01-17 14:16:30,13.08824,80.25648
V6208,Route-C,100.5,2026-01-16 20:51:30,28.708166,77.104107
V5839,Route-A,109.15,2026-01-22 01:43:30,17.375594,78.518843
V2265,Route-E,55.45,2026-01-20 09:31:30,19.106438,72.860911
V5063,Route-D,93.84,2026-01-21 15:01:30,12.955784,77.566711
V2135,Route-B,32.18,2026-01-17 14:54:30,19.120203,72.883769
V2816,Route-A,33.64,2026-01-18 08:27:30,12.952819,77.595616
V8717,Route-E,82.53,2026-01-20 22:26:30,13.0005,77.635673
V5415,Route-D,82.16,2026-01-20 19:55:30,12.930424,77.577822
V9722,Route-B,34.63,2026-01-20 07:40:30,28.66891,77.102861
V3128,Route-B,60.36,2026-01-20 06:01:30,12.941251,77.635387
V2953,Route-E,59.16,2026-01-21 20:35:30,28.710533,77.082037
V3209,Route-A,66.06,2026-01-17 20:44:30,19.031837,72.868229
V3654,Route-C,41.64,2026-01-23 03:21:30,13.101571,80.246626
V6172,Route-E,91.83,2026-01-22 01:15:30,19.048475,72.835145
V5080,Route-B,112.58,2026-01-22 02:33:30,13.018711,77.552165
V6707,Route-D,104.32,2026-01-18 16:48:30,19.104939,72.889038
V5376,Route-C,33.72,2026-01-21 07:35:30,17.340603,78.502048
V2680,Route-D,57.98,2026-01-16 14:06:30,12.990912,77.599826
V2741,Route-B,63.08,2026-01-19 05:16:30,13.072261,80.272953
V3212,Route-E,76.13,2026-01-17 17:10:30,13.103204,80.294465
V3744,Route-D,66.1,2026-01-17 11:50:30,17.39708,78.514176
V6313,Route-D,110.21,2026-01-21 12:16:30,28.724476,77.095859
V5428,Route-D,113.09,2026-01-19 11:31:30,19.039993,72.848393
V8108,Route-E,27.46,2026-01-17 12:02:30,28.73837,77.131695
V7912,Route-B,91.03,2026-01-21 13:11:30,19.064606,72.842807
V8591,Route-B,117.49,2026-01-21 05:55:30,13.118945,80.27675
V1048,Route-B,75.83,2026-01-20 22:47:30,13.090984,80.285005
V3353,Route-B,86.6,2026-01-21 02:29:30,12.956915,77.595428
V4577,Route-A,78.45,2026-01-22 00:00:30,19.125997,72.895808
V2696,Route-B,61.39,2026-01-21 17:00:30,19.116804,72.873386
V4703,Route-D,79.72,2026-01-18 11:18:30,19.120928,72.903927
V7032,Route-E,53.23,2026-01-19 20:02:30,28.700036,77.144162
V8853,Route-D,73.61,2026-01-22 11:32:30,17.335367,78.53004
V7746,Route-B,101.35,2026-01-16 12:16:30,13.11167,80.25376
V5308,Route-C,43.44,2026-01-20 18:14:30,28.699756,77.1493
V9626,Route-C,34.88,2026-01-17 00:35:30,13.110637,80.285342
V9821,Route-A,106.01,2026-01-16 22:51:30,17.403425,78.444068
V9251,Route-D,39.04,2026-01-16 15:28:30,19.12056,72.90922
V7084,Route-C,98.8,2026-01-18 18:20:30,19.067624,72.883804
V7984,Route-A,88.94,2026-01-22 01:41:30,13.018205,77.584811
V5464,Route-E,64.35,2026-01-19 16:56:30,17.38831,78.513522
V9612,Route-C,49.49,2026-01-19 18:17:30,17.353178,78.526005
V8824,Route-D,103.55,2026-01-19 15:18:30,13.035146,80.308874
V6118,Route-B,32.42,2026-01-22 15:02:30,19.050321,72.837373
V4370,Route-A,42.61,2026-01-20 21:26:30,13.110514,80.280198
V4306,Route-D,44.03,2026-01-20 23:38:30,17.369846,78.447621
V6460,Route-D,109.0,2026-01-23 03:29:30,19.060449,72.877836
V9612,Route-C,37.26,2026-01-17 22:43:30,12.935698,77.551056
V3901,Route-B,20.32,2026-01-20 21:31:30,28.751385,77.137573
V7186,Route-E,79.11,2026-01-18 05:36:30,17.434838,78.440316
V4260,Route-D,108.45,2026-01-21 03:42:30,12.953908,77.641333
V8477,Route-B,95.15,2026-01-19 21:36:30,19.099722,72.881041
V2942,Route-A,62.07,2026-01-18 12:42:30,17.384933,78.503484
V4350,Route-B,36.96,2026-01-19 05:31:30,13.087288,80.230559
V5627,Route-D,27.25,2026-01-18 14:37:30,28.740109,77.10276
V8491,Route-A,72.15,2026-01-22 02:05:30,19.09218,72.901648
V2342,Route-E,42.58,2026-01-20 11:12:30,28.737013,77.103454
V5187,Route-E,113.47,2026-01-22 20:31:30,13.043563,80.243944
V1300,Route-B,77.89,2026-01-21 23:45:30,13.091906,80.259721
V9196,Route-E,74.37,2026-01-18 13:27:30,13.099273,80.23614
V5301,Route-D,83.87,2026-01-18 01:06:30,17.403787,78.486677
V8709,Route-B,41.34,2026-01-21 10:10:30,17.384608,78.477338
V8381,Route-E,26.93,2026-01-22 12:44:30,19.107919,72.906985
V1280,Route-E,99.07,2026-01-19 03:20:30,17.423274,78.46197
V7976,Route-A,33.02,2026-01-22 23:44:30,19.058652,72.838662
V2737,Route-B,59.06,2026-01-19 20:57:30,19.057326,72.827858
V7507,Route-B,55.15,2026-01-17 19:15:30,13.072475,80.301995
V6891,Route-B,47.92,2026-01-21 17:59:30,13.086973,80.310572
V1413,Route-B,86.19,2026-01-19 14:35:30,19.11957,72.920201
V9376,Route-A,34.77,2026-01-16 19:18:30,13.113355,80.221563
V5017,Route-E,95.83,2026-01-22 22:02:30,13.045375,80.269543
V5679,Route-A,20.67,2026-01-20 09:29:30,13.003602,77.633098
V3392,Route-A,74.35,2026-01-21 02:35:30,19.05167,72.916914
V1731,Route-C,36.44,2026-01-17 08:46:30,17.38619,78.457699
V9528,Route-D,40.47,2026-01-22 19:33:30,17.345358,78.49878
V3317,Route-D,71.94,2026-01-20 11:14:30,19.026794,72.89926
V1004,Route-B,66.43,2026-01-21 18:32:30,19.104804,72.864218
V7658,Route-B,56.32,2026-01-18 16:52:30,17.375534,78.509704
V5055,Route-A,54.36,2026-01-22 05:56:30,19.125546,72.877097
V3314,Route-C,29.21,2026-01-19 01:10:30,17.381699,78.468135
V6449,Route-E,30.32,2026-01-16 11:08:30,17.34999,78.43958
V8683,Route-B,112.76,2026-01-17 04:08:30,17.348241,78.458952
V3303,Route-C,49.14,2026-01-21 16:02:30,19.103725,72.89613
V7879,Route-B,44.81,2026-01-16 21:16:30,19.053767,72.877101
V8967,Route-A,58.17,2026-01-19 04:22:30,13.056486,80.231487
V5948,Route-A,88.55,2026-01-20 22:59:30,28.747679,77.069074
V8367,Route-D,77.8,2026-01-16 22:23:30,12.962443,77.633267
V4537,Route-A,114.64,2026-01-18 17:29:30,12.923227,77.570225
V2233,Route-E,85.13,2026-01-21 15:19:30,19.040305,72.888531
V2336,Route-D,78.53,2026-01-20 02:59:30,13.070945,80.285497
V3982,Route-E,62.66,2026-01-21 14:14:30,13.127031,80.251909
V8204,Route-A,96.99,2026-01-20 05:41:30,17.432362,78.491553
V8398,Route-B,49.96,2026-01-21 18:24:30,13.110414,80.233056
V7963,Route-D,45.5,2026-01-20 14:46:30,13.09191,80.294948
V8870,Route-B,57.05,2026-01-22 10:28:30,13.019558,77.608604
V3859,Route-B,76.89,2026-01-19 18:47:30,13.121517,80.306234
V3735,Route-A,54.33,2026-01-21 14:27:30,19.091191,72.831076
V4213,Route-B,118.42,2026-01-20 08:14:30,17.403445,78.478615
V4339,Route-E,37.74,2026-01-20 20:16:30,13.00338,77.554656
V8414,Route-A,111.91,2026-01-19 15:49:30,12.959892,77.575869
V1267,Route-C,72.01,2026-01-20 17:57:30,17.370391,78.530978
V6897,Route-A,109.21,2026-01-21 17:33:30,17.394069,78.47125
V3555,Route-B,83.7,2026-01-22 12:54:30,13.033521,80.250555
V3965,Route-D,75.54,2026-01-17 23:53:30,19.07098,72.873977
V3172,Route-C,100.66,2026-01-16 20:04:30,13.019418,77.639902
V6443,Route-B,103.88,2026-01-17 17:29:30,17.372537,78.478374
V2984,Route-C,31.91,2026-01-16 23:30:30,19.093531,72.83716
V6955,Route-A,38.5,2026-01-21 13:49:30,17.43469,78.520266
V8247,Route-E,31.99,2026-01-16 10:17:30,12.964205,77.596782
V7745,Route-C,83.27,2026-01-20 05:28:30,28.715862,77.083133
V4061,Route-C,98.53,2026-01-18 04:40:30,17.341604,78.490772
V6869,Route-B,97.56,2026-01-21 13:06:30,28.703557,77.075212
V8657,Route-A,112.15,2026-01-22 00:59:30,28.727685,77.135094
V7616,Route-C,20.03,2026-01-19 11:06:30,28.753204,77.113032
V1339,Route-B,29.26,2026-01-21 12:51:30,17.414297,78.477363
V9571,Route-C,119.65,2026-01-22 20:08:30,12.978744,77.588246
V1085,Route-A,111.57,2026-01-17 23:59:30,12.950964,77.592974
V1468,Route-D,61.22,2026-01-19 12:44:30,28.728253,77.118438
V3765,Route-E,37.04,2026-01-22 15:25:30,19.114022,72.874878
V6670,Route-B,59.0,2026-01-16 20:34:30,28.693708,77.057736
V5641,Route-E,70.73,2026-01-17 19:17:30,19.065243,72.890957
V4208,Route-C,53.11,2026-01-20 22:57:30,17.35125,78.441376
V9859,Route-A,110.68,2026-01-18 12:30:30,19.075945,72.852237
V8372,Route-B,49.92,2026-01-17 04:21:30,17.404256,78.520387
V4603,Route-C,82.54,2026-01-17 00:01:30,12.934748,77.640307
V9859,Route-E,72.16,2026-01-17 14:33:30,17.381174,78.448583
V2428,Route-D,28.2,2026-01-17 17:57:30,19.092405,72.906705
V3504,Route-C,115.16,2026-01-20 21:19:30,19.089916,72.869095
V3685,Route-D,96.71,2026-01-20 07:11:30,13.032711,80.28583
V4617,Route-B,114.24,2026-01-17 19:59:30,13.038437,80.243232
V3067,Route-C,28.3,2026-01-22 20:17:30,17.373394,78.494994
V1451,Route-D,47.19,2026-01-20 17:31:30,19.104074,72.885557
V9540,Route-D,86.91,2026-01-17 21:25:30,19.043514,72.844664
V1515,Route-A,28.33,2026-01-18 03:36:30,17.374862,78.508402
V6599,Route-A,65.94,2026-01-16 06:46:30,17.342165,78.452423
V5291,Route-E,41.85,2026-01-21 23:20:30,28.668206,77.15151
V7202,Route-E,106.31,2026-01-16 13:08:30,12.99663,77.584874
V4865,Route-A,80.6,2026-01-21 09:30:30,13.038589,80.260467
V8051,Route-C,67.38,2026-01-17 18:06:30,13.00404,77.553803
V7782,Route-B,83.1,2026-01-21 10:30:30,17.408273,78.446068
V5468,Route-D,118.29,2026-01-20 14:58:30,28.714044,77.067091
V2818,Route-C,68.25,2026-01-21 15:59:30,13.04334,80.292713
V4460,Route-A,61.1,2026-01-22 16:52:30,19.037557,72.837998
V8755,Route-A,82.04,2026-01-21 16:32:30,28.705846,77.089837
V9992,Route-D,83.36,2026-01-19 11:17:30,17.368522,78.513765
V1305,Route-D,40.46,2026-01-16 11:20:30,12.957574,77.639851
V8596,Route-C,84.25,2026-01-19 03:42:30,19.094295,72.870006
V8251,Route-D,20.81,2026-01-18 05:37:30,19.096605,72.902533
V7114,Route-C,54.21,2026-01-18 21:21:30,19.090446,72.918012
V3113,Route-B,95.14,2026-01-16 16:27:30,17.384389,78.477963
V3477,Route-D,68.62,2026-01-17 06:19:30,13.097221,80.296218
V5703,Route-A,25.02,2026-01-19 22:07:30,19.073419,72.918302
V9968,Route-C,57.27,2026-01-20 15:27:30,12.995883,77.602108
V4936,Route-B,103.55,2026-01-21 21:37:30,19.096983,72.9264
V9637,Route-C,90.99,2026-01-18 05:13:30,19.114377,72.852047
V6763,Route-E,79.92,2026-01-22 13:43:30,28.658549,77.07284
V4892,Route-D,23.51,2026-01-16 15:19:30,19.057954,72.92381
V3680,Route-D,74.21,2026-01-19 15:56:30,12.946541,77.578456
V7239,Route-D,57.74,2026-01-22 02:01:30,17.361436,78.514351
V5155,Route-E,45.95,2026-01-19 00:21:30,19.074563,72.895364
V3123,Route-A,81.05,2026-01-16 14:19:30,13.061798,80.270179
V9329,Route-A,102.86,2026-01-20 01:40:30,12.924497,77.635838
V4337,Route-E,105.82,2026-01-19 09:34:30,13.130561,80.260761
V1018,Route-A,119.02,2026-01-18 00:16:30,12.983906,77.616427
V1118,Route-A,66.56,2026-01-20 01:36:30,17.425977,78.508424
V3867,Route-C,50.2,2026-01-17 06:25:30,19.07355,72.916891
V3982,Route-A,67.4,2026-01-19 18:40:30,17.38825,78.44546
V5071,Route-B,99.78,2026-01-20 21:08:30,28.73904,77.076694
V2332,Route-E,103.16,2026-01-19 21:12:30,28.705274,77.137887
V8833,Route-C,119.89,2026-01-17 04:28:30,17.345107,78.47415
V6196,Route-B,109.03,2026-01-16 21:42:30,12.99713,77.584682
V3382,Route-B,119.78,2026-01-19 13:16:30,13.109326,80.221942
V1947,Route-A,20.14,2026-01-18 09:38:30,13.086629,80.273539
V8587,Route-A,22.16,2026-01-19 19:24:30,13.062551,80.224226
V1946,Route-E,61.23,2026-01-20 10:58:30,17.387202,78.491062
V8776,Route-B,55.23,2026-01-19 11:50:30,12.972343,77.583217
V7547,Route-C,86.02,2026-01-16 23:37:30,12.997131,77.545559
V5581,Route-A,86.26,2026-01-17 01:58:30,17.410099,78.496547
V6624,Route-C,30.06,2026-01-20 09:50:30,19.069255,72.882684
V4299,Route-D,78.87,2026-01-18 16:53:30,12.92448,77.642481
V3332,Route-E,106.9,2026-01-21 04:23:30,13.050164,80.232798
V6858,Route-D,106.83,2026-01-17 08:14:30,28.689112,77.103595
V7822,Route-A,33.67,2026-01-20 20:36:30,28.655454,77.090448
V5395,Route-B,36.69,2026-01-22 20:06:30,12.936381,77.620314
V2237,Route-C,97.49,2026-01-21 02:43:30,12.987763,77.587599
V7289,Route-D,104.16,2026-01-21 13:54:30,19.102693,72.882748
V4857,Route-E,45.87,2026-01-22 08:57:30,28.673814,77.12697
V1485,Route-A,82.34,2026-01-20 21:40:30,17.343755,78.511372
V5992,Route-A,78.5,2026-01-22 07:20:30,13.072272,80.226048
V1672,Route-B,52.45,2026-01-17 22:43:30,28.697083,77.072066
V5386,Route-E,53.55,2026-01-18 05:45:30,19.087629,72.844829
V1118,Route-E,70.35,2026-01-20 03:03:30,17.41762,78.465675
V2756,Route-E,88.44,2026-01-21 13:14:30,28.734207,77.09166
V1478,Route-D,70.78,2026-01-17 08:56:30,17.337959,78.476538
V7945,Route-B,68.69,2026-01-23 03:02:30,13.092937,80.290809
V6411,Route-C,27.48,2026-01-23 00:03:30,17.386143,78.466036
V1485,Route-C,48.09,2026-01-19 16:31:30,17.418051,78.458881
V2271,Route-A,76.16,2026-01-20 02:56:30,19.098453,72.912935
V3352,Route-E,50.85,2026-01-17 11:25:30,13.042517,80.284119
V9681,Route-C,59.55,2026-01-19 01:37:30,13.043924,80.25801
V1252,Route-C,24.86,2026-01-17 19:48:30,13.081722,80.263919
V7778,Route-C,30.66,2026-01-16 18:20:30,12.932027,77.609922
V1183,Route-A,56.0,2026-01-22 08:51:30,19.090394,72.920093
V6563,Route-A,83.78,2026-01-17 02:35:30,28.711839,77.150436
V8960,Route-D,112.3,2026-01-21 05:12:30,13.044411,80.253762
V3351,Route-B,40.86,2026-01-17 14:02:30,13.005645,77.628373
V2330,Route-B,118.24,2026-01-22 07:47:30,17.38159,78.480257
V1254,Route-C,116.81,2026-01-19 23:47:30,17.354397,78.521282
V9473,Route-D,52.63,2026-01-21 22:48:30,12.937768,77.633706
V4001,Route-B,33.71,2026-01-20 06:00:30,17.413242,78.530889
V3362,Route-C,29.98,2026-01-16 14:11:30,17.395318,78.513437
V6369,Route-D,106.88,2026-01-16 16:54:30,13.007087,77.640096
V6982,Route-B,87.56,2026-01-17 01:58:30,12.972074,77.607139
V2612,Route-A,111.81,2026-01-16 15:35:30,28.659773,77.068213
V2157,Route-C,43.93,2026-01-19 10:36:30,17.426446,78.497659
V8488,Route-A,69.84,2026-01-21 00:09:30,17.407336,78.515783
V4009,Route-D,59.37,2026-01-19 20:21:30,13.108676,80.244079
V3690,Route-B,116.23,2026-01-18 01:33:30,19.035986,72.829679
V6398,Route-B,113.68,2026-01-20 08:30:30,17.428544,78.499567
V8929,Route-B,50.99,2026-01-20 13:11:30,12.957857,77.629543
V2961,Route-D,77.09,2026-01-23 02:13:30,17.341481,78.533426
V8417,Route-A,98.77,2026-01-19 00:23:30,28.732551,77.106079
V2264,Route-D,51.37,2026-01-21 18:59:30,19.075978,72.925419
V5469,Route-A,78.8,2026-01-21 07:17:30,13.10548,80.281143
V4398,Route-D,47.37,2026-01-22 18:07:30,13.111756,80.278592
V4986,Route-C,82.16,2026-01-17 23:38:30,17.346649,78.450296
V7734,Route-C,97.84,2026-01-20 11:04:30,19.093582,72.865419
V5146,Route-D,109.61,2026-01-22 02:55:30,13.090578,80.272392
V5085,Route-B,103.4,2026-01-20 22:54:30,28.684531,77.065203
V7542,Route-A,48.25,2026-01-22 20:06:30,12.925378,77.585078
V5984,Route-D,22.36,2026-01-21 13:21:30,19.098246,72.913185
V5174,Route-D,103.14,2026-01-20 08:44:30,13.12515,80.30954
V5561,Route-E,82.47,2026-01-19 01:40:30,13.119134,80.264146
V2811,Route-C,98.07,2026-01-16 12:27:30,12.964232,77.627703
V9401,Route-B,87.04,2026-01-17 14:28:30,12.938948,77.616811
V6410,Route-D,58.45,2026-01-19 00:20:30,28.699263,77.069813
V2000,Route-B,99.86,2026-01-17 05:21:30,28.747869,77.123236
V2241,Route-B,99.26,2026-01-22 04:16:30,12.962202,77.591044
V4020,Route-E,68.78,2026-01-21 08:10:30,13.106152,80.267287
V1518,Route-E,20.74,2026-01-20 02:21:30,17.370821,78.470368
V9036,Route-B,108.31,2026-01-16 09:00:30,28.749293,77.152042
V5842,Route-B,73.14,2026-01-16 13:01:30,19.063198,72.842981
V4552,Route-D,73.3,2026-01-16 11:53:30,13.10951,80.270476
V5076,Route-E,75.26,2026-01-18 21:20:30,17.419727,78.505832
V5265,Route-D,20.69,2026-01-22 17:25:30,28.657202,77.055238
V7981,Route-D,113.65,2026-01-22 15:28:30,13.072601,80.284946
V9549,Route-B,106.03,2026-01-19 21:55:30,19.116949,72.903814
V8696,Route-A,89.8,2026-01-18 16:16:30,19.054675,72.874936
V4668,Route-A,71.49,2026-01-19 09:44:30,19.065126,72.906408
V1953,Route-A,101.85,2026-01-18 10:48:30,19.092185,72.879113
V7224,Route-A,68.9,2026-01-21 01:47:30,28.658089,77.120764
V2725,Route-C,117.41,2026-01-21 02:50:30,17.347188,78.480003
V3664,Route-C,37.26,2026-01-20 14:42:30,28.680839,77.053087
V3960,Route-D,29.73,2026-01-19 11:19:30,19.11843,72.890935
V1944,Route-C,72.94,2026-01-19 23:54:30,13.105648,80.226676
V3706,Route-E,118.47,2026-01-18 10:35:30,13.055615,80.246818
V3379,Route-C,27.82,2026-01-17 08:25:30,19.063851,72.864037
V7977,Route-A,104.12,2026-01-19 10:36:30,19.031532,72.886662
V6260,Route-A,30.05,2026-01-22 22:24:30,19.108754,72.867283
V2298,Route-E,53.23,2026-01-17 09:21:30,28.705302,77.148057
V6985,Route-A,45.96,2026-01-16 22:35:30,17.419155,78.44216
V5972,Route-A,91.12,2026-01-20 04:29:30,17.356598,78.485562
V2919,Route-A,105.28,2026-01-22 12:47:30,17.336719,78.455718
V5574,Route-E,48.24,2026-01-18 09:55:30,17.364012,78.449206
V6416,Route-B,39.95,2026-01-17 07:28:30,28.753345,77.097153
V9696,Route-E,110.12,2026-01-20 13:57:30,28.684158,77.082771
V7811,Route-D,53.04,2026-01-21 02:26:30,19.052,72.902936
V9873,Route-A,34.76,2026-01-19 20:02:30,28.739972,77.077259
V1833,Route-A,44.47,2026-01-21 08:17:30,17.391728,78.486315
V6870,Route-C,113.72,2026-01-21 06:02:30,17.394536,78.450776
V5075,Route-C,55.19,2026-01-22 21:17:30,13.08986,80.23095
V5438,Route-D,34.95,2026-01-21 17:38:30,28.65486,77.073222
V8026,Route-C,103.27,2026-01-19 13:03:30,19.104641,72.912332
V2691,Route-B,21.34,2026-01-17 18:16:30,28.751175,77.092115
V6890,Route-E,24.09,2026-01-17 19:13:30,17.393049,78.535045
V3706,Route-A,35.73,2026-01-21 11:14:30,12.95675,77.551682
V7798,Route-E,68.93,2026-01-22 05:08:30,17.410138,78.493439
V1987,Route-D,64.68,2026-01-18 18:24:30,17.337617,78.436784
V3699,Route-B,114.83,2026-01-17 05:47:30,12.988739,77.574362
V2373,Route-D,27.64,2026-01-19 13:04:30,17.335211,78.518181
V3471,Route-D,44.79,2026-01-18 10:10:30,13.046474,80.236527
V8390,Route-A,106.38,2026-01-17 17:00:30,13.07872,80.306291
V8150,Route-B,71.0,2026-01-18 16:52:30,19.035536,72.880026
V8088,Route-C,87.69,2026-01-16 16:32:30,17.396236,78.536552
V9759,Route-D,43.0,2026-01-18 10:27:30,13.049938,80.317166
V7929,Route-D,83.25,2026-01-16 14:37:30,13.117583,80.283495
V7055,Route-A,38.18,2026-01-16 21:34:30,19.056008,72.92705
V6114,Route-D,45.91,2026-01-17 09:06:30,17.391477,78.50424
V9143,Route-E,85.09,2026-01-19 09:48:30,17.369232,78.491458
V8134,Route-E,77.71,2026-01-16 18:35:30,13.079053,80.306509
V2269,Route-A,54.81,2026-01-17 03:42:30,13.069994,80.300647
V3706,Route-C,81.39,2026-01-17 22:22:30,17.346429,78.500588
V4928,Route-C,82.02,2026-01-18 09:29:30,19.038097,72.894939
V3026,Route-C,30.5,2026-01-17 00:54:30,28.6782,77.112457
V8627,Route-C,98.84,2026-01-21 13:12:30,12.974866,77.641779
V4664,Route-B,82.17,2026-01-17 21:50:30,13.093058,80.248025
V2894,Route-E,96.9,2026-01-19 11:43:30,17.407285,78.471279
V6311,Route-D,82.42,2026-01-21 04:02:30,17.369949,78.50472
V5811,Route-B,82.12,2026-01-17 23:45:30,19.069758,72.828807
V7346,Route-A,48.17,2026-01-22 15:19:30,13.009708,77.55953
V3761,Route-B,102.95,2026-01-21 04:03:30,28.699273,77.130942
V1503,Route-E,69.56,2026-01-19 22:11:30,19.077272,72.895944
V3999,Route-D,82.84,2026-01-20 03:43:30,28.733727,77.11941
V8165,Route-D,56.16,2026-01-19 11:25:30,19.028,72.867835
V3464,Route-E,72.32,2026-01-17 21:02:30,17.404268,78.505444
V7249,Route-A,71.74,2026-01-17 10:22:30,13.079609,80.3125
V8444,Route-C,41.22,2026-01-18 17:39:30,12.951892,77.609028
V6696,Route-B,29.29,2026-01-22 07:09:30,28.697297,77.142064
V1025,Route-A,57.12,2026-01-17 14:50:30,28.654242,77.068095
V5045,Route-C,37.24,2026-01-22 00:57:30,13.055142,80.22161
V4025,Route-A,83.9,2026-01-18 04:16:30,12.977771,77.636308
V8577,Route-E,65.13,2026-01-17 15:58:30,13.07123,80.255918
V6790,Route-C,79.04,2026-01-19 07:52:30,17.353388,78.504624
V7905,Route-B,112.93,2026-01-16 23:15:30,13.088861,80.25373
V4902,Route-E,36.48,2026-01-21 14:12:30,12.950864,77.61934
V9757,Route-E,84.1,2026-01-20 00:11:30,17.388134,78.470409
V5531,Route-B,81.03,2026-01-18 03:11:30,19.031462,72.906745
V1601,Route-E,89.21,2026-01-17 16:29:30,17.349962,78.510482
V3775,Route-E,104.87,2026-01-18 03:28:30,28.673168,77.125018
V9450,Route-A,52.52,2026-01-22 04:12:30,28.745012,77.109259
V3618,Route-D,61.65,2026-01-20 05:05:30,28.724731,77.086758
V3516,Route-E,60.76,2026-01-20 08:50:30,12.944231,77.612517
V4262,Route-E,20.09,2026-01-21 06:09:30,12.942515,77.625658
V8245,Route-D,56.46,2026-01-16 16:21:30,28.657264,77.137092
V6278,Route-E,80.58,2026-01-20 16:59:30,12.980286,77.560934
V3831,Route-A,82.96,2026-01-18 12:35:30,13.064856,80.252432
V2457,Route-E,115.24,2026-01-22 10:29:30,17.389608,78.490636
V6853,Route-E,40.32,2026-01-20 02:07:30,17.377976,78.466159
V8351,Route-E,29.2,2026-01-17 14:30:30,13.068506,80.243626
V6057,Route-B,31.86,2026-01-21 16:47:30,17.382674,78.491698
V8658,Route-A,89.52,2026-01-19 20:16:30,13.081205,80.263391
V3450,Route-E,88.84,2026-01-22 22:17:30,12.972733,77.573711
V6963,Route-C,76.89,2026-01-22 22:18:30,19.043463,72.866358
V1174,Route-C,46.46,2026-01-21 16:48:30,12.928772,77.624719
V8018,Route-B,100.97,2026-01-21 05:56:30,19.088134,72.882412
V7453,Route-B,74.75,2026-01-22 19:17:30,28.662331,77.150597
V6428,Route-A,59.21,2026-01-21 12:41:30,13.103716,80.224828
V8491,Route-D,20.82,2026-01-22 01:49:30,19.064591,72.853025
V5184,Route-B,75.48,2026-01-19 11:09:30,28.735468,77.12779
V4735,Route-B,25.12,2026-01-20 17:57:30,28.661383,77.150357
V2271,Route-E,117.7,2026-01-20 16:02:30,13.069144,80.224807
V7529,Route-A,58.19,2026-01-19 13:42:30,17.355579,78.520038
V1108,Route-D,106.81,2026-01-18 10:41:30,17.378881,78.521822
V5857,Route-E,98.51,2026-01-18 02:03:30,13.121762,80.253625
V6664,Route-E,111.48,2026-01-16 11:47:30,28.707325,77.074433
V9413,Route-B,27.67,2026-01-23 00:56:30,19.071879,72.873294
V9827,Route-B,49.73,2026-01-17 04:02:30,28.719662,77.136665
V8483,Route-D,49.5,2026-01-23 00:06:30,17.375466,78.494833
V9897,Route-D,105.16,2026-01-21 14:11:30,19.05456,72.870068
V5790,Route-E,71.58,2026-01-17 19:51:30,28.718402,77.127376
V5755,Route-E,66.75,2026-01-20 10:38:30,13.045484,80.240023
V6354,Route-E,32.45,2026-01-17 04:30:30,13.005124,77.568472
V2744,Route-B,72.31,2026-01-21 07:21:30,17.400959,78.51524
V6399,Route-C,83.73,2026-01-22 02:40:30,13.004997,77.630286
V2836,Route-C,23.94,2026-01-18 16:29:30,12.960694,77.605702
V8975,Route-D,84.98,2026-01-19 01:40:30,17.423012,78.512094
V6302,Route-E,52.11,2026-01-22 04:46:30,13.003306,77.642893
V7270,Route-A,92.93,2026-01-21 16:51:30,28.694362,77.075483
V2591,Route-B,100.95,2026-01-17 20:27:30,17.417189,78.479202
V7475,Route-C,26.19,2026-01-23 02:37:30,12.927524,77.567837
V7824,Route-E,98.62,2026-01-18 12:01:30,17.395597,78.479699
V1423,Route-D,111.88,2026-01-22 09:10:30,28.668672,77.151767
V5837,Route-B,95.87,2026-01-22 13:40:30,13.064594,80.314646
V7176,Route-B,49.19,2026-01-17 20:02:30,12.947065,77.565205
V9361,Route-E,22.56,2026-01-19 22:45:30,12.931509,77.581899
V4489,Route-E,87.27,2026-01-19 19:46:30,17.34651,78.451027
V3207,Route-A,24.54,2026-01-20 11:15:30,19.085575,72.900446
V5676,Route-D,113.66,2026-01-21 18:26:30,13.042504,80.25703
V9451,Route-B,62.32,2026-01-20 05:08:30,19.070789,72.858744
V4441,Route-D,118.18,2026-01-17 09:26:30,19.095982,72.859049
V1248,Route-D,114.29,2026-01-20 09:24:30,19.100178,72.916449
V9780,Route-E,69.2,2026-01-19 22:33:30,12.937964,77.600359
V2489,Route-E,80.82,2026-01-17 08:06:30,28.685076,77.076201
V5273,Route-C,29.92,2026-01-17 12:26:30,28.678897,77.136927
V3226,Route-A,55.43,2026-01-22 01:50:30,12.994613,77.610195
V8439,Route-D,87.73,2026-01-17 19:49:30,17.408096,78.440149
V1382,Route-D,84.16,2026-01-18 11:55:30,13.122452,80.23436
V4489,Route-E,76.75,2026-01-22 16:07:30,13.112411,80.232461
V5818,Route-E,35.15,2026-01-21 04:17:30,12.979463,77.624901
V6661,Route-A,80.9,2026-01-18 16:03:30,28.739665,77.111681
V1124,Route-A,105.14,2026-01-21 23:59:30,19.115858,72.919582
V5747,Route-A,85.48,2026-01-20 02:49:30,19.041012,72.86819
V8322,Route-E,63.83,2026-01-22 02:21:30,12.991545,77.622859
V9560,Route-E,39.01,2026-01-18 14:04:30,19.050703,72.887069
V3815,Route-C,40.43,2026-01-22 03:21:30,28.753658,77.099182
V1885,Route-E,116.59,2026-01-21 04:46:30,13.089977,80.221482
V1020,Route-C,46.11,2026-01-21 21:44:30,28.686337,77.08188
V1494,Route-C,98.8,2026-01-18 15:37:30,28.699358,77.121021
V5279,Route-D,77.94,2026-01-21 03:18:30,13.063318,80.312949
V8745,Route-A,74.37,2026-01-23 03:55:30,12.943927,77.598131
V2921,Route-A,89.34,2026-01-22 01:24:30,28.734791,77.124509
V3104,Route-D,101.94,2026-01-17 12:38:30,28.657932,77.088397
V6345,Route-E,95.95,2026-01-19 07:36:30,28.672918,77.133842
V2346,Route-A,116.1,2026-01-19 14:43:30,28.707692,77.072953
V3591,Route-A,66.34,2026-01-20 11:56:30,13.116395,80.28419
V7848,Route-B,79.07,2026-01-19 21:25:30,13.088606,80.267837
V1323,Route-A,94.32,2026-01-21 17:08:30,13.067345,80.266937
V3446,Route-E,20.53,2026-01-22 00:12:30,12.965672,77.642651
V8861,Route-D,95.34,2026-01-21 15:55:30,28.681738,77.148396
V4999,Route-A,68.25,2026-01-19 22:51:30,13.009454,77.573817
V6860,Route-A,23.93,2026-01-17 12:04:30,13.048021,80.246185
V2597,Route-E,20.05,2026-01-19 04:46:30,28.747639,77.062147
V9469,Route-E,114.92,2026-01-21 10:40:30,17.405372,78.525762
V7738,Route-A,36.77,2026-01-22 23:03:30,19.045676,72.834798
V8588,Route-C,114.93,2026-01-17 10:56:30,12.950638,77.624387
V6456,Route-D,31.26,2026-01-18 16:34:30,17.40757,78.468937
V8592,Route-E,118.12,2026-01-20 00:44:30,28.692528,77.110121
V3265,Route-C,66.44,2026-01-16 06:50:30,19.098472,72.907247
V9749,Route-E,20.7,2026-01-18 18:59:30,17.364914,78.482067
V7004,Route-C,110.87,2026-01-18 18:46:30,17.337834,78.457501
V6737,Route-C,72.31,2026-01-20 19:36:30,13.064763,80.306704
V5216,Route-C,49.9,2026-01-20 06:12:30,13.016113,77.555947
V6029,Route-C,27.44,2026-01-19 01:37:30,17.378561,78.512018
V7153,Route-C,62.84,2026-01-16 20:15:30,17.355445,78.461412
V1068,Route-C,60.16,2026-01-17 20:43:30,19.102063,72.896768
V3917,Route-B,78.74,2026-01-18 01:08:30,28.654138,77.124809
V1759,Route-C,95.53,2026-01-19 20:00:30,17.426092,78.471199
V9312,Route-D,88.55,2026-01-17 21:51:30,28.722433,77.055397
V8279,Route-D,28.65,2026-01-20 22:45:30,13.109862,80.250549
V7992,Route-D,47.14,2026-01-21 22:28:30,13.016059,77.603265
V4255,Route-C,60.67,2026-01-21 16:59:30,17.368841,78.473648
V4318,Route-B,118.61,2026-01-16 10:07:30,17.403607,78.533115
V3436,Route-E,64.83,2026-01-22 19:40:30,17.427182,78.521052
V8658,Route-D,61.87,2026-01-19 06:00:30,17.37219,78.529087
V7843,Route-C,87.63,2026-01-20 16:27:30,17.407414,78.486386
V8732,Route-D,42.87,2026-01-17 17:47:30,13.056427,80.250123
V7144,Route-A,50.1,2026-01-20 07:35:30,13.122318,80.277829
V2702,Route-B,35.15,2026-01-18 08:40:30,13.092068,80.234176
V1299,Route-B,53.45,2026-01-19 10:05:30,12.947951,77.603261
V7818,Route-B,102.59,2026-01-16 12:59:30,17.353854,78.520753
V3480,Route-E,21.62,2026-01-20 16:31:30,19.116243,72.902109
V6242,Route-D,58.63,2026-01-16 12:28:30,17.387187,78.48181
V4761,Route-D,53.48,2026-01-19 06:31:30,17.362983,78.503886
V6971,Route-B,77.52,2026-01-20 01:08:30,13.076791,80.244457
V1384,Route-C,38.46,2026-01-22 15:02:30,28.710229,77.071994
V3734,Route-A,65.13,2026-01-22 23:04:30,12.965506,77.616466
V3419,Route-C,92.86,2026-01-21 04:49:30,13.017024,77.607159
V7023,Route-B,52.04,2026-01-21 15:51:30,19.101256,72.926893
V6594,Route-B,111.57,2026-01-19 18:11:30,13.071475,80.296874
V8013,Route-E,62.68,2026-01-22 01:00:30,13.11174,80.292911
V5473,Route-D,26.25,2026-01-16 20:29:30,28.727749,77.128257
V2990,Route-D,79.08,2026-01-22 22:28:30,13.129973,80.301219
V7206,Route-C,42.14,2026-01-20 06:19:30,19.086805,72.887214
V2208,Route-E,72.93,2026-01-21 01:02:30,17.35964,78.494221
V1356,Route-E,26.84,2026-01-18 08:33:30,12.954408,77.569277
V5071,Route-E,50.4,2026-01-18 08:12:30,12.997258,77.619623
V7988,Route-B,53.04,2026-01-21 09:54:30,19.099931,72.920395
V6059,Route-C,69.04,2026-01-19 11:27:30,28.728323,77.141118
V8526,Route-A,73.09,2026-01-21 11:12:30,28.655232,77.070682
V8535,Route-C,74.25,2026-01-16 06:39:30,12.988528,77.632753
V6053,Route-A,113.3,2026-01-22 03:59:30,28.709152,77.102484
V1224,Route-B,23.39,2026-01-19 18:05:30,12.977064,77.569531
V2613,Route-B,99.45,2026-01-18 02:06:30,12.943355,77.577045
V2959,Route-E,35.14,2026-01-19 14:08:30,19.096713,72.894577
V5835,Route-D,106.44,2026-01-22 05:38:30,12.955727,77.588031
V2057,Route-A,51.28,2026-01-22 23:48:30,12.992244,77.637056
V7804,Route-E,98.89,2026-01-23 04:56:30,19.10145,72.842524
V8688,Route-D,92.65,2026-01-21 15:55:30,28.675255,77.110585
V4907,Route-B,34.51,2026-01-23 04:36:30,28.738782,77.123304
V5741,Route-E,119.84,2026-01-17 03:02:30,17.351236,78.47775
V9884,Route-C,76.99,2026-01-20 02:50:30,19.042744,72.878937
V5175,Route-E,52.33,2026-01-20 21:06:30,17.412343,78.447032
V1952,Route-B,32.92,2026-01-20 06:41:30,12.929612,77.632218
V8994,Route-E,50.75,2026-01-21 10:06:30,19.099447,72.883387
V1813,Route-D,64.82,2026-01-20 19:23:30,28.719767,77.084467
V6132,Route-B,31.38,2026-01-22 23:30:30,17.39137,78.456501
V7409,Route-D,67.98,2026-01-16 22:56:30,28.739703,77.087942
V4879,Route-E,23.3,2026-01-16 13:02:30,17.409902,78.503278
V6476,Route-D,28.22,2026-01-20 13:33:30,13.059628,80.250762
V2721,Route-A,104.8,2026-01-20 20:40:30,12.923084,77.637115
V3568,Route-E,46.16,2026-01-20 19:08:30,12.998824,77.604436
V3298,Route-A,21.47,2026-01-19 14:27:30,28.704716,77.126897
V5988,Route-D,91.11,2026-01-21 07:40:30,28.666303,77.11657
V7755,Route-A,20.67,2026-01-21 14:43:30,17.374524,78.483194
V1839,Route-D,45.32,2026-01-22 18:09:30,17.394314,78.453678
V8978,Route-D,58.3,2026-01-18 21:44:30,13.100721,80.226417
V8205,Route-A,88.61,2026-01-22 04:47:30,12.945071,77.579658
V9387,Route-D,20.97,2026-01-19 16:03:30,17.401901,78.530114
V1485,Route-E,37.96,2026-01-21 02:41:30,19.104351,72.854543
V5640,Route-C,25.48,2026-01-20 01:52:30,17.420927,78.522819
V4022,Route-B,84.62,2026-01-17 04:46:30,19.058921,72.859255
V3505,Route-D,25.06,2026-01-22 11:35:30,19.066678,72.859006
V7890,Route-C,64.07,2026-01-17 22:20:30,17.356805,78.515039
V4127,Route-D,96.87,2026-01-20 13:43:30,13.015258,77.588051
V9059,Route-B,29.27,2026-01-21 05:29:30,17.384822,78.477086
V8873,Route-C,100.05,2026-01-20 02:18:30,28.738699,77.093611
V1351,Route-A,82.79,2026-01-19 04:07:30,13.066594,80.236406
V1228,Route-A,118.7,2026-01-21 04:27:30,12.968025,77.573445
V7546,Route-A,101.77,2026-01-16 17:09:30,28.664028,77.135736
V7718,Route-A,43.08,2026-01-17 11:45:30,13.064686,80.252387
V9048,Route-A,33.23,2026-01-19 05:11:30,13.081052,80.319245
V8510,Route-C,71.25,2026-01-18 02:43:30,28.753164,77.096669
V2228,Route-E,108.35,2026-01-16 06:18:30,28.738363,77.12367
V9883,Route-B,56.02,2026-01-16 08:53:30,28.746584,77.14989
V9109,Route-E,92.66,2026-01-16 12:40:30,13.074199,80.242417
V2661,Route-C,94.61,2026-01-19 05:51:30,28.726667,77.088264
V6506,Route-E,29.54,2026-01-22 09:47:30,17.336997,78.456169
V7594,Route-C,113.95,2026-01-17 13:44:30,12.997965,77.549445
V7904,Route-E,110.71,2026-01-16 23:47:30,19.052072,72.878975
V2951,Route-E,60.51,2026-01-19 10:12:30,17.358402,78.478064
V8787,Route-B,62.85,2026-01-16 20:41:30,12.986281,77.605424
V1903,Route-A,57.37,2026-01-17 22:15:30,19.116743,72.920582
V4297,Route-B,104.89,2026-01-18 19:49:30,19.054488,72.849251
V1440,Route-B,114.57,2026-01-20 15:37:30,13.115362,80.232445
V1492,Route-A,90.24,2026-01-18 16:25:30,28.675645,77.093292
V3600,Route-C,96.23,2026-01-21 15:09:30,13.00401,77.554845
V3113,Route-C,34.32,2026-01-16 17:13:30,19.112211,72.834887
V4395,Route-B,79.83,2026-01-22 07:48:30,17.419903,78.462276
V3144,Route-E,77.44,2026-01-18 22:07:30,13.050458,80.23204
V9375,Route-A,105.98,2026-01-18 08:37:30,13.08777,80.234096
V8711,Route-C,97.63,2026-01-21 16:34:30,17.384025,78.500739
V2352,Route-B,116.75,2026-01-21 03:44:30,13.121264,80.298495
V3052,Route-A,27.73,2026-01-16 23:12:30,28.679425,77.142349
V2846,Route-C,109.88,2026-01-20 13:19:30,13.054435,80.24276
V8080,Route-D,95.77,2026-01-20 11:34:30,28.678081,77.11927
V9038,Route-B,52.1,2026-01-17 19:25:30,28.668222,77.134472
V6970,Route-C,93.21,2026-01-17 04:50:30,12.931546,77.587153
V1974,Route-E,53.99,2026-01-21 07:26:30,13.110185,80.300271
V4321,Route-E,110.7,2026-01-19 04:35:30,17.431751,78.491199
V6705,Route-B,55.7,2026-01-21 08:56:30,12.991404,77.558834
V7521,Route-E,55.12,2026-01-21 00:56:30,13.084781,80.300625
V3658,Route-E,36.14,2026-01-17 22:10:30,12.931559,77.621632
V1906,Route-E,35.51,2026-01-22 15:17:30,17.399688,78.467716
V9461,Route-D,28.86,2026-01-18 03:57:30,28.698191,77.146115
V1312,Route-A,33.4,2026-01-16 21:44:30,13.011264,77.571856
V2316,Route-E,30.68,2026-01-22 12:12:30,12.952438,77.632671
V8844,Route-D,67.39,2026-01-19 23:52:30,13.084273,80.238245
V2229,Route-C,64.72,2026-01-21 12:11:30,12.999474,77.600721
V3677,Route-A,37.8,2026-01-17 07:44:30,28.694798,77.090681
V4890,Route-A,94.96,2026-01-19 17:15:30,17.391271,78.448338
V5220,Route-B,114.56,2026-01-17 06:20:30,19.083462,72.922947
V3632,Route-B,111.66,2026-01-21 01:03:30,13.000847,77.611528
V8848,Route-D,109.39,2026-01-22 07:38:30,19.080304,72.85386
V3191,Route-D,107.65,2026-01-16 15:37:30,19.061123,72.828562
V8588,Route-D,61.56,2026-01-17 07:51:30,12.988869,77.586908
V5471,Route-E,23.77,2026-01-16 09:09:30,12.939503,77.582658
V2261,Route-B,75.78,2026-01-16 13:11:30,13.037621,80.242426
V3055,Route-E,117.65,2026-01-17 02:55:30,19.113696,72.847049
V1121,Route-A,75.15,2026-01-18 19:09:30,19.104046,72.889129
V4590,Route-D,57.46,2026-01-18 06:41:30,19.083084,72.905507
V5017,Route-A,49.23,2026-01-17 08:11:30,12.971799,77.545016
V8888,Route-B,39.11,2026-01-19 16:57:30,13.045819,80.274106
V6363,Route-A,48.17,2026-01-19 03:32:30,19.054149,72.916206
V6191,Route-B,32.56,2026-01-18 20:07:30,13.007584,77.636676
V8908,Route-C,73.38,2026-01-17 13:26:30,17.426378,78.524078
V3140,Route-D,109.79,2026-01-20 20:36:30,28.698142,77.113331
V8947,Route-E,39.66,2026-01-20 04:35:30,17.361876,78.48836
V8088,Route-B,84.59,2026-01-21 20:07:30,12.924787,77.56017
V4681,Route-D,69.42,2026-01-19 01:08:30,17.395038,78.492349
V2617,Route-D,40.94,2026-01-22 06:42:30,13.010448,77.602395
V5968,Route-B,24.48,2026-01-21 06:06:30,13.110175,80.231292
V8680,Route-D,75.43,2026-01-20 19:33:30,28.712436,77.070557
V3149,Route-D,47.51,2026-01-18 00:08:30,28.680551,77.111816
V5387,Route-E,102.46,2026-01-23 04:15:30,17.419805,78.533929
V1660,Route-B,37.07,2026-01-19 03:31:30,19.106366,72.833274
V1628,Route-C,73.8,2026-01-16 08:35:30,19.051729,72.898735
V9442,Route-E,94.21,2026-01-22 03:36:30,13.017374,77.639826
V7184,Route-D,106.8,2026-01-22 19:07:30,12.955982,77.620141
V1599,Route-A,73.16,2026-01-20 01:35:30,17.425471,78.438097
V9257,Route-C,64.69,2026-01-19 08:53:30,12.935084,77.608865
V5089,Route-B,72.29,2026-01-22 19:10:30,13.036148,80.226863
V4865,Route-C,33.32,2026-01-22 21:11:30,13.005243,77.634378
V1962,Route-D,29.35,2026-01-21 02:02:30,17.345395,78.460971
V3703,Route-A,88.84,2026-01-22 21:38:30,19.103283,72.926506
V4024,Route-B,62.69,2026-01-21 23:26:30,28.713386,77.057527
V8361,Route-D,42.25,2026-01-22 02:02:30,17.399286,78.462515
V3996,Route-E,104.35,2026-01-21 22:27:30,19.121249,72.905648
V7308,Route-B,31.19,2026-01-22 17:53:30,17.394214,78.515925
V3934,Route-E,56.16,2026-01-22 06:51:30,17.409601,78.490409
V5826,Route-D,82.02,2026-01-18 02:18:30,17.397995,78.441912
V1901,Route-B,98.76,2026-01-18 07:15:30,28.728222,77.071234
V3973,Route-B,111.37,2026-01-16 21:55:30,12.935732,77.632574
V8656,Route-C,39.66,2026-01-17 16:35:30,13.076462,80.230075
V5864,Route-B,97.27,2026-01-17 05:25:30,13.050895,80.268421
V8127,Route-E,34.93,2026-01-20 13:29:30,19.0707,72.837563
V5262,Route-E,34.36,2026-01-19 09:52:30,28.721356,77.097299
V7835,Route-E,93.13,2026-01-17 15:40:30,13.009878,77.569447
V6848,Route-D,65.14,2026-01-22 01:21:30,28.703408,77.096018
V1758,Route-A,27.8,2026-01-17 04:35:30,17.350187,78.513076
V7385,Route-A,102.34,2026-01-16 09:28:30,13.130171,80.259149
V5452,Route-B,39.34,2026-01-20 07:15:30,12.971851,77.562771
V1250,Route-C,115.31,2026-01-19 13:27:30,17.362416,78.448123
V8017,Route-C,119.95,2026-01-19 21:12:30,28.73891,77.060499
V6757,Route-D,117.35,2026-01-18 04:30:30,19.063782,72.832472
V8471,Route-D,56.07,2026-01-19 15:34:30,17.428396,78.515833
V8685,Route-A,96.01,2026-01-17 17:01:30,12.94398,77.640266
V2767,Route-C,51.62,2026-01-20 17:48:30,17.367734,78.475215
V6143,Route-A,47.08,2026-01-17 23:56:30,13.004524,77.639473
V6408,Route-E,60.3,2026-01-23 01:16:30,28.691466,77.057894
V9898,Route-D,94.85,2026-01-22 05:49:30,13.110846,80.255631
V4064,Route-E,34.77,2026-01-17 00:22:30,19.089063,72.881436
V4607,Route-B,39.78,2026-01-17 08:51:30,19.117401,72.828715
V6262,Route-E,79.8,2026-01-18 08:44:30,17.387374,78.532335
V7695,Route-A,75.42,2026-01-22 20:30:30,19.04237,72.905326
V7684,Route-B,56.96,2026-01-21 06:02:30,12.956197,77.573545
V6257,Route-E,82.08,2026-01-22 06:18:30,17.397381,78.487849
V5132,Route-E,115.28,2026-01-19 21:15:30,13.09805,80.253476
V4443,Route-B,22.99,2026-01-17 18:37:30,28.689401,77.138323
V1054,Route-D,87.09,2026-01-19 09:56:30,19.073807,72.871629
V5332,Route-C,111.36,2026-01-19 07:16:30,19.112885,72.902482
V9237,Route-D,105.57,2026-01-20 17:18:30,17.384043,78.517239
V8043,Route-A,91.66,2026-01-19 21:11:30,12.927749,77.566806
V3970,Route-B,77.67,2026-01-17 06:02:30,28.655294,77.078891
V2212,Route-D,36.73,2026-01-19 06:45:30,19.107129,72.918466
V1689,Route-E,96.85,2026-01-20 02:52:30,17.35357,78.528928
V8772,Route-D,84.12,2026-01-18 09:49:30,19.096269,72.860474
V6197,Route-B,45.23,2026-01-19 19:32:30,28.657459,77.10504
V4757,Route-C,27.2,2026-01-19 07:04:30,28.726727,77.11793
V9549,Route-D,42.35,2026-01-19 11:06:30,19.098599,72.883782
V9261,Route-E,43.61,2026-01-17 06:19:30,12.976664,77.626404
V4776,Route-B,56.02,2026-01-18 23:15:30,28.714663,77.0817
V8622,Route-C,55.9,2026-01-19 14:47:30,12.945154,77.58805
V9927,Route-E,81.37,2026-01-21 13:56:30,13.062064,80.233046
V9231,Route-C,83.87,2026-01-21 23:01:30,17.431291,78.495164
V3579,Route-A,117.04,2026-01-17 19:37:30,19.101659,72.854491
V7208,Route-E,92.91,2026-01-22 19:30:30,12.985293,77.607066
V9479,Route-B,110.6,2026-01-20 09:34:30,13.101971,80.278017
V8337,Route-D,75.77,2026-01-19 14:42:30,19.033491,72.839285
V3600,Route-E,70.15,2026-01-18 14:22:30,19.082264,72.857759
V4238,Route-A,97.01,2026-01-21 07:46:30,13.078055,80.27783
V9951,Route-C,23.78,2026-01-22 07:52:30,17.412046,78.527242
V8953,Route-B,117.1,2026-01-19 22:31:30,12.933692,77.577044
V2540,Route-D,85.78,2026-01-17 12:08:30,12.969471,77.582174
V2872,Route-A,25.8,2026-01-17 07:33:30,17.433397,78.475424
V6994,Route-A,87.89,2026-01-18 12:59:30,17.39801,78.515377
V2107,Route-E,29.64,2026-01-20 11:27:30,13.051749,80.262174
V2024,Route-D,21.4,2026-01-17 15:21:30,19.035219,72.866318
V3257,Route-E,106.75,2026-01-18 16:07:30,13.010617,77.601543
V8174,Route-B,102.52,2026-01-22 16:51:30,28.67293,77.133046
V5491,Route-B,109.7,2026-01-17 11:48:30,13.108258,80.222534
V5706,Route-E,38.06,2026-01-18 13:30:30,13.035735,80.243249
V6149,Route-C,84.06,2026-01-22 02:32:30,17.403458,78.466874
V4070,Route-D,24.47,2026-01-18 23:25:30,12.968984,77.55549
V8337,Route-D,43.18,2026-01-19 21:49:30,19.063706,72.858381
V6263,Route-E,93.2,2026-01-22 03:18:30,13.123747,80.250559
V4248,Route-A,28.33,2026-01-17 10:05:30,13.09083,80.278301
V4462,Route-C,58.34,2026-01-16 14:38:30,12.986224,77.581492
V1652,Route-A,84.23,2026-01-22 23:18:30,12.997215,77.546104
V9003,Route-A,26.86,2026-01-18 02:37:30,19.124958,72.871892
V5613,Route-B,108.64,2026-01-23 02:31:30,13.03413,80.255481
V8686,Route-A,51.59,2026-01-16 12:48:30,19.032262,72.921884
V6475,Route-D,48.66,2026-01-17 20:19:30,13.005278,77.545829
V5373,Route-D,108.79,2026-01-18 01:49:30,13.063364,80.310875
V7397,Route-D,112.76,2026-01-17 06:45:30,12.977447,77.626097
V8771,Route-D,102.19,2026-01-19 07:20:30,28.686777,77.082119
V4059,Route-D,68.53,2026-01-20 05:20:30,12.932344,77.601408
V9930,Route-B,29.21,2026-01-20 08:50:30,28.737851,77.126661
V1333,Route-D,20.87,2026-01-16 21:45:30,13.118407,80.267591
V6293,Route-D,116.79,2026-01-20 22:26:30,19.083483,72.926189
V9492,Route-A,40.24,2026-01-17 17:31:30,13.058071,80.277814
V6688,Route-A,26.07,2026-01-19 05:19:30,13.036573,80.231461
V5948,Route-D,86.79,2026-01-17 17:21:30,13.083721,80.282575
V6851,Route-C,32.41,2026-01-21 06:22:30,13.018567,77.576315
V5983,Route-D,44.47,2026-01-16 11:46:30,17.416235,78.500913
V3060,Route-D,109.93,2026-01-21 00:15:30,17.432955,78.51361
V6768,Route-D,78.55,2026-01-19 09:25:30,28.696819,77.068759
V8188,Route-A,47.71,2026-01-21 08:10:30,17.381434,78.490392
V6367,Route-C,75.74,2026-01-18 14:36:30,12.995825,77.565819
V7896,Route-A,84.19,2026-01-17 12:57:30,19.089779,72.849891
V7106,Route-E,63.04,2026-01-21 07:33:30,12.93482,77.616996
V9320,Route-A,31.51,2026-01-18 14:13:30,13.067506,80.294466
V9639,Route-D,85.56,2026-01-19 13:50:30,17.426627,78.441969
V7313,Route-C,83.11,2026-01-16 22:08:30,13.061508,80.237515
V9518,Route-C,32.28,2026-01-20 02:36:30,12.963978,77.634479
V7859,Route-B,106.02,2026-01-21 06:16:30,13.117161,80.288498
V7971,Route-C,75.6,2026-01-21 22:26:30,17.399614,78.506449
V3037,Route-C,79.04,2026-01-17 08:46:30,13.073341,80.30711
V6701,Route-E,105.17,2026-01-16 11:20:30,19.090683,72.856814
V3347,Route-D,81.74,2026-01-16 07:36:30,28.710254,77.096223
V3553,Route-D,37.77,2026-01-16 06:42:30,13.120126,80.223047
V4977,Route-D,119.66,2026-01-20 23:30:30,13.012151,77.584776
V8686,Route-C,53.71,2026-01-18 15:17:30,12.958947,77.626618
V5329,Route-B,44.97,2026-01-17 14:18:30,12.946012,77.559253
V1128,Route-C,69.21,2026-01-21 09:00:30,13.032854,80.256203
V6565,Route-A,27.34,2026-01-22 06:31:30,13.087337,80.232042
V3900,Route-B,39.71,2026-01-19 15:35:30,17.376443,78.514784
V4560,Route-C,31.61,2026-01-23 04:10:30,28.742576,77.122499
V2756,Route-C,71.52,2026-01-16 18:09:30,19.085891,72.9074
V5674,Route-C,33.36,2026-01-17 10:43:30,17.422189,78.461531
V8235,Route-D,23.38,2026-01-23 04:32:30,13.128577,80.269793
V7129,Route-C,99.84,2026-01-20 18:09:30,28.661722,77.093332
V9036,Route-A,110.13,2026-01-21 16:54:30,12.950491,77.585391
V3361,Route-B,28.48,2026-01-17 02:00:30,12.98066,77.553126
V8299,Route-C,61.0,2026-01-17 02:34:30,13.105462,80.270413
V8658,Route-B,70.35,2026-01-22 02:34:30,13.074384,80.280901
V7801,Route-D,79.37,2026-01-19 20:54:30,12.950324,77.613004
V1191,Route-E,70.42,2026-01-19 01:24:30,17.402106,78.512381
V5499,Route-C,111.65,2026-01-16 20:34:30,28.726034,77.079635
V6687,Route-C,106.79,2026-01-16 14:49:30,19.03091,72.870536
V8087,Route-A,49.47,2026-01-17 22:59:30,12.944495,77.568996
V5760,Route-B,46.96,2026-01-22 13:34:30,12.935135,77.597744
V9264,Route-D,118.35,2026-01-16 20:50:30,12.962265,77.590093
V5684,Route-B,32.85,2026-01-18 21:09:30,19.111944,72.914696
V9132,Route-A,28.33,2026-01-16 10:31:30,13.061754,80.314957
V1159,Route-B,110.38,2026-01-17 07:03:30,19.038639,72.900407
V5573,Route-B,55.96,2026-01-18 23:55:30,28.743514,77.148709
V4998,Route-A,65.41,2026-01-21 23:39:30,19.07012,72.828804
V2201,Route-A,55.12,2026-01-19 22:02:30,12.973654,77.578961
V2888,Route-D,54.01,2026-01-22 00:27:30,13.020262,77.562278
V5088,Route-E,64.25,2026-01-16 20:37:30,17.374229,78.512151
V3697,Route-B,93.74,2026-01-19 22:42:30,28.734851,77.067775
V1487,Route-E,68.13,2026-01-18 00:16:30,19.057815,72.844086
V5208,Route-A,50.49,2026-01-20 22:24:30,13.118309,80.309343
V7150,Route-B,106.2,2026-01-19 15:23:30,13.005622,77.55123
V2547,Route-D,21.49,2026-01-22 08:08:30,12.944753,77.637221
V5066,Route-C,36.71,2026-01-22 15:56:30,28.720608,77.085744
V9114,Route-B,61.82,2026-01-21 13:09:30,17.362163,78.526744
V8906,Route-B,64.26,2026-01-20 20:34:30,17.396989,78.48074
V5598,Route-B,73.28,2026-01-17 23:08:30,19.071742,72.865493
V6722,Route-B,110.69,2026-01-19 07:20:30,28.74013,77.109076
V2716,Route-A,60.79,2026-01-20 09:49:30,13.054748,80.298161
V9845,Route-E,32.7,2026-01-23 00:53:30,17.354514,78.445122
V8427,Route-E,21.92,2026-01-16 12:29:30,28.690011,77.079076
V5563,Route-A,58.1,2026-01-17 13:45:30,17.419102,78.496592
V2830,Route-B,53.49,2026-01-22 05:48:30,28.723537,77.068325
V7082,Route-C,43.27,2026-01-19 02:45:30,12.971838,77.579717
V3750,Route-B,116.05,2026-01-16 22:24:30,17.350324,78.467152
V6152,Route-D,112.49,2026-01-20 04:14:30,12.980338,77.626912
V7501,Route-C,46.84,2026-01-17 05:55:30,13.004577,77.550747
V8417,Route-A,53.61,2026-01-18 14:38:30,17.427496,78.479548
V4405,Route-D,100.37,2026-01-22 01:38:30,28.749946,77.114022
V7533,Route-B,25.94,2026-01-20 23:37:30,28.673153,77.110801
V8577,Route-A,51.09,2026-01-17 11:33:30,19.0842,72.885033
V7561,Route-D,111.74,2026-01-20 23:41:30,13.080653,80.245464
V7114,Route-B,119.82,2026-01-20 01:58:30,19.07475,72.924881
V9503,Route-C,73.82,2026-01-17 06:14:30,13.053192,80.228218
V9128,Route-C,91.35,2026-01-18 09:40:30,12.998908,77.625869
V4991,Route-D,44.44,2026-01-20 03:14:30,13.071872,80.260624
V2178,Route-C,95.88,2026-01-21 22:26:30,19.069332,72.827868
V8069,Route-C,45.93,2026-01-20 16:41:30,13.10063,80.293775
V6067,Route-E,59.38,2026-01-23 04:52:30,17.374168,78.509206
V4475,Route-B,43.05,2026-01-17 00:46:30,19.068105,72.896186
V1727,Route-A,97.98,2026-01-23 01:51:30,12.941818,77.63929
V6865,Route-A,75.86,2026-01-17 16:21:30,28.721317,77.133306
V5207,Route-E,39.71,2026-01-17 21:22:30,19.083435,72.828942
V6449,Route-E,24.04,2026-01-22 04:36:30,19.112789,72.829251
V3781,Route-A,94.11,2026-01-19 20:41:30,17.351617,78.494003
V6388,Route-D,99.03,2026-01-17 15:40:30,19.049853,72.855314
V5582,Route-B,92.46,2026-01-22 15:44:30,28.679769,77.079574
V9007,Route-B,71.86,2026-01-17 06:45:30,13.063047,80.282723
V8558,Route-B,79.14,2026-01-19 06:21:30,12.935653,77.591185
V5610,Route-B,67.09,2026-01-21 21:23:30,28.681096,77.102569
V2669,Route-E,115.5,2026-01-17 08:46:30,13.115151,80.307641
V8094,Route-A,112.17,2026-01-16 13:30:30,28.679382,77.09092
V9745,Route-C,38.01,2026-01-23 03:16:30,28.714789,77.063881
V7810,Route-A,101.08,2026-01-20 14:09:30,12.953834,77.639143
V1751,Route-C,118.92,2026-01-18 20:47:30,19.116642,72.921695
V7619,Route-B,60.86,2026-01-20 02:39:30,17.420725,78.472365
V1058,Route-C,83.98,2026-01-17 02:07:30,13.040242,80.314499
V7757,Route-D,23.79,2026-01-22 11:13:30,19.105583,72.912213
V1299,Route-B,77.85,2026-01-19 15:19:30,19.06919,72.924188
V7333,Route-C,36.98,2026-01-18 16:34:30,17.393363,78.52351
V3753,Route-B,103.9,2026-01-20 08:51:30,17.379832,78.481273
V3579,Route-D,105.5,2026-01-16 20:04:30,13.071702,80.229437
V5875,Route-D,90.76,2026-01-19 22:04:30,17.427989,78.505957
V2832,Route-A,30.98,2026-01-22 03:55:30,17.392774,78.52031
V6552,Route-D,64.74,2026-01-21 08:59:30,28.720985,77.095708
V7032,Route-B,40.68,2026-01-16 23:17:30,19.082522,72.880033
V4795,Route-B,101.56,2026-01-18 11:26:30,28.671236,77.142745
V5836,Route-C,64.05,2026-01-17 00:07:30,17.356268,78.512031
V5356,Route-B,25.12,2026-01-19 16:39:30,28.663146,77.086888
V3432,Route-D,26.42,2026-01-21 00:53:30,19.068012,72.831865
V7813,Route-C,25.96,2026-01-19 22:31:30,17.347029,78.512158
V6376,Route-D,82.94,2026-01-23 03:26:30,13.116982,80.301344
V4536,Route-D,78.2,2026-01-21 19:26:30,17.37454,78.478827
V3255,Route-E,114.29,2026-01-17 09:34:30,13.131809,80.287006
V5608,Route-C,31.05,2026-01-19 22:15:30,13.035651,80.293849
V3400,Route-D,26.49,2026-01-16 23:33:30,17.390139,78.524187
V2572,Route-B,74.94,2026-01-20 03:40:30,17.355555,78.44321
V3515,Route-C,45.48,2026-01-20 15:19:30,19.090833,72.877804
V9027,Route-D,91.11,2026-01-18 20:07:30,12.966587,77.562027
V7793,Route-C,79.41,2026-01-16 14:39:30,19.076413,72.85273
V3993,Route-A,25.4,2026-01-17 22:41:30,19.088003,72.889943
V2341,Route-B,24.69,2026-01-17 07:32:30,28.688118,77.10001
V4720,Route-C,103.4,2026-01-20 03:22:30,17.404209,78.453935
V7568,Route-B,65.78,2026-01-22 18:52:30,19.081228,72.876506
V8833,Route-D,36.98,2026-01-21 13:08:30,12.938357,77.567444
V3485,Route-A,45.01,2026-01-19 10:17:30,19.119751,72.887249
V3079,Route-A,97.83,2026-01-21 12:34:30,17.369329,78.510382
V5226,Route-D,37.94,2026-01-16 23:53:30,17.375674,78.506054
V7189,Route-E,97.46,2026-01-22 10:38:30,19.110839,72.840119
V1182,Route-E,74.13,2026-01-22 20:13:30,28.726963,77.148918
V2710,Route-B,74.36,2026-01-22 16:07:30,12.970398,77.577672
V1016,Route-D,76.9,2026-01-19 14:26:30,17.361515,78.443069
V6657,Route-E,98.71,2026-01-19 21:56:30,13.038117,80.226416
V3735,Route-E,83.43,2026-01-23 04:54:30,12.923109,77.604783
V1599,Route-D,114.55,2026-01-17 05:15:30,19.060021,72.872824
V5405,Route-C,26.09,2026-01-17 17:35:30,17.405332,78.50047
V9158,Route-B,79.71,2026-01-18 16:35:30,19.068315,72.881209
V8050,Route-D,77.88,2026-01-20 08:53:30,19.046099,72.907781
V3108,Route-B,95.51,2026-01-22 07:59:30,13.076351,80.226591
V3211,Route-B,79.41,2026-01-18 18:42:30,12.946423,77.625321
V8438,Route-D,102.37,2026-01-16 15:23:30,13.109377,80.284266
V6881,Route-A,48.14,2026-01-19 21:40:30,12.975402,77.590581
V5526,Route-C,89.51,2026-01-21 05:13:30,19.108572,72.852766
V5960,Route-E,81.76,2026-01-19 23:16:30,12.999269,77.599167
V8563,Route-B,31.12,2026-01-22 06:12:30,13.126473,80.249594
V5129,Route-A,47.6,2026-01-21 05:56:30,12.968443,77.601268
V3441,Route-D,48.75,2026-01-17 04:10:30,12.989567,77.589662
V3141,Route-C,68.89,2026-01-16 22:23:30,13.106154,80.28556
V3907,Route-E,25.27,2026-01-16 16:35:30,17.396069,78.441474
V5065,Route-E,79.87,2026-01-18 18:53:30,19.052231,72.92688
V1214,Route-C,63.9,2026-01-17 13:39:30,19.05795,72.91577
V4683,Route-B,71.63,2026-01-16 08:43:30,13.124106,80.267176
V4302,Route-B,49.48,2026-01-20 22:33:30,19.043049,72.880971
V9651,Route-A,101.56,2026-01-17 23:41:30,13.111764,80.25642
V7800,Route-C,55.96,2026-01-21 23:23:30,17.415711,78.442464
V2696,Route-B,120.0,2026-01-18 00:15:30,19.076217,72.843619
V6231,Route-B,101.13,2026-01-18 19:00:30,12.977844,77.567349
V1536,Route-E,41.53,2026-01-22 08:53:30,13.096907,80.291541
V3092,Route-A,47.67,2026-01-20 22:29:30,19.105823,72.837159
V6136,Route-A,85.07,2026-01-21 08:34:30,12.931795,77.580699
V6457,Route-E,40.44,2026-01-19 09:59:30,28.709874,77.136511
V9242,Route-D,43.14,2026-01-18 14:24:30,17.341449,78.522252
V9882,Route-C,106.08,2026-01-23 03:43:30,13.04129,80.283259
V8099,Route-C,66.11,2026-01-19 10:29:30,19.046081,72.912878
V9383,Route-D,38.74,2026-01-20 10:11:30,28.688256,77.137739
V3271,Route-D,108.38,2026-01-20 15:33:30,12.98009,77.602278
V2073,Route-E,93.52,2026-01-21 07:34:30,13.08684,80.256766
V5470,Route-E,43.56,2026-01-19 15:33:30,13.105534,80.245201
V9507,Route-B,61.88,2026-01-18 20:46:30,28.752681,77.126895
V9215,Route-D,105.77,2026-01-22 23:38:30,13.018978,77.570804
V3848,Route-B,117.39,2026-01-22 19:10:30,12.989141,77.618834
V4469,Route-A,113.34,2026-01-19 18:42:30,12.999628,77.630644
V1516,Route-E,54.57,2026-01-21 04:28:30,19.036511,72.913306
V2721,Route-D,64.83,2026-01-23 00:59:30,13.068191,80.250951
V6381,Route-C,52.94,2026-01-21 00:06:30,28.661981,77.054677
V2659,Route-A,45.13,2026-01-17 23:29:30,13.082396,80.232584
V4399,Route-C,94.22,2026-01-18 23:27:30,19.101517,72.893398
V8149,Route-B,67.19,2026-01-22 01:54:30,13.069596,80.271946
V2650,Route-B,58.42,2026-01-22 08:47:30,13.129714,80.28397
V8237,Route-C,67.49,2026-01-19 04:08:30,13.093244,80.267452
V2634,Route-C,49.7,2026-01-16 07:53:30,13.084344,80.309975
V5333,Route-A,39.35,2026-01-22 03:44:30,13.03431,80.233409
V8973,Route-D,30.23,2026-01-18 15:28:30,28.694995,77.122351
V3271,Route-E,115.91,2026-01-22 08:39:30,28.667552,77.082519
V9315,Route-D,73.9,2026-01-17 23:34:30,13.019855,77.626261
V1245,Route-D,76.87,2026-01-22 04:13:30,19.094947,72.829189
V4571,Route-C,48.4,2026-01-17 13:12:30,19.094603,72.899112
V4288,Route-C,62.18,2026-01-19 12:01:30,28.742629,77.084053
V5028,Route-B,71.18,2026-01-22 11:11:30,17.41179,78.511956
V8886,Route-D,34.55,2026-01-18 12:04:30,17.424773,78.501844
V1422,Route-A,70.57,2026-01-22 17:57:30,17.417609,78.490968
V5910,Route-E,87.76,2026-01-20 09:27:30,28.723974,77.13295
V8408,Route-B,58.75,2026-01-18 09:44:30,28.747694,77.075472
V7294,Route-D,75.69,2026-01-19 15:16:30,28.733247,77.115044
V9023,Route-E,103.05,2026-01-16 07:22:30,19.105718,72.852842
V2220,Route-B,61.97,2026-01-21 17:12:30,13.076267,80.275957
V2169,Route-D,99.09,2026-01-21 15:40:30,17.409944,78.449597
V4298,Route-E,79.51,2026-01-18 09:47:30,13.104009,80.263521
V8568,Route-E,57.55,2026-01-22 02:42:30,17.400849,78.452837
V5685,Route-A,102.45,2026-01-16 21:20:30,13.092824,80.24302
V8650,Route-D,110.36,2026-01-19 13:11:30,19.077293,72.828569
V1806,Route-A,78.0,2026-01-18 14:40:30,19.028702,72.863183
V9456,Route-B,56.97,2026-01-16 10:07:30,28.70946,77.146072
V4551,Route-A,68.63,2026-01-20 19:50:30,19.075252,72.853967
V4088,Route-B,110.44,2026-01-20 19:03:30,19.100103,72.835477
V9082,Route-A,68.72,2026-01-18 13:49:30,17.375679,78.49701
V2856,Route-C,43.61,2026-01-21 01:25:30,28.658314,77.123428
V4485,Route-A,77.36,2026-01-16 21:05:30,17.390929,78.498141
V9225,Route-B,94.2,2026-01-21 06:05:30,17.410437,78.455714
V6214,Route-A,99.94,2026-01-22 23:50:30,28.753204,77.119424
V5782,Route-C,36.88,2026-01-21 00:38:30,13.038219,80.238567
V6084,Route-E,20.7,2026-01-22 06:56:30,13.072505,80.244844
V7624,Route-B,97.94,2026-01-21 06:38:30,13.063739,80.27194
V6647,Route-B,48.19,2026-01-18 18:00:30,13.039002,80.284046
V3168,Route-A,87.97,2026-01-16 21:37:30,13.118948,80.265985
V4108,Route-B,40.63,2026-01-20 19:37:30,28.726974,77.150806
V9153,Route-A,48.79,2026-01-18 20:09:30,13.009489,77.556495
V9955,Route-A,92.15,2026-01-20 20:44:30,17.338011,78.51636
V5629,Route-D,101.76,2026-01-17 21:00:30,13.108262,80.250121
V4353,Route-A,118.77,2026-01-21 11:08:30,13.0137,77.622455
V4888,Route-C,78.49,2026-01-17 06:25:30,13.121649,80.229946
V7223,Route-B,27.23,2026-01-17 09:24:30,13.050084,80.314903
V7886,Route-C,68.19,2026-01-20 17:10:30,28.717138,77.113205
V4257,Route-D,54.22,2026-01-16 22:35:30,12.934862,77.582906
V6098,Route-E,119.19,2026-01-19 23:18:30,13.008025,77.558144
V4220,Route-A,49.84,2026-01-16 14:18:30,19.05477,72.862161
V4729,Route-C,39.77,2026-01-19 10:18:30,13.082927,80.28505
V9966,Route-E,119.77,2026-01-16 21:27:30,17.424473,78.531733
V6206,Route-A,31.34,2026-01-22 11:18:30,17.367871,78.523152
V9825,Route-B,107.65,2026-01-20 07:46:30,28.716892,77.138001
V6101,Route-D,76.79,2026-01-20 12:54:30,13.08548,80.288385
V8441,Route-B,116.3,2026-01-17 08:42:30,12.9428,77.592898
V9212,Route-C,22.28,2026-01-18 23:53:30,19.108982,72.848635
V4310,Route-D,29.05,2026-01-21 21:10:30,19.044703,72.84977
V5864,Route-B,65.41,2026-01-22 08:11:30,17.387871,78.512882
V4611,Route-D,104.5,2026-01-18 19:33:30,28.659098,77.12434
V4627,Route-C,95.13,2026-01-20 07:14:30,13.002112,77.559093
V7066,Route-B,43.6,2026-01-19 09:44:30,17.430698,78.470003
V2307,Route-B,87.42,2026-01-18 00:56:30,12.977914,77.596494
V5932,Route-C,81.72,2026-01-22 01:34:30,28.708055,77.11712
V9508,Route-B,44.57,2026-01-18 09:18:30,19.034209,72.874148
V9311,Route-E,69.9,2026-01-18 17:28:30,28.731595,77.126699
V3962,Route-C,114.77,2026-01-20 19:46:30,13.039176,80.315644
V7381,Route-B,101.47,2026-01-21 22:29:30,19.090693,72.913724
V2400,Route-D,100.82,2026-01-17 22:47:30,19.030654,72.893334
V6970,Route-D,45.64,2026-01-21 05:21:30,17.339306,78.439679
V8626,Route-D,60.03,2026-01-21 13:09:30,17.348992,78.484039
V8647,Route-A,30.54,2026-01-18 03:30:30,12.942341,77.554513
V1295,Route-D,115.12,2026-01-21 07:42:30,17.401557,78.531094
V1441,Route-B,116.89,2026-01-22 17:45:30,13.036579,80.278867
V1253,Route-C,69.71,2026-01-19 20:34:30,13.016719,77.551497
V2835,Route-D,114.81,2026-01-23 03:06:30,28.732445,77.137282
V3067,Route-A,59.66,2026-01-20 13:44:30,19.031875,72.874729
V2815,Route-D,69.58,2026-01-19 17:08:30,13.05193,80.225647
V4278,Route-B,70.03,2026-01-20 12:32:30,17.41852,78.496503
V3220,Route-E,27.4,2026-01-22 02:19:30,13.096715,80.269078
V1183,Route-C,92.53,2026-01-18 07:51:30,28.693928,77.089596
V3156,Route-A,84.18,2026-01-17 09:44:30,28.731507,77.094747
V2175,Route-C,71.01,2026-01-18 23:51:30,17.379739,78.517952
V9297,Route-C,108.99,2026-01-17 11:20:30,19.079112,72.878975
V2443,Route-E,96.19,2026-01-18 06:35:30,12.956262,77.635128
V8827,Route-C,63.32,2026-01-18 15:35:30,13.09638,80.249167
V5439,Route-C,54.99,2026-01-21 16:41:30,19.09832,72.917679
V2014,Route-D,71.61,2026-01-20 08:04:30,28.684732,77.061649
V6852,Route-E,104.99,2026-01-21 23:52:30,19.07424,72.915887
V6013,Route-E,26.84,2026-01-21 04:46:30,12.957243,77.63382
V5603,Route-E,63.12,2026-01-20 13:58:30,17.414456,78.485718
V6604,Route-B,76.16,2026-01-17 22:34:30,12.93626,77.620839
V9417,Route-C,78.07,2026-01-22 20:42:30,28.721724,77.070158
V3062,Route-C,59.74,2026-01-18 13:42:30,17.408734,78.490068
V2736,Route-B,68.09,2026-01-22 11:05:30,13.041205,80.30821
V9072,Route-E,92.97,2026-01-18 05:49:30,28.657427,77.11765
V4666,Route-B,33.52,2026-01-21 03:08:30,13.002162,77.554548
V9316,Route-C,51.53,2026-01-19 06:57:30,19.063794,72.859376
V5207,Route-E,44.41,2026-01-22 02:02:30,12.953624,77.592963
V1804,Route-A,66.83,2026-01-19 02:27:30,13.003638,77.633195
V7303,Route-E,117.8,2026-01-20 01:37:30,13.067698,80.238544
V8298,Route-B,113.89,2026-01-18 09:25:30,12.934299,77.610664
V3298,Route-C,115.53,2026-01-22 13:14:30,28.661077,77.142794
V5586,Route-E,92.93,2026-01-21 14:21:30,19.049617,72.890422
V8824,Route-D,82.87,2026-01-16 17:54:30,13.092893,80.274247
V7306,Route-C,27.7,2026-01-16 09:42:30,19.072115,72.910519
V5198,Route-D,33.94,2026-01-21 01:09:30,28.71646,77.137437
V9119,Route-D,104.39,2026-01-20 06:35:30,13.087001,80.245707
V9060,Route-C,100.03,2026-01-17 00:19:30,12.975954,77.558478
V3695,Route-E,58.48,2026-01-16 22:42:30,13.124278,80.256664
V3575,Route-D,83.15,2026-01-18 14:03:30,12.951464,77.594879
V5909,Route-A,26.04,2026-01-19 14:48:30,28.662118,77.083515
V5586,Route-D,110.5,2026-01-16 08:43:30,17.366247,78.488194
V6527,Route-E,27.32,2026-01-21 09:44:30,28.661215,77.120122
V3972,Route-A,48.18,2026-01-21 10:29:30,28.661489,77.063001
V4770,Route-E,72.94,2026-01-21 19:50:30,28.675723,77.112177
V3058,Route-B,36.26,2026-01-16 19:20:30,19.061648,72.843735
V8314,Route-D,22.94,2026-01-22 16:29:30,28.689797,77.093671
V4069,Route-C,40.64,2026-01-21 21:27:30,19.062912,72.878399
V8309,Route-D,37.16,2026-01-21 07:54:30,19.076884,72.916963
V5941,Route-A,80.48,2026-01-19 22:42:30,28.727792,77.118478
V6532,Route-C,88.44,2026-01-19 17:33:30,19.095638,72.836545
V1089,Route-A,39.52,2026-01-21 04:18:30,28.741266,77.132774
V9380,Route-C,94.58,2026-01-16 21:42:30,17.388919,78.482977
V2254,Route-B,116.59,2026-01-16 20:29:30,17.351585,78.486352
V6562,Route-E,85.82,2026-01-19 05:39:30,19.114826,72.913745
V3488,Route-D,72.5,2026-01-17 01:59:30,17.356431,78.521981
V7408,Route-C,84.82,2026-01-20 13:42:30,17.422342,78.486411
V3272,Route-C,62.44,2026-01-19 17:35:30,19.053501,72.874234
V2294,Route-C,96.65,2026-01-22 02:51:30,19.040227,72.835511
V1018,Route-D,50.27,2026-01-20 05:26:30,13.003902,77.553843
V4417,Route-E,75.16,2026-01-16 06:28:30,19.026365,72.892132
V2517,Route-B,78.36,2026-01-18 02:40:30,19.04836,72.905793
V3913,Route-E,76.79,2026-01-19 13:22:30,19.06659,72.90866
V3153,Route-A,54.26,2026-01-19 02:30:30,17.365269,78.439301
V5027,Route-D,101.15,2026-01-20 03:00:30,17.379241,78.441726
V2361,Route-E,72.19,2026-01-22 08:11:30,17.38373,78.465811
V2863,Route-E,58.76,2026-01-17 11:03:30,13.130115,80.288917
V1735,Route-A,72.53,2026-01-17 00:19:30,19.117975,72.905961
V6271,Route-E,88.17,2026-01-18 03:28:30,17.381047,78.438082
V2202,Route-B,117.59,2026-01-18 09:05:30,12.992278,77.633465
V4210,Route-C,97.36,2026-01-22 09:46:30,19.055379,72.888718
V7446,Route-E,51.94,2026-01-20 07:07:30,19.113453,72.864529
V7306,Route-E,92.31,2026-01-18 19:14:30,28.696468,77.109426
V4963,Route-C,113.79,2026-01-22 22:39:30,19.093714,72.860417
V3297,Route-E,24.78,2026-01-16 18:48:30,13.033065,80.23744
V6116,Route-C,86.54,2026-01-20 11:28:30,19.089752,72.911865
V3314,Route-E,48.26,2026-01-20 02:31:30,19.090179,72.843082
V9388,Route-A,80.42,2026-01-20 14:35:30,28.665851,77.135581
V9554,Route-D,98.67,2026-01-22 16:25:30,13.056215,80.301907
V1697,Route-E,32.01,2026-01-20 09:55:30,17.369289,78.534283
V1266,Route-E,85.91,2026-01-18 07:40:30,13.058006,80.287034
V8759,Route-D,109.52,2026-01-22 00:50:30,19.041626,72.867078
V1474,Route-A,93.77,2026-01-20 17:59:30,13.106284,80.292708
V5343,Route-A,117.1,2026-01-17 05:40:30,17.400866,78.472622
V8973,Route-A,80.85,2026-01-17 17:43:30,19.095298,72.868535
V1488,Route-D,26.9,2026-01-22 23:54:30,17.344026,78.497525
V9386,Route-D,72.52,2026-01-22 13:50:30,19.113831,72.841619
V3490,Route-C,59.35,2026-01-18 00:08:30,17.337815,78.484021
V6628,Route-C,30.92,2026-01-21 00:43:30,19.027811,72.854516
V6713,Route-E,79.55,2026-01-21 19:38:30,17.344374,78.513649
V3871,Route-A,54.92,2026-01-18 03:31:30,19.066589,72.91214
V6628,Route-C,104.31,2026-01-17 07:02:30,17.407359,78.524994
V3524,Route-A,35.39,2026-01-18 21:17:30,13.115161,80.30183
V5686,Route-B,68.82,2026-01-20 21:50:30,13.050789,80.231407
V3166,Route-B,76.67,2026-01-19 00:09:30,19.114023,72.865098
V7270,Route-D,44.57,2026-01-17 01:49:30,17.353656,78.477899
V2914,Route-E,65.85,2026-01-22 10:28:30,17.348613,78.441152
V3060,Route-E,107.61,2026-01-20 18:14:30,17.408186,78.477677
V9321,Route-A,115.48,2026-01-18 23:12:30,17.378504,78.444207
V7660,Route-A,99.36,2026-01-17 16:53:30,12.951394,77.576383
V4758,Route-B,66.56,2026-01-19 21:15:30,13.001437,77.580574
V3467,Route-B,31.12,2026-01-17 01:48:30,12.980798,77.609896
V6237,Route-E,76.29,2026-01-22 04:04:30,12.980978,77.641351
V5669,Route-D,84.97,2026-01-20 20:41:30,17.382503,78.527016
V3356,Route-A,24.56,2026-01-19 15:22:30,12.959747,77.574867
V3360,Route-A,117.89,2026-01-22 22:32:30,12.996689,77.568718
V3123,Route-B,85.53,2026-01-20 04:24:30,17.363938,78.463928
V1388,Route-E,108.32,2026-01-16 10:26:30,17.419538,78.530868
V9328,Route-E,77.25,2026-01-20 22:05:30,19.063569,72.894348
V9439,Route-D,84.16,2026-01-20 06:32:30,28.668245,77.081006
V6069,Route-B,86.34,2026-01-17 22:50:30,19.072267,72.838838
V5755,Route-A,54.67,2026-01-20 13:43:30,17.406108,78.48724
V4575,Route-E,95.02,2026-01-17 11:28:30,19.050187,72.834427
V1122,Route-C,83.53,2026-01-17 16:37:30,28.682243,77.086127
V1713,Route-D,60.99,2026-01-22 08:18:30,17.370776,78.509266
V3023,Route-E,43.01,2026-01-18 03:24:30,19.118,72.907886
V2894,Route-C,66.14,2026-01-16 14:10:30,17.384999,78.455884
V4976,Route-D,113.26,2026-01-21 12:46:30,17.418181,78.517456
V4443,Route-E,103.46,2026-01-18 01:22:30,17.385945,78.443318
V6462,Route-B,31.68,2026-01-21 09:10:30,12.972181,77.571309
V1260,Route-B,83.54,2026-01-16 17:31:30,17.431003,78.495753
V1473,Route-E,103.32,2026-01-23 01:50:30,12.947549,77.60096
V9810,Route-E,39.08,2026-01-18 17:35:30,19.03711,72.838705
V5017,Route-A,55.78,2026-01-17 20:10:30,12.928432,77.616371
V7955,Route-B,96.25,2026-01-18 01:28:30,13.035664,80.24136
V1616,Route-E,114.21,2026-01-22 18:40:30,12.933522,77.567492
V6655,Route-D,34.33,2026-01-21 13:57:30,17.362262,78.49024
V4126,Route-D,117.71,2026-01-22 09:19:30,13.096639,80.317342
V4190,Route-A,105.59,2026-01-16 22:30:30,17.420077,78.477106
V7900,Route-C,75.07,2026-01-19 11:48:30,13.131556,80.275742
V9847,Route-D,27.65,2026-01-18 07:59:30,17.383909,78.473525
V2812,Route-D,69.2,2026-01-23 01:23:30,17.365295,78.441053
V2814,Route-E,103.64,2026-01-16 06:30:30,17.349206,78.511555
V2927,Route-A,32.02,2026-01-22 17:29:30,19.099439,72.86186
V9202,Route-D,47.85,2026-01-16 19:10:30,28.680483,77.068059
V7745,Route-B,79.0,2026-01-21 12:24:30,28.670983,77.137993
V3526,Route-A,94.28,2026-01-22 08:04:30,19.084688,72.866395
V5325,Route-D,53.42,2026-01-18 15:36:30,12.944439,77.604567
V2422,Route-A,31.43,2026-01-20 22:41:30,17.336068,78.528576
V9879,Route-E,80.68,2026-01-19 06:59:30,17.392103,78.440692
V7177,Route-E,42.99,2026-01-19 02:20:30,17.357143,78.463823
V1141,Route-E,67.9,2026-01-21 05:22:30,13.094236,80.293996
V4790,Route-C,64.06,2026-01-18 06:55:30,13.09431,80.287242
V1951,Route-E,50.0,2026-01-20 10:12:30,17.354936,78.52171
V5999,Route-A,43.7,2026-01-19 21:06:30,17.424393,78.493781
V1826,Route-E,79.47,2026-01-22 11:56:30,17.432193,78.483919
V5460,Route-E,70.96,2026-01-21 05:38:30,19.053666,72.875873
V8442,Route-C,40.61,2026-01-17 02:33:30,12.958984,77.641804
V8899,Route-B,68.86,2026-01-17 11:33:30,13.003574,77.574301
V4869,Route-D,82.91,2026-01-18 15:04:30,12.945961,77.57222
V9434,Route-B,28.03,2026-01-18 04:18:30,28.679654,77.081973
V9421,Route-D,51.87,2026-01-17 21:10:30,12.941124,77.620257
V6448,Route-E,101.91,2026-01-22 14:31:30,17.351036,78.44637
V2868,Route-C,115.06,2026-01-23 00:30:30,17.34039,78.515697
V7947,Route-C,55.97,2026-01-16 17:19:30,17.354482,78.511064
V6991,Route-B,78.55,2026-01-16 11:02:30,13.060519,80.281093
V5450,Route-B,87.34,2026-01-17 03:18:30,13.118272,80.292712
V2163,Route-B,53.89,2026-01-17 14:20:30,13.055913,80.281841
V7146,Route-E,83.34,2026-01-22 23:53:30,28.749466,77.150426
V2915,Route-C,66.54,2026-01-21 16:36:30,12.98287,77.545322
V5065,Route-B,117.69,2026-01-20 11:54:30,17.369963,78.488855
V4542,Route-C,26.52,2026-01-21 10:16:30,28.743483,77.077407
V8403,Route-A,60.96,2026-01-19 02:54:30,19.091313,72.903705
V9060,Route-E,101.16,2026-01-19 11:28:30,28.658211,77.127585
V4750,Route-C,105.92,2026-01-21 03:16:30,28.671873,77.116647
V2364,Route-D,103.16,2026-01-18 20:20:30,19.090282,72.892597
V8462,Route-D,66.83,2026-01-16 06:48:30,17.374295,78.502973
V2046,Route-C,60.75,2026-01-23 03:23:30,28.744175,77.151211
V7010,Route-C,70.1,2026-01-17 09:31:30,13.095101,80.284934
V8348,Route-D,27.85,2026-01-21 14:38:30,28.715839,77.053183
V7655,Route-B,107.18,2026-01-20 07:01:30,17.394372,78.445316
V3022,Route-A,47.82,2026-01-23 02:29:30,17.429975,78.471396
V9785,Route-D,62.88,2026-01-21 19:59:30,28.706913,77.139005
V6968,Route-E,59.74,2026-01-17 21:34:30,13.10297,80.230355
V7714,Route-E,64.92,2026-01-18 09:00:30,28.736984,77.130272
V5288,Route-D,64.65,2026-01-18 14:05:30,12.954859,77.579429
V5846,Route-C,92.71,2026-01-18 10:08:30,19.04293,72.88158
V5084,Route-C,55.52,2026-01-18 08:23:30,19.073762,72.881074
V7881,Route-D,20.36,2026-01-20 22:42:30,17.416831,78.486273
V2258,Route-A,96.97,2026-01-19 11:54:30,17.362531,78.504771
V2437,Route-C,113.47,2026-01-18 12:33:30,13.071111,80.248579
V7669,Route-B,112.63,2026-01-16 18:58:30,17.40094,78.474296
V8224,Route-C,119.86,2026-01-22 08:15:30,19.110991,72.838245
V5600,Route-C,68.02,2026-01-16 10:18:30,19.089441,72.868711
V9984,Route-C,56.28,2026-01-19 05:48:30,17.343874,78.483869
V1696,Route-C,71.0,2026-01-21 18:19:30,19.105422,72.921708
V1414,Route-B,27.48,2026-01-18 21:58:30,17.338169,78.467902
V9777,Route-E,118.24,2026-01-19 15:53:30,12.993196,77.559532
V8140,Route-A,68.22,2026-01-21 12:39:30,28.690696,77.067513
V4781,Route-C,81.2,2026-01-21 21:45:30,12.961732,77.57037
V7896,Route-C,49.1,2026-01-21 01:37:30,28.745288,77.108157
V5664,Route-E,38.04,2026-01-16 13:28:30,28.712899,77.091939
V3682,Route-B,105.59,2026-01-20 02:47:30,13.072336,80.304887
V1555,Route-C,61.51,2026-01-19 18:50:30,19.10622,72.855466
V1320,Route-B,93.7,2026-01-18 06:46:30,28.728261,77.108157
V9488,Route-A,41.42,2026-01-20 21:08:30,12.953836,77.578713
V1688,Route-B,100.12,2026-01-20 14:01:30,13.100557,80.317987
V4274,Route-C,51.99,2026-01-19 01:24:30,13.096051,80.261308
V4116,Route-B,24.51,2026-01-17 11:57:30,19.079851,72.920437
V6990,Route-A,119.87,2026-01-20 00:26:30,19.072973,72.898107
V4590,Route-A,67.05,2026-01-17 20:32:30,13.059733,80.243683
V3906,Route-B,80.14,2026-01-20 13:04:30,13.005501,77.56736
V7287,Route-D,114.31,2026-01-16 11:45:30,19.072386,72.84052
V6365,Route-E,34.05,2026-01-19 18:06:30,19.081498,72.848879
V8279,Route-A,45.23,2026-01-20 12:05:30,19.11111,72.916789
V8024,Route-C,62.8,2026-01-19 22:55:30,13.011835,77.624138
V2280,Route-D,70.7,2026-01-17 08:11:30,12.998863,77.604829
V7673,Route-D,74.21,2026-01-17 07:18:30,17.382251,78.46311
V9744,Route-B,100.15,2026-01-22 09:59:30,19.066765,72.919529
V5407,Route-A,25.28,2026-01-18 22:04:30,28.720365,77.149916
V8834,Route-C,60.3,2026-01-19 11:32:30,19.068979,72.888208
V9498,Route-B,34.25,2026-01-20 11:55:30,12.96666,77.623971
V3752,Route-D,109.61,2026-01-18 02:30:30,13.122561,80.259291
V4022,Route-D,116.09,2026-01-21 20:59:30,19.094487,72.906511
V9922,Route-D,72.13,2026-01-17 15:27:30,17.431727,78.439125
V7963,Route-D,74.58,2026-01-20 01:03:30,12.999552,77.583295
V5824,Route-C,45.21,2026-01-21 07:01:30,28.742036,77.099353
V9214,Route-B,53.76,2026-01-16 11:09:30,13.079436,80.254498
V7891,Route-E,114.61,2026-01-17 18:40:30,13.007767,77.576366
V9689,Route-A,110.15,2026-01-17 04:17:30,12.959299,77.549166
V5667,Route-D,98.27,2026-01-18 21:27:30,19.116784,72.828011
V4102,Route-E,28.83,2026-01-16 20:29:30,17.372739,78.441007
V4556,Route-E,35.87,2026-01-16 23:04:30,13.119367,80.285605
V7449,Route-E,65.93,2026-01-20 00:33:30,13.084374,80.312618
V8949,Route-C,114.65,2026-01-20 12:42:30,19.03236,72.874643
V1590,Route-A,77.86,2026-01-16 10:54:30,13.017122,77.634022
V3666,Route-A,21.7,2026-01-16 16:34:30,28.70906,77.078425
V1443,Route-B,22.21,2026-01-19 16:13:30,17.425171,78.491484
V4823,Route-B,82.35,2026-01-21 13:31:30,17.395331,78.531458
V2926,Route-D,92.04,2026-01-20 03:01:30,13.081107,80.261389
V6061,Route-B,45.93,2026-01-18 08:23:30,19.094081,72.829527
V4215,Route-D,116.62,2026-01-17 19:27:30,12.943598,77.571581
V7899,Route-B,85.53,2026-01-18 05:47:30,13.0665,80.316123
V2623,Route-D,116.96,2026-01-21 22:48:30,13.130725,80.256057
V6528,Route-E,29.73,2026-01-22 03:20:30,12.975837,77.572349
V8006,Route-C,25.85,2026-01-22 03:18:30,17.416993,78.464744
V5256,Route-D,34.81,2026-01-17 20:20:30,13.084555,80.228612
V4455,Route-B,101.38,2026-01-23 04:41:30,17.405194,78.467376
V1736,Route-A,85.65,2026-01-16 20:18:30,13.12661,80.301658
V6150,Route-D,58.62,2026-01-21 07:32:30,28.665362,77.075844
V6640,Route-A,56.31,2026-01-22 07:23:30,13.101468,80.274007
V9430,Route-A,98.82,2026-01-21 02:40:30,28.726046,77.076378
V5809,Route-D,36.98,2026-01-19 08:56:30,13.065107,80.260999
V6335,Route-D,98.63,2026-01-21 14:03:30,28.747493,77.141488
V3482,Route-D,46.24,2026-01-16 11:42:30,19.029814,72.890106
V8575,Route-C,98.06,2026-01-22 03:23:30,12.991884,77.572943
V6651,Route-C,83.1,2026-01-20 18:10:30,13.034986,80.231691
V7300,Route-C,39.38,2026-01-20 00:08:30,13.071111,80.260614
V5216,Route-D,66.67,2026-01-21 10:14:30,19.087391,72.879143
V4247,Route-A,108.34,2026-01-17 07:18:30,28.726698,77.069053
V6986,Route-C,34.05,2026-01-20 20:23:30,13.084739,80.227583
V3384,Route-E,108.11,2026-01-21 22:57:30,19.101327,72.922018
V8021,Route-D,68.64,2026-01-19 06:47:30,19.087354,72.89173
V8751,Route-C,32.7,2026-01-21 13:56:30,13.034839,80.266967
V3275,Route-D,24.31,2026-01-16 08:27:30,17.351421,78.465374
V2473,Route-C,39.58,2026-01-19 04:10:30,28.725069,77.064257
V9415,Route-E,116.22,2026-01-18 23:22:30,17.413582,78.513306
V1289,Route-B,97.26,2026-01-16 06:17:30,13.042182,80.23268
V2363,Route-B,99.79,2026-01-17 02:28:30,13.051893,80.224476
V5821,Route-E,101.54,2026-01-17 07:18:30,28.679145,77.07335
V3289,Route-E,42.36,2026-01-18 16:03:30,12.928458,77.63421
V9525,Route-B,23.88,2026-01-20 15:39:30,12.987808,77.621236
V7536,Route-C,35.06,2026-01-19 02:52:30,13.126703,80.319497
V1238,Route-A,110.51,2026-01-20 14:20:30,13.117842,80.290956
V7245,Route-C,49.18,2026-01-17 12:51:30,12.940151,77.610204
V9968,Route-B,103.56,2026-01-17 10:49:30,19.10926,72.877892
V3565,Route-E,39.67,2026-01-17 01:43:30,13.006329,77.577185
V1084,Route-D,80.72,2026-01-20 07:07:30,12.990447,77.598266
V7840,Route-E,24.08,2026-01-20 02:11:30,19.089419,72.850334
V6084,Route-A,57.51,2026-01-20 22:58:30,13.082811,80.223014
V9174,Route-D,101.34,2026-01-17 13:06:30,28.654583,77.128762
V4673,Route-A,73.36,2026-01-17 05:09:30,13.013041,77.631131
V8033,Route-B,24.43,2026-01-19 10:49:30,28.688157,77.098542
V9314,Route-D,78.66,2026-01-20 18:08:30,12.993593,77.579122
V1062,Route-E,99.0,2026-01-17 15:21:30,17.419372,78.443245
V4162,Route-D,44.12,2026-01-19 09:21:30,19.061682,72.883517
V1212,Route-E,62.45,2026-01-17 11:32:30,12.932602,77.586206
V1353,Route-C,93.59,2026-01-19 06:35:30,19.066008,72.88504
V4571,Route-E,46.25,2026-01-21 02:25:30,12.936411,77.62982
V2644,Route-A,98.45,2026-01-17 10:13:30,19.080021,72.860021
V6594,Route-D,101.07,2026-01-16 09:55:30,12.935911,77.571822
V4578,Route-C,21.49,2026-01-16 19:47:30,28.707358,77.102811
V9835,Route-C,91.78,2026-01-20 23:54:30,13.088724,80.283919
V9551,Route-B,75.74,2026-01-16 19:26:30,13.043237,80.244205
V8681,Route-A,47.55,2026-01-21 00:18:30,17.41563,78.490714
V7109,Route-E,72.7,2026-01-16 14:11:30,13.05207,80.306246
V9633,Route-A,41.02,2026-01-19 06:22:30,28.669743,77.096044
V2160,Route-C,103.44,2026-01-21 16:40:30,13.066679,80.281304
V4266,Route-C,108.19,2026-01-23 00:40:30,17.383605,78.46585
V4228,Route-A,73.68,2026-01-17 03:24:30,12.923858,77.546375
V6690,Route-C,97.48,2026-01-22 21:23:30,12.997873,77.558267
V2469,Route-C,112.11,2026-01-19 23:36:30,19.099159,72.847126
V9987,Route-E,29.22,2026-01-19 03:17:30,17.396905,78.460553
V3093,Route-E,53.59,2026-01-21 09:51:30,13.071141,80.286556
V2798,Route-D,26.16,2026-01-19 12:02:30,13.117479,80.285723
V8297,Route-E,36.89,2026-01-22 01:02:30,28.66692,77.138519
V7918,Route-B,104.01,2026-01-20 19:54:30,28.725672,77.112232
V3384,Route-D,50.49,2026-01-17 19:47:30,28.668542,77.077438
V7809,Route-B,50.44,2026-01-19 02:34:30,12.984865,77.569348
V3318,Route-E,42.76,2026-01-18 15:35:30,19.066213,72.925854
V7430,Route-E,60.65,2026-01-20 19:38:30,19.075407,72.882163
V2110,Route-D,46.86,2026-01-22 11:54:30,28.720627,77.12091
V7020,Route-C,61.6,2026-01-18 18:26:30,17.428258,78.532435
V1159,Route-E,98.96,2026-01-20 20:21:30,13.05796,80.29804
V6612,Route-B,88.5,2026-01-18 01:19:30,12.940475,77.585366
V5995,Route-D,25.92,2026-01-18 01:22:30,19.05405,72.896898
V9191,Route-A,90.41,2026-01-20 23:34:30,28.737769,77.102842
V4685,Route-A,57.22,2026-01-16 22:07:30,28.735972,77.099439
V3128,Route-E,39.79,2026-01-20 02:19:30,13.12624,80.261345
V4362,Route-E,24.95,2026-01-23 04:35:30,28.747705,77.097968
V6913,Route-D,93.47,2026-01-20 00:54:30,13.09886,80.248635
V8974,Route-E,99.04,2026-01-22 01:49:30,12.926145,77.555137
V6180,Route-D,81.35,2026-01-22 01:35:30,13.112542,80.289168
V9991,Route-E,61.47,2026-01-16 14:43:30,19.116321,72.849251
V4002,Route-E,114.53,2026-01-19 18:46:30,19.078477,72.833569
V3903,Route-B,85.8,2026-01-17 12:33:30,19.096634,72.852386
V1249,Route-A,24.59,2026-01-17 02:19:30,17.39345,78.456562
V5885,Route-D,63.28,2026-01-19 03:40:30,12.988259,77.556635
V6254,Route-B,46.15,2026-01-17 01:19:30,17.433948,78.464633
V4511,Route-D,64.99,2026-01-21 18:48:30,28.717101,77.138878
V1111,Route-D,55.55,2026-01-19 12:04:30,17.351012,78.460344
V4846,Route-B,79.47,2026-01-20 00:22:30,13.085963,80.308836
V4719,Route-A,96.68,2026-01-17 15:30:30,17.424737,78.496258
V8768,Route-B,72.67,2026-01-22 15:28:30,12.949506,77.571563
V1639,Route-B,49.84,2026-01-19 12:09:30,13.034905,80.319824
V7230,Route-B,81.45,2026-01-23 02:21:30,13.008021,77.642015
V9791,Route-A,101.27,2026-01-21 00:51:30,13.044661,80.273848
V5918,Route-B,53.37,2026-01-18 11:17:30,19.051396,72.831703
V3749,Route-A,115.68,2026-01-22 13:21:30,28.714173,77.055892
V1705,Route-E,112.35,2026-01-18 19:10:30,13.007295,77.562192
V4074,Route-B,66.75,2026-01-17 05:52:30,17.392189,78.50604
V9883,Route-A,100.75,2026-01-21 01:25:30,17.430357,78.442485
V1411,Route-A,35.55,2026-01-16 07:48:30,28.662844,77.114206
V5072,Route-D,48.94,2026-01-18 14:29:30,13.093931,80.2678
V1160,Route-E,93.14,2026-01-17 08:04:30,17.369438,78.47529
V9574,Route-E,71.81,2026-01-23 03:49:30,19.10114,72.918344
V3880,Route-C,116.0,2026-01-21 20:08:30,13.123744,80.258499
V3580,Route-E,114.89,2026-01-20 16:48:30,28.748829,77.086488
V7464,Route-C,105.98,2026-01-20 23:35:30,19.093785,72.914605
V5745,Route-D,48.79,2026-01-20 23:08:30,13.107688,80.260497
V8432,Route-D,30.16,2026-01-18 15:52:30,17.355357,78.50121
V8342,Route-D,90.84,2026-01-21 06:34:30,13.041964,80.223422
V9782,Route-A,31.21,2026-01-22 08:38:30,13.018713,77.581875
V5083,Route-A,113.9,2026-01-20 11:11:30,13.080843,80.250091
V6200,Route-B,26.83,2026-01-19 08:46:30,17.409875,78.497058
V1807,Route-C,20.58,2026-01-18 06:11:30,17.384017,78.53057
V5559,Route-C,84.87,2026-01-22 15:51:30,19.072746,72.872916
V3574,Route-E,92.37,2026-01-19 09:19:30,13.121836,80.280887
V9652,Route-A,81.79,2026-01-19 05:29:30,17.376308,78.460804
V6324,Route-A,46.94,2026-01-16 20:52:30,12.982495,77.571297
V4214,Route-D,48.04,2026-01-21 03:33:30,17.426091,78.535686
V4650,Route-A,33.47,2026-01-22 18:39:30,19.102079,72.889874
V1436,Route-B,104.69,2026-01-19 07:41:30,13.044764,80.286213
V1110,Route-D,72.26,2026-01-22 15:21:30,19.08089,72.92622
V1448,Route-E,37.3,2026-01-18 02:17:30,28.659096,77.115064
V4888,Route-A,78.06,2026-01-18 15:57:30,17.409169,78.462145
V9919,Route-B,33.13,2026-01-22 13:30:30,19.078691,72.881188
V8873,Route-D,95.57,2026-01-23 03:48:30,19.096729,72.863248
V2833,Route-B,54.98,2026-01-18 02:34:30,13.081386,80.274238
V8598,Route-C,102.49,2026-01-21 03:29:30,12.9923,77.577686
V3685,Route-E,89.44,2026-01-17 21:54:30,12.924488,77.545198
V8701,Route-A,83.67,2026-01-17 15:40:30,17.429879,78.529405
V1619,Route-E,60.55,2026-01-19 06:02:30,12.924227,77.606724
V6596,Route-B,76.17,2026-01-19 13:05:30,12.99229,77.587637
V7778,Route-D,83.97,2026-01-22 00:30:30,13.017556,77.622787
V4395,Route-B,25.97,2026-01-19 15:22:30,28.744738,77.143621
V6258,Route-A,23.33,2026-01-20 09:11:30,19.048012,72.87863
V5764,Route-B,40.58,2026-01-19 08:50:30,13.124009,80.29295
V4455,Route-D,114.11,2026-01-18 20:19:30,17.337191,78.441131
V9801,Route-E,87.61,2026-01-16 15:16:30,19.117158,72.899719
V6384,Route-A,51.85,2026-01-16 11:55:30,13.093175,80.225148
V5794,Route-E,62.55,2026-01-23 03:43:30,17.419167,78.509523
V3420,Route-E,117.72,2026-01-17 21:09:30,28.730401,77.121436
V3072,Route-A,98.59,2026-01-20 15:33:30,17.394495,78.493821
V6273,Route-A,63.23,2026-01-20 17:02:30,12.976423,77.582868
V6808,Route-E,105.75,2026-01-21 02:12:30,13.01699,77.620792
V4729,Route-E,60.32,2026-01-22 01:23:30,13.065252,80.311387
V4204,Route-C,117.96,2026-01-22 23:33:30,17.370333,78.508295
V5729,Route-C,92.03,2026-01-17 09:32:30,17.418971,78.512984
V9900,Route-D,105.28,2026-01-20 12:45:30,28.738684,77.113676
V3734,Route-D,112.92,2026-01-18 11:59:30,13.053231,80.269144
V7085,Route-A,115.05,2026-01-20 08:48:30,13.007745,77.587256
V3207,Route-D,62.85,2026-01-16 16:14:30,17.432656,78.509601
V3877,Route-B,28.22,2026-01-20 12:04:30,13.020657,77.567048
V8091,Route-B,76.49,2026-01-23 01:12:30,13.068846,80.271599
V7581,Route-B,72.18,2026-01-23 02:43:30,19.116257,72.864066
V9305,Route-E,44.18,2026-01-22 21:12:30,13.056517,80.292997
V3474,Route-C,90.92,2026-01-17 04:52:30,17.384767,78.479932
V5709,Route-D,116.41,2026-01-21 07:29:30,28.72056,77.109842
V1972,Route-D,59.38,2026-01-21 21:57:30,12.936121,77.557016
V4734,Route-B,75.16,2026-01-16 17:40:30,12.996443,77.608432
V4057,Route-B,25.3,2026-01-21 02:18:30,12.972368,77.607791
V8782,Route-D,46.59,2026-01-20 00:26:30,28.678197,77.09784
V1922,Route-D,91.64,2026-01-22 05:48:30,13.006485,77.603686
V5903,Route-D,86.74,2026-01-20 03:05:30,17.377897,78.498925
V5471,Route-C,68.38,2026-01-20 06:24:30,19.09137,72.882219
V7053,Route-D,104.82,2026-01-21 09:07:30,19.116219,72.864414
V8467,Route-E,114.86,2026-01-17 06:03:30,12.999476,77.577427
V6050,Route-E,63.44,2026-01-19 03:17:30,12.92561,77.562255
V2346,Route-E,62.23,2026-01-22 23:11:30,17.407597,78.441935
V4857,Route-A,30.7,2026-01-17 00:01:30,17.386882,78.507136
V7031,Route-B,87.71,2026-01-19 02:07:30,13.017992,77.568887
V6421,Route-A,114.19,2026-01-22 09:46:30,12.945542,77.613906
V6519,Route-E,94.65,2026-01-16 16:11:30,13.046043,80.248552
V7553,Route-B,35.2,2026-01-21 05:15:30,28.748527,77.093693
V9332,Route-E,106.98,2026-01-16 22:29:30,13.109513,80.25732
V9866,Route-E,55.98,2026-01-21 23:15:30,19.03185,72.921632
V6072,Route-B,71.13,2026-01-17 18:11:30,19.077789,72.927653
V7378,Route-D,64.68,2026-01-17 21:23:30,17.379687,78.485633
V8203,Route-C,38.8,2026-01-16 06:55:30,19.038053,72.866052
V5376,Route-B,47.07,2026-01-19 22:30:30,19.055155,72.856357
V3337,Route-A,89.73,2026-01-17 17:02:30,19.045014,72.914106
V4822,Route-C,36.74,2026-01-22 17:45:30,28.700121,77.151632
V1685,Route-E,35.68,2026-01-18 09:20:30,28.685224,77.079005
V1736,Route-B,36.41,2026-01-18 13:08:30,12.956643,77.619895
V9297,Route-B,28.85,2026-01-17 08:41:30,17.355989,78.536118
V1886,Route-D,85.26,2026-01-22 23:54:30,13.098417,80.268948
V3971,Route-C,76.52,2026-01-17 23:38:30,13.120569,80.302252
V6771,Route-C,61.34,2026-01-18 17:58:30,28.657141,77.115815
V6136,Route-A,47.56,2026-01-20 16:31:30,13.03651,80.239754
V3834,Route-E,46.16,2026-01-22 14:12:30,13.097269,80.304171
V2631,Route-C,43.74,2026-01-17 01:11:30,13.085158,80.251448
V5886,Route-C,82.92,2026-01-17 03:15:30,13.066315,80.253857
V9634,Route-B,38.31,2026-01-22 21:15:30,17.380627,78.528377
V2668,Route-E,33.25,2026-01-17 14:32:30,13.099256,80.269995
V5814,Route-A,98.73,2026-01-18 07:20:30,17.400523,78.524566
V7981,Route-E,47.68,2026-01-22 03:36:30,13.046632,80.293779
V2603,Route-B,89.12,2026-01-16 18:42:30,19.086471,72.857291
V3432,Route-A,100.78,2026-01-22 00:37:30,13.106733,80.303357
V8353,Route-B,117.37,2026-01-21 10:28:30,28.73309,77.067965
V7204,Route-E,82.59,2026-01-21 14:58:30,13.094571,80.253141
V1558,Route-A,53.46,2026-01-19 19:04:30,12.956558,77.607373
V7171,Route-C,67.56,2026-01-19 09:13:30,13.086121,80.265014
V2296,Route-E,25.12,2026-01-19 15:38:30,28.69772,77.055255
V4869,Route-A,72.92,2026-01-21 20:00:30,13.048031,80.299901
V6443,Route-B,85.92,2026-01-18 16:19:30,28.711187,77.059307
V6540,Route-D,96.72,2026-01-19 23:59:30,13.084505,80.316123
V4138,Route-C,73.35,2026-01-22 21:46:30,13.109815,80.309595
V7298,Route-B,71.62,2026-01-22 10:39:30,17.430479,78.470497
V6623,Route-B,91.33,2026-01-17 08:39:30,13.086782,80.238104
V1601,Route-C,100.52,2026-01-22 21:59:30,13.014725,77.567938
V8762,Route-C,51.48,2026-01-20 18:31:30,28.718259,77.091971
V6439,Route-D,68.19,2026-01-18 22:12:30,13.045689,80.240665
V3052,Route-D,118.52,2026-01-20 05:55:30,13.059993,80.291035
V1564,Route-B,65.32,2026-01-21 08:51:30,17.368948,78.517256
V7640,Route-B,112.89,2026-01-21 17:04:30,17.370917,78.487889
V4967,Route-A,104.75,2026-01-20 17:17:30,12.930568,77.549894
V3551,Route-A,109.76,2026-01-20 22:44:30,19.072938,72.879569
V2769,Route-E,34.13,2026-01-19 06:42:30,28.718461,77.069578
V1809,Route-E,80.61,2026-01-19 20:21:30,13.039385,80.26185
V5743,Route-A,67.19,2026-01-20 11:48:30,17.430752,78.494494
V2638,Route-B,61.15,2026-01-22 14:33:30,19.039402,72.860962
V6541,Route-A,111.49,2026-01-21 08:03:30,28.713151,77.130671
V5029,Route-D,32.9,2026-01-19 12:39:30,19.039876,72.875067
V6676,Route-B,21.7,2026-01-21 00:50:30,12.981799,77.602596
V1417,Route-C,101.84,2026-01-21 18:56:30,13.087844,80.293235
V5587,Route-D,110.5,2026-01-21 21:01:30,12.936372,77.577364
V1348,Route-A,62.81,2026-01-20 07:20:30,13.04662,80.29377
V2426,Route-E,112.87,2026-01-22 09:39:30,13.065892,80.22642
V1188,Route-B,111.04,2026-01-16 21:56:30,17.434501,78.528078
V8800,Route-D,101.23,2026-01-19 03:13:30,13.007225,77.616616
V7894,Route-E,67.47,2026-01-20 13:21:30,19.044513,72.840722
V9896,Route-C,24.55,2026-01-22 20:10:30,13.068392,80.298035
V8351,Route-E,92.41,2026-01-16 07:57:30,13.00623,77.631327
V7147,Route-C,34.38,2026-01-21 10:57:30,28.671427,77.065487
V9128,Route-B,80.43,2026-01-19 20:00:30,12.944153,77.596647
V6766,Route-C,104.43,2026-01-22 09:12:30,28.699304,77.0942
V7534,Route-D,86.99,2026-01-21 00:48:30,12.971028,77.587569
V3173,Route-B,115.95,2026-01-18 20:06:30,17.383345,78.442258
V2407,Route-E,46.25,2026-01-20 12:58:30,13.060509,80.299429
V6600,Route-D,109.22,2026-01-21 18:46:30,13.052761,80.226959
V3764,Route-C,77.44,2026-01-19 12:14:30,13.005293,77.606448
V7104,Route-A,45.45,2026-01-17 23:41:30,12.92974,77.571135
V6267,Route-D,107.3,2026-01-17 22:41:30,12.986557,77.573595
V2377,Route-D,46.81,2026-01-18 17:21:30,13.086435,80.27463
V9156,Route-A,39.4,2026-01-22 23:59:30,12.933632,77.565071
V3618,Route-D,39.16,2026-01-17 07:01:30,28.688411,77.138226
V1041,Route-E,54.26,2026-01-21 13:49:30,13.081112,80.290091
V8519,Route-D,43.57,2026-01-20 21:31:30,19.066679,72.830687
V4118,Route-C,47.28,2026-01-17 03:20:30,13.077674,80.319137
V8645,Route-C,108.42,2026-01-23 00:59:30,12.934712,77.611276
V9458,Route-B,50.81,2026-01-22 05:14:30,17.391896,78.516444
V1384,Route-C,46.78,2026-01-17 05:25:30,28.731239,77.056927
V7045,Route-B,82.25,2026-01-20 00:24:30,17.41135,78.446122
V4418,Route-B,23.25,2026-01-17 20:32:30,28.669428,77.108107
V5111,Route-E,66.2,2026-01-21 02:12:30,28.707988,77.135578
V9405,Route-A,114.9,2026-01-21 00:42:30,19.077555,72.861762
V6138,Route-B,31.21,2026-01-20 20:06:30,12.923956,77.582788
V7656,Route-D,38.04,2026-01-16 17:40:30,13.05574,80.30572
V3916,Route-A,102.8,2026-01-20 00:44:30,28.685108,77.083296
V1962,Route-B,90.75,2026-01-17 03:01:30,19.028531,72.87369
V7108,Route-B,116.89,2026-01-16 12:39:30,19.099958,72.836056
V1283,Route-A,26.9,2026-01-19 09:31:30,13.078208,80.235672
V3331,Route-E,95.17,2026-01-17 15:34:30,12.932169,77.573891
V8601,Route-C,45.63,2026-01-18 09:43:30,17.370967,78.490473
V1638,Route-E,100.06,2026-01-16 21:27:30,19.042916,72.89142
V5864,Route-B,80.95,2026-01-16 23:55:30,28.734818,77.149321
V5905,Route-A,110.74,2026-01-20 17:29:30,12.95595,77.616357
V9964,Route-A,114.83,2026-01-23 04:04:30,19.11942,72.919938
V4056,Route-E,22.13,2026-01-22 22:26:30,12.933867,77.628433
V3555,Route-B,55.93,2026-01-23 03:11:30,13.122392,80.263678
V5732,Route-C,116.8,2026-01-18 20:48:30,28.705746,77.084136
V7544,Route-D,76.08,2026-01-17 10:53:30,19.113551,72.852191
V7583,Route-C,79.57,2026-01-23 00:21:30,13.071805,80.222571
V7997,Route-B,70.29,2026-01-18 03:06:30,28.669936,77.095132
V5092,Route-C,76.64,2026-01-17 00:57:30,19.049466,72.872819
V6988,Route-D,107.79,2026-01-17 13:08:30,28.689138,77.14354
V5677,Route-C,59.37,2026-01-19 22:14:30,12.946478,77.620331
V1550,Route-B,99.7,2026-01-19 04:03:30,13.019284,77.631595
V1200,Route-E,30.1,2026-01-19 04:57:30,12.989562,77.548199
V9886,Route-B,31.39,2026-01-23 00:35:30,19.117023,72.898667
V4890,Route-E,37.96,2026-01-16 12:20:30,12.953553,77.569061
V4177,Route-C,30.52,2026-01-20 02:32:30,13.093456,80.252362
V6034,Route-B,70.1,2026-01-17 21:59:30,13.004146,77.629553
V5520,Route-A,94.04,2026-01-16 21:01:30,12.970916,77.638536
V5801,Route-C,115.37,2026-01-19 22:23:30,17.415508,78.52454
V4481,Route-E,41.51,2026-01-23 00:33:30,19.05134,72.857593
V5502,Route-A,103.09,2026-01-20 08:26:30,28.728463,77.117595
V6944,Route-E,68.32,2026-01-16 21:40:30,13.074207,80.270244
V4130,Route-A,67.99,2026-01-18 22:38:30,13.013805,77.636783
V9200,Route-C,68.77,2026-01-16 13:42:30,28.752699,77.093197
V5215,Route-A,78.44,2026-01-22 07:42:30,13.128305,80.288663
V9464,Route-B,48.63,2026-01-21 11:52:30,17.418586,78.536065
V9818,Route-A,50.74,2026-01-19 19:59:30,19.07301,72.87821
V3144,Route-D,67.18,2026-01-23 02:25:30,13.060595,80.25752
V2799,Route-E,108.46,2026-01-19 01:42:30,13.069644,80.223585
V6118,Route-A,112.69,2026-01-21 19:41:30,28.685398,77.082189
V3482,Route-D,119.17,2026-01-17 05:36:30,17.423984,78.479054
V8628,Route-E,109.58,2026-01-23 01:50:30,17.423112,78.501385
V5561,Route-E,52.93,2026-01-20 04:19:30,12.933108,77.553999
V2070,Route-A,70.66,2026-01-16 17:37:30,17.35407,78.485868
V5000,Route-D,63.55,2026-01-20 02:09:30,19.074401,72.845059
V2535,Route-A,111.45,2026-01-18 14:59:30,13.07144,80.233674
V6194,Route-D,61.72,2026-01-20 13:10:30,28.701251,77.055989
V6258,Route-E,20.7,2026-01-17 22:37:30,17.380768,78.532161
V1292,Route-D,90.34,2026-01-19 13:47:30,13.08878,80.276603
V3853,Route-A,50.51,2026-01-19 17:37:30,13.046125,80.280881
V7025,Route-C,65.72,2026-01-21 23:57:30,19.070898,72.856112
V8727,Route-D,85.91,2026-01-17 17:16:30,12.981704,77.62623
V1395,Route-C,112.06,2026-01-22 21:03:30,17.346638,78.522255
V8644,Route-E,71.11,2026-01-21 08:30:30,17.382799,78.491949
V8861,Route-C,107.78,2026-01-16 20:16:30,13.081039,80.255898
V9935,Route-C,40.6,2026-01-20 16:41:30,13.053599,80.270901
V3847,Route-A,79.89,2026-01-19 04:57:30,12.995537,77.606731
V2700,Route-E,71.54,2026-01-23 01:41:30,17.342734,78.458345
V4333,Route-C,97.96,2026-01-19 13:26:30,19.060918,72.85498
V7567,Route-E,88.61,2026-01-22 23:17:30,13.020003,77.605767
V9287,Route-B,119.02,2026-01-22 16:45:30,28.713826,77.10602
V7178,Route-A,83.44,2026-01-21 02:24:30,28.731832,77.123076
V7109,Route-A,85.82,2026-01-18 09:03:30,17.371397,78.465354
V1299,Route-D,108.99,2026-01-18 20:43:30,28.704164,77.077243
V6957,Route-A,72.54,2026-01-21 12:03:30,13.111606,80.259643
V1718,Route-C,65.93,2026-01-20 00:32:30,13.045964,80.249517
V6592,Route-D,86.59,2026-01-16 08:12:30,28.724225,77.060453
V7406,Route-E,44.71,2026-01-19 05:06:30,12.961053,77.570608
V5641,Route-C,72.81,2026-01-21 14:39:30,17.347597,78.508996
V8413,Route-C,20.31,2026-01-22 09:27:30,13.114561,80.317999
V2004,Route-D,113.04,2026-01-18 22:41:30,13.10427,80.228755
V6989,Route-A,116.34,2026-01-21 00:19:30,28.707724,77.129834
V1166,Route-A,76.77,2026-01-21 19:46:30,13.11466,80.239362
V7353,Route-C,65.18,2026-01-22 04:05:30,12.926403,77.602301
V8852,Route-C,39.0,2026-01-19 07:52:30,17.403643,78.44452
V8514,Route-E,112.59,2026-01-20 12:33:30,17.40328,78.483703
V5486,Route-D,72.3,2026-01-18 15:58:30,13.078331,80.277272
V4655,Route-E,49.24,2026-01-22 06:25:30,19.117842,72.890631
V5318,Route-A,62.23,2026-01-19 13:54:30,13.119157,80.254976
V3913,Route-E,29.92,2026-01-21 13:35:30,13.075398,80.261853
V5766,Route-E,21.01,2026-01-21 12:06:30,19.042652,72.896282
V7072,Route-D,39.31,2026-01-16 14:34:30,13.081587,80.252141
V7354,Route-E,97.22,2026-01-19 13:24:30,17.421701,78.523707
V8695,Route-B,92.38,2026-01-21 17:06:30,28.68485,77.065693
V6623,Route-A,74.34,2026-01-17 16:13:30,19.051416,72.910461
V2364,Route-D,112.18,2026-01-19 10:02:30,19.065754,72.901158
V4050,Route-A,20.03,2026-01-16 09:31:30,19.087663,72.83542
V9503,Route-D,118.24,2026-01-18 19:11:30,28.731193,77.087417
V9089,Route-E,119.6,2026-01-16 19:45:30,19.048064,72.841003
V8903,Route-A,115.38,2026-01-19 15:10:30,17.357174,78.499386
V7481,Route-A,91.12,2026-01-22 17:30:30,17.385054,78.444115
V9526,Route-D,22.9,2026-01-21 16:57:30,17.335432,78.528884
V2267,Route-C,80.3,2026-01-20 22:51:30,13.096486,80.243007
V8396,Route-B,74.27,2026-01-21 12:50:30,13.110379,80.304213
V9954,Route-D,50.22,2026-01-20 18:55:30,17.347703,78.473671
V9496,Route-D,38.88,2026-01-19 06:25:30,13.10954,80.23202
V5794,Route-C,61.63,2026-01-22 00:02:30,13.047638,80.281353
V1917,Route-E,60.87,2026-01-20 00:08:30,12.966559,77.592854
V2229,Route-B,95.5,2026-01-23 04:12:30,19.036061,72.82793
V8243,Route-D,56.88,2026-01-16 07:50:30,28.700335,77.058313
V2429,Route-A,101.85,2026-01-18 22:07:30,17.429521,78.50705
V3820,Route-B,75.66,2026-01-22 23:21:30,17.373662,78.522655
V6011,Route-B,109.5,2026-01-17 07:52:30,17.342038,78.506849
V1866,Route-B,79.12,2026-01-20 11:26:30,17.393683,78.484114
V6224,Route-C,72.27,2026-01-17 08:50:30,28.715328,77.095965
V8463,Route-B,36.03,2026-01-19 02:26:30,17.428553,78.442708
V2055,Route-B,42.49,2026-01-20 23:00:30,28.730922,77.138031
V6939,Route-E,78.8,2026-01-21 14:52:30,13.083292,80.286103
V8826,Route-A,53.36,2026-01-18 11:16:30,28.727431,77.130401
V7083,Route-A,80.75,2026-01-21 01:19:30,12.974466,77.622087
V6654,Route-B,85.86,2026-01-16 12:14:30,13.053895,80.260835
V1120,Route-E,119.62,2026-01-22 05:38:30,28.666797,77.125619
V7382,Route-D,21.17,2026-01-18 13:30:30,17.343163,78.473632
V7571,Route-A,62.51,2026-01-20 18:26:30,13.106747,80.277808
V5888,Route-E,57.01,2026-01-22 19:19:30,28.713491,77.121648
V9189,Route-B,61.61,2026-01-23 00:43:30,13.104701,80.229235
V3434,Route-A,41.58,2026-01-16 18:40:30,13.080938,80.319813
V2705,Route-E,101.54,2026-01-22 14:22:30,13.011369,77.638671
V9563,Route-A,116.28,2026-01-22 11:45:30,13.042173,80.313984
V8021,Route-B,31.25,2026-01-16 20:43:30,17.414299,78.495713
V7200,Route-E,69.97,2026-01-16 09:25:30,17.37664,78.532998
V5054,Route-B,49.41,2026-01-17 03:53:30,28.698682,77.056308
V9653,Route-C,101.73,2026-01-17 13:25:30,13.120596,80.223715
V9120,Route-A,49.27,2026-01-21 02:22:30,19.052253,72.895362
V6872,Route-C,87.83,2026-01-19 10:33:30,19.078144,72.872078
V6919,Route-E,70.63,2026-01-16 10:58:30,28.704061,77.108259
V6334,Route-D,112.68,2026-01-23 01:48:30,13.06851,80.22759
V9912,Route-A,103.62,2026-01-21 11:34:30,17.417906,78.458689
V8587,Route-E,36.77,2026-01-21 06:21:30,19.046737,72.870606
V9587,Route-A,66.57,2026-01-18 06:09:30,17.396799,78.44811
V1262,Route-D,111.49,2026-01-17 00:22:30,28.698738,77.132632
V3119,Route-E,115.65,2026-01-20 16:33:30,12.950636,77.583934
V6327,Route-D,46.0,2026-01-18 19:19:30,28.681684,77.096013
V6139,Route-B,101.9,2026-01-22 12:41:30,28.725892,77.09442
V5440,Route-D,104.06,2026-01-20 11:30:30,13.016855,77.625442
V7873,Route-D,81.07,2026-01-16 13:47:30,13.115735,80.247031
V7682,Route-B,93.24,2026-01-19 18:22:30,12.989036,77.546198
V1631,Route-D,61.88,2026-01-18 18:52:30,12.93757,77.598045
V6968,Route-A,38.65,2026-01-17 07:51:30,17.396984,78.495859
V2350,Route-E,92.96,2026-01-18 20:25:30,19.06417,72.867643
V8799,Route-B,98.72,2026-01-21 17:38:30,19.044312,72.919127
V7331,Route-A,44.84,2026-01-21 01:51:30,19.094323,72.84169
V1822,Route-A,67.27,2026-01-19 14:55:30,12.967914,77.628911
V8877,Route-C,42.61,2026-01-18 06:55:30,12.970407,77.640307
V5215,Route-D,87.02,2026-01-19 11:00:30,17.356801,78.449764
V1284,Route-E,88.24,2026-01-22 02:49:30,17.386068,78.461582
V4061,Route-A,78.01,2026-01-20 05:24:30,17.339315,78.475394
V3081,Route-E,89.96,2026-01-20 09:13:30,19.064146,72.832349
V3970,Route-D,31.1,2026-01-18 03:06:30,17.344334,78.497378
V4130,Route-C,117.07,2026-01-22 20:12:30,19.089068,72.85373
V1732,Route-C,119.34,2026-01-17 05:50:30,28.703314,77.05439
V7018,Route-B,49.73,2026-01-20 05:13:30,19.026295,72.88967
V2570,Route-E,40.77,2026-01-19 10:41:30,17.335396,78.513412
V2283,Route-C,38.76,2026-01-19 15:46:30,13.057903,80.306407
V6071,Route-D,51.88,2026-01-20 14:41:30,13.129797,80.227152
V6092,Route-E,39.52,2026-01-16 20:38:30,19.117701,72.872051
V9596,Route-A,64.56,2026-01-22 04:16:30,17.350024,78.525677
V7006,Route-C,29.49,2026-01-18 16:43:30,13.047019,80.259556
V8247,Route-C,25.07,2026-01-21 16:09:30,12.934577,77.643504
V5338,Route-A,28.27,2026-01-18 11:06:30,12.984391,77.619698
V2745,Route-C,43.24,2026-01-18 05:33:30,13.097717,80.260619
V1103,Route-D,29.65,2026-01-22 00:11:30,17.348332,78.457178
V9025,Route-E,116.22,2026-01-19 11:14:30,13.004121,77.568544
V8213,Route-E,27.37,2026-01-22 20:34:30,17.34885,78.44109
V6718,Route-D,98.14,2026-01-19 18:32:30,17.414953,78.488163
V1450,Route-B,112.14,2026-01-20 19:53:30,12.992096,77.575921
V5852,Route-D,33.65,2026-01-18 22:30:30,13.11459,80.268491
V7814,Route-A,101.49,2026-01-21 12:33:30,28.670795,77.130727
V1574,Route-C,85.19,2026-01-20 23:05:30,28.661468,77.091799
V6118,Route-E,82.36,2026-01-16 15:34:30,28.724308,77.114187
V3084,Route-E,83.12,2026-01-18 02:22:30,13.054882,80.257534
V5985,Route-C,47.74,2026-01-19 10:50:30,17.374033,78.467082
V6587,Route-A,72.55,2026-01-21 20:18:30,13.095603,80.225405
V6744,Route-D,48.73,2026-01-19 16:58:30,28.693967,77.106827
V2437,Route-E,31.29,2026-01-23 04:20:30,19.077096,72.88114
V7518,Route-D,96.1,2026-01-16 16:33:30,13.043972,80.26583
V3853,Route-E,64.57,2026-01-20 20:15:30,28.677013,77.106533
V9672,Route-D,73.55,2026-01-20 16:23:30,28.711467,77.075506
V4110,Route-D,34.08,2026-01-17 01:22:30,13.05469,80.275861
V5197,Route-E,30.55,2026-01-17 16:54:30,19.0761,72.911701
V3925,Route-B,63.71,2026-01-21 02:05:30,19.072786,72.898037
V7780,Route-A,115.9,2026-01-16 20:19:30,17.389223,78.486589
V1505,Route-E,76.7,2026-01-21 09:51:30,13.050945,80.247188
V9453,Route-C,72.67,2026-01-17 15:53:30,19.040866,72.913055
V2976,Route-D,72.58,2026-01-17 17:05:30,19.032436,72.881597
V5845,Route-E,100.04,2026-01-21 15:52:30,17.421609,78.494637
V9273,Route-B,74.06,2026-01-19 23:34:30,19.052671,72.87227
V5195,Route-B,99.77,2026-01-17 17:33:30,13.007167,77.624694
V7145,Route-A,107.16,2026-01-22 14:52:30,13.081668,80.237037
V6540,Route-E,69.9,2026-01-22 10:15:30,19.074715,72.868457
V4145,Route-A,102.44,2026-01-19 15:24:30,13.099771,80.245901
V2324,Route-C,35.38,2026-01-18 19:03:30,28.724976,77.139942
V6504,Route-C,107.78,2026-01-17 12:15:30,28.748024,77.137983
V6815,Route-B,47.31,2026-01-21 20:57:30,17.402366,78.497708
V3357,Route-D,32.98,2026-01-21 22:26:30,13.111094,80.251476
V6173,Route-B,42.65,2026-01-22 21:34:30,13.095802,80.245789
V2609,Route-C,103.96,2026-01-21 10:55:30,17.395233,78.504283
V7484,Route-B,88.1,2026-01-22 02:41:30,28.671162,77.089184
V3025,Route-A,96.56,2026-01-18 01:11:30,17.377051,78.509367
V9566,Route-D,52.42,2026-01-18 20:07:30,12.926257,77.581887
V6102,Route-A,45.21,2026-01-21 21:56:30,17.377239,78.447532
V5835,Route-B,37.63,2026-01-16 11:29:30,12.996724,77.638209
V1565,Route-C,72.3,2026-01-17 18:56:30,28.707642,77.107414
V8202,Route-A,107.77,2026-01-20 05:02:30,13.129154,80.229247
V4737,Route-E,56.4,2026-01-18 18:00:30,28.672763,77.089916
V5319,Route-B,88.32,2026-01-22 06:58:30,17.349033,78.489464
V6816,Route-E,46.82,2026-01-18 02:23:30,13.046599,80.229438
V4897,Route-E,73.4,2026-01-19 03:20:30,28.673889,77.139363
V3777,Route-D,64.96,2026-01-18 09:14:30,13.005444,77.59327
V5491,Route-C,102.48,2026-01-19 06:11:30,19.060107,72.875096
V1275,Route-A,42.85,2026-01-18 08:53:30,13.049809,80.308841
V3513,Route-E,102.14,2026-01-22 10:49:30,12.934765,77.636276
V7048,Route-C,77.53,2026-01-17 19:59:30,13.092059,80.3007
V7960,Route-A,26.16,2026-01-17 03:39:30,17.410708,78.450062
V8378,Route-A,54.5,2026-01-18 02:32:30,13.11135,80.299194
V8903,Route-E,72.07,2026-01-18 23:03:30,28.731064,77.150853
V8413,Route-A,51.86,2026-01-22 08:09:30,13.065747,80.235383
V9124,Route-C,41.86,2026-01-16 23:25:30,17.351746,78.536172
V9971,Route-B,115.51,2026-01-17 01:24:30,19.102053,72.899565
V4391,Route-C,104.17,2026-01-21 09:46:30,17.404033,78.469176
V7169,Route-C,50.16,2026-01-18 14:34:30,13.108962,80.270891
V7651,Route-E,76.61,2026-01-16 19:39:30,28.683865,77.105851
V1557,Route-C,69.85,2026-01-22 18:28:30,28.733969,77.114914
V9667,Route-C,49.4,2026-01-20 03:20:30,28.683031,77.124418
V3611,Route-B,112.84,2026-01-22 04:13:30,17.38639,78.499774
V1381,Route-B,21.56,2026-01-20 14:52:30,17.413002,78.474709
V7912,Route-A,89.78,2026-01-19 15:13:30,13.046001,80.240089
V8739,Route-E,41.81,2026-01-19 21:37:30,28.726534,77.053633
V7021,Route-B,90.83,2026-01-17 08:55:30,13.003879,77.578596
V3936,Route-D,98.03,2026-01-18 11:09:30,19.084612,72.834998
V8744,Route-B,30.89,2026-01-19 21:39:30,17.364402,78.531886
V3001,Route-E,66.92,2026-01-17 15:00:30,19.109008,72.872109
V8597,Route-B,28.09,2026-01-17 05:58:30,19.096163,72.873507
V1964,Route-B,99.4,2026-01-20 18:37:30,28.71803,77.151045
V7598,Route-E,52.3,2026-01-21 11:26:30,28.752178,77.144262
V7418,Route-E,27.9,2026-01-21 19:50:30,19.094963,72.921605
V5898,Route-A,108.48,2026-01-16 09:22:30,13.020622,77.551419
V4332,Route-D,119.18,2026-01-16 13:58:30,17.337068,78.471391
V7199,Route-D,74.2,2026-01-19 14:06:30,19.063371,72.888007
V8348,Route-D,117.9,2026-01-17 14:01:30,19.08792,72.827881
V7864,Route-C,118.91,2026-01-20 17:49:30,12.960052,77.562326
V9347,Route-C,112.37,2026-01-17 12:12:30,13.035186,80.290001
V2289,Route-E,32.31,2026-01-21 19:31:30,13.02129,77.554758
V3268,Route-B,109.58,2026-01-19 19:19:30,17.417889,78.478427
V5598,Route-E,46.84,2026-01-23 02:21:30,12.976213,77.641878
V4590,Route-E,103.31,2026-01-16 19:39:30,13.010063,77.628467
V4151,Route-A,26.5,2026-01-16 10:09:30,13.079395,80.223303
V1915,Route-B,75.74,2026-01-16 08:24:30,13.061004,80.246816
V5835,Route-D,24.7,2026-01-18 05:48:30,19.082821,72.872436
V2510,Route-A,54.05,2026-01-21 13:35:30,13.020397,77.566832
V7804,Route-B,29.68,2026-01-17 08:57:30,19.028683,72.900184
V5894,Route-A,103.08,2026-01-18 14:08:30,28.710789,77.149443
V8619,Route-E,23.2,2026-01-19 05:29:30,12.932275,77.604204
V9747,Route-B,54.91,2026-01-16 20:33:30,28.669424,77.112511
V1698,Route-A,102.2,2026-01-20 06:18:30,17.424035,78.470321
V3900,Route-A,48.12,2026-01-18 09:40:30,13.05285,80.2913
V9362,Route-B,98.66,2026-01-21 15:58:30,28.682407,77.11785
V4468,Route-E,42.36,2026-01-19 20:15:30,13.006948,77.622192
V4772,Route-D,96.42,2026-01-17 16:16:30,13.107445,80.273241
V9439,Route-C,59.92,2026-01-19 05:28:30,19.112393,72.840404
V7006,Route-C,98.13,2026-01-18 00:48:30,17.351713,78.458235
V1926,Route-E,119.67,2026-01-20 05:20:30,13.06971,80.276334
V2651,Route-D,35.95,2026-01-22 12:03:30,17.410826,78.464018
V2965,Route-C,94.25,2026-01-16 12:31:30,28.67186,77.077036
V6593,Route-E,118.1,2026-01-22 20:46:30,17.396828,78.497095
V9510,Route-B,53.05,2026-01-17 22:17:30,17.410246,78.468052
V1615,Route-D,59.43,2026-01-22 12:44:30,12.999788,77.574656
V7973,Route-C,113.09,2026-01-22 12:48:30,28.681407,77.099916
V1394,Route-C,51.82,2026-01-17 21:08:30,28.692697,77.135121
V3883,Route-D,97.07,2026-01-22 07:44:30,28.738314,77.115669
V4377,Route-D,41.4,2026-01-23 03:58:30,19.123073,72.919114
V3995,Route-D,91.4,2026-01-17 10:26:30,19.105868,72.851164
V9358,Route-B,33.51,2026-01-23 03:28:30,13.003011,77.618699
V4514,Route-C,33.88,2026-01-22 09:08:30,28.656667,77.059098
V5086,Route-A,20.02,2026-01-18 00:29:30,13.103434,80.311469
V7943,Route-E,99.48,2026-01-23 04:38:30,13.047748,80.262643
V8626,Route-C,71.44,2026-01-21 17:23:30,17.348374,78.510126
V5614,Route-A,21.56,2026-01-22 08:56:30,13.064879,80.24015
V1334,Route-B,32.61,2026-01-20 09:35:30,17.358204,78.508136
V3399,Route-B,25.06,2026-01-17 01:52:30,28.675798,77.077836
V1683,Route-D,47.13,2026-01-20 11:06:30,19.090204,72.83982
V1209,Route-C,45.64,2026-01-17 07:59:30,12.935526,77.589419
V2332,Route-A,20.7,2026-01-20 17:32:30,19.067589,72.848675
V3553,Route-E,24.35,2026-01-19 16:59:30,13.046403,80.222936
V6139,Route-E,89.3,2026-01-22 14:16:30,19.027941,72.901596
V3458,Route-A,24.94,2026-01-16 12:03:30,13.019948,77.605772
V3144,Route-B,79.6,2026-01-20 16:19:30,19.116187,72.846156
V7294,Route-D,31.69,2026-01-16 12:15:30,17.35719,78.474353
V7601,Route-A,114.62,2026-01-20 22:41:30,13.014242,77.610262
V1632,Route-E,110.2,2026-01-18 17:26:30,28.684748,77.07522
V3340,Route-B,93.16,2026-01-19 22:47:30,19.109013,72.865229
V5898,Route-B,37.34,2026-01-21 15:41:30,28.66402,77.096426
V3648,Route-E,62.6,2026-01-17 06:29:30,12.987125,77.576622
V2265,Route-D,21.61,2026-01-17 18:53:30,17.43394,78.478166
V8481,Route-C,22.13,2026-01-18 11:01:30,13.067508,80.242397
V5618,Route-E,80.08,2026-01-21 07:52:30,17.3389,78.456156
V8529,Route-D,116.04,2026-01-23 04:18:30,13.117372,80.246392
V8126,Route-E,82.0,2026-01-19 12:42:30,19.077939,72.891315
V2523,Route-C,45.65,2026-01-21 00:38:30,13.007355,77.6289
V7724,Route-D,70.0,2026-01-21 04:26:30,12.986975,77.57172
V1698,Route-D,108.79,2026-01-19 17:25:30,17.423599,78.512939
V4554,Route-A,112.8,2026-01-19 02:50:30,19.057331,72.910231
V2213,Route-C,37.13,2026-01-21 03:02:30,17.433211,78.530229
V6886,Route-E,38.21,2026-01-17 04:11:30,12.97043,77.627553
V2055,Route-C,116.78,2026-01-22 17:13:30,19.121843,72.906745
V3946,Route-C,29.34,2026-01-22 16:54:30,17.354181,78.486986
V5010,Route-C,81.44,2026-01-19 07:55:30,12.999161,77.621295
V8237,Route-A,112.0,2026-01-21 23:11:30,12.993596,77.547211
V2147,Route-E,31.23,2026-01-18 22:35:30,13.115586,80.284778
V3767,Route-E,28.18,2026-01-22 21:52:30,13.115537,80.230326
V6473,Route-D,73.93,2026-01-16 12:16:30,28.723095,77.077442
V9993,Route-A,22.31,2026-01-22 11:20:30,13.002366,77.623512
V6894,Route-E,30.08,2026-01-21 04:36:30,28.710898,77.080104
V5904,Route-B,20.42,2026-01-16 14:21:30,19.10955,72.896576
V6001,Route-A,28.93,2026-01-17 08:43:30,13.041095,80.312389
V6464,Route-D,109.2,2026-01-19 09:01:30,13.018522,77.640646
V8547,Route-E,100.84,2026-01-20 06:09:30,28.703068,77.11351
V5649,Route-C,29.15,2026-01-17 20:08:30,13.079124,80.310606
V5073,Route-A,35.24,2026-01-21 15:07:30,28.689192,77.130575
V2209,Route-B,70.39,2026-01-23 02:16:30,12.931929,77.639263
V4657,Route-A,92.91,2026-01-16 12:23:30,28.713823,77.093549
V8532,Route-D,33.61,2026-01-18 05:06:30,13.130391,80.282211
V2857,Route-E,72.21,2026-01-21 11:34:30,28.751382,77.11928
V5532,Route-B,68.05,2026-01-20 13:33:30,28.683038,77.094302
V7057,Route-E,49.02,2026-01-22 12:19:30,19.05225,72.860645
V6354,Route-C,47.56,2026-01-21 16:55:30,19.07873,72.900503
V3299,Route-E,47.22,2026-01-18 01:26:30,12.968051,77.573508
V1882,Route-D,65.83,2026-01-16 19:49:30,19.041212,72.853649
V9045,Route-B,32.07,2026-01-17 11:22:30,17.354618,78.50344
V3108,Route-C,78.92,2026-01-20 10:18:30,28.730192,77.139606
V5832,Route-A,104.06,2026-01-16 17:43:30,28.714993,77.065813
V6825,Route-E,29.88,2026-01-17 00:36:30,28.662034,77.097082
V2824,Route-C,79.55,2026-01-20 02:42:30,28.733591,77.130041
V7057,Route-D,56.84,2026-01-17 00:09:30,28.750462,77.064686
V6258,Route-D,63.33,2026-01-16 15:00:30,13.105872,80.265773
V5178,Route-E,39.12,2026-01-19 08:08:30,19.118411,72.859503
V2146,Route-A,87.27,2026-01-21 13:55:30,28.744455,77.055152
V4177,Route-C,32.5,2026-01-20 20:49:30,19.083069,72.871874
V5885,Route-D,69.43,2026-01-20 15:23:30,28.697992,77.139342
V4279,Route-A,25.74,2026-01-23 03:10:30,13.03722,80.294049
V6180,Route-B,61.1,2026-01-19 01:13:30,19.106293,72.888999
V8867,Route-B,100.88,2026-01-20 11:51:30,12.996787,77.593392
V9681,Route-A,101.41,2026-01-21 05:11:30,28.750299,77.142126
V1598,Route-D,91.18,2026-01-20 19:10:30,13.111105,80.270614
V2325,Route-E,89.25,2026-01-23 00:37:30,13.117623,80.226386
V3473,Route-E,82.59,2026-01-18 21:37:30,13.018449,77.605814
V7021,Route-A,40.47,2026-01-21 17:09:30,12.926757,77.556652
V2318,Route-B,31.26,2026-01-17 21:40:30,17.362762,78.448505
V4015,Route-C,30.43,2026-01-21 23:24:30,17.417155,78.448715
V6510,Route-A,85.96,2026-01-17 07:46:30,28.676912,77.142748
V7050,Route-B,65.46,2026-01-21 13:35:30,17.407412,78.462824
V9287,Route-C,42.16,2026-01-21 23:06:30,17.335773,78.494511
V8282,Route-B,100.96,2026-01-16 23:31:30,28.692341,77.057752
V2542,Route-C,29.61,2026-01-18 22:21:30,12.99404,77.638136
V5171,Route-D,33.72,2026-01-19 06:26:30,28.66456,77.145073
V8303,Route-B,67.73,2026-01-17 19:36:30,19.085087,72.880397
V5541,Route-A,30.71,2026-01-18 11:16:30,17.41885,78.446558
V4492,Route-D,23.59,2026-01-21 03:49:30,17.369945,78.472876
V5533,Route-D,61.5,2026-01-20 13:47:30,28.72104,77.078384
V5704,Route-E,49.28,2026-01-21 19:31:30,28.722343,77.136824
V9685,Route-A,91.32,2026-01-17 16:33:30,17.382065,78.497773
V3294,Route-E,98.89,2026-01-17 00:32:30,17.421121,78.485018
V8918,Route-D,72.94,2026-01-17 08:48:30,17.422066,78.527704
V7288,Route-B,63.81,2026-01-18 04:38:30,13.053675,80.224751
V8366,Route-D,102.54,2026-01-20 15:43:30,12.936856,77.551095
V6346,Route-C,31.32,2026-01-17 20:34:30,28.666022,77.148178
V7835,Route-A,109.0,2026-01-21 08:38:30,19.073474,72.884019
V4984,Route-D,101.32,2026-01-18 00:42:30,13.017972,77.559337
V8174,Route-C,32.94,2026-01-18 03:48:30,19.078276,72.918815
V2892,Route-E,44.41,2026-01-16 08:13:30,19.115704,72.926077
V2868,Route-D,93.75,2026-01-17 19:11:30,17.369926,78.53563
V5278,Route-E,116.83,2026-01-20 13:41:30,13.092205,80.248751
V2519,Route-A,75.5,2026-01-20 17:55:30,12.932565,77.592369
V9375,Route-D,50.31,2026-01-17 21:12:30,12.975329,77.562994
V8627,Route-D,72.07,2026-01-19 10:50:30,19.109012,72.878917
V5227,Route-A,85.62,2026-01-21 18:12:30,17.388773,78.461534
V4409,Route-E,45.8,2026-01-21 03:57:30,17.385396,78.469799
V6895,Route-E,39.21,2026-01-19 08:58:30,12.991558,77.57967
V3467,Route-E,46.03,2026-01-19 15:52:30,13.087874,80.313623
V3692,Route-C,84.9,2026-01-20 18:30:30,13.021006,77.599476
V8350,Route-A,111.61,2026-01-18 19:57:30,28.674052,77.096946
V1800,Route-B,52.57,2026-01-22 09:21:30,17.39834,78.45558
V4705,Route-A,97.01,2026-01-17 01:14:30,12.970321,77.554898
V6221,Route-A,50.19,2026-01-19 16:44:30,12.927826,77.592903
V9873,Route-B,117.92,2026-01-21 05:00:30,28.727207,77.060279
V7414,Route-E,90.34,2026-01-21 18:23:30,19.052889,72.878316
V3181,Route-B,63.51,2026-01-21 03:39:30,19.121114,72.838698
V5808,Route-D,42.05,2026-01-19 10:47:30,28.724992,77.103168
V7431,Route-D,54.05,2026-01-19 18:19:30,13.077071,80.275583
V3606,Route-E,118.42,2026-01-17 05:12:30,28.729856,77.113252
V3963,Route-C,31.99,2026-01-19 20:11:30,19.125854,72.833878
V4172,Route-E,37.7,2026-01-21 06:37:30,12.931861,77.569039
V6367,Route-D,35.09,2026-01-17 09:29:30,28.717815,77.068079
V1725,Route-E,76.76,2026-01-22 06:41:30,28.666308,77.13076
V4522,Route-C,30.49,2026-01-20 18:09:30,28.738352,77.142111
V1998,Route-B,116.02,2026-01-19 09:34:30,12.92274,77.60513
V7470,Route-B,115.17,2026-01-20 01:04:30,17.365604,78.486469
V3696,Route-C,71.55,2026-01-18 19:59:30,13.017382,77.566734
V4491,Route-A,104.59,2026-01-16 17:41:30,17.423965,78.474105
V8664,Route-B,28.5,2026-01-19 16:59:30,17.389873,78.463926
V2662,Route-C,96.16,2026-01-19 07:54:30,12.940478,77.570643
V3724,Route-C,43.89,2026-01-22 22:06:30,12.959624,77.578434
V7461,Route-A,82.15,2026-01-16 14:21:30,17.362128,78.513782
V2485,Route-E,36.23,2026-01-18 16:01:30,19.06148,72.841023
V4276,Route-C,21.98,2026-01-22 06:47:30,13.113682,80.317096
V3557,Route-D,23.56,2026-01-22 22:04:30,12.941225,77.643283
V1019,Route-A,106.34,2026-01-17 21:40:30,13.115358,80.271227
V7761,Route-B,25.49,2026-01-22 09:30:30,28.752547,77.078137
V8502,Route-C,48.57,2026-01-19 21:11:30,13.131542,80.273785
V4749,Route-B,56.15,2026-01-19 01:52:30,12.948686,77.554824
V5899,Route-D,76.0,2026-01-20 23:45:30,28.734205,77.148015
V1341,Route-A,93.97,2026-01-17 09:46:30,12.975274,77.596938
V6457,Route-A,87.23,2026-01-21 11:55:30,12.981252,77.5512
V7982,Route-E,103.03,2026-01-20 10:33:30,19.030911,72.835314
V2137,Route-B,107.44,2026-01-21 12:30:30,13.100153,80.261007
V1748,Route-E,79.05,2026-01-17 09:27:30,17.41357,78.475688
V5505,Route-B,71.11,2026-01-20 13:59:30,12.987874,77.616222
V9986,Route-C,53.12,2026-01-19 03:50:30,17.411023,78.473082
V3424,Route-A,100.94,2026-01-17 03:44:30,17.406951,78.507925
V4712,Route-B,42.66,2026-01-20 16:38:30,12.958488,77.628006
V1838,Route-A,82.52,2026-01-16 18:43:30,19.095271,72.842423
V9497,Route-A,60.79,2026-01-22 12:02:30,28.699593,77.0811
V8236,Route-B,23.85,2026-01-20 16:57:30,13.0115,77.546201
V1869,Route-C,108.5,2026-01-18 05:08:30,13.112905,80.25106
V1328,Route-D,80.88,2026-01-20 15:40:30,13.108922,80.300939
V7093,Route-A,101.22,2026-01-19 09:36:30,12.941646,77.551886
V3111,Route-C,69.19,2026-01-22 00:10:30,28.71353,77.146063
V6252,Route-B,52.79,2026-01-19 10:24:30,19.062096,72.867141
V3273,Route-C,68.12,2026-01-20 23:38:30,28.69606,77.152034
V9233,Route-E,92.48,2026-01-17 23:20:30,19.031679,72.925841
V8819,Route-A,83.69,2026-01-20 20:41:30,17.424809,78.487191
V8413,Route-E,59.25,2026-01-21 11:02:30,17.419488,78.514396
V7039,Route-A,98.56,2026-01-20 06:16:30,13.077347,80.239286
V1845,Route-A,62.83,2026-01-22 07:14:30,17.420001,78.494705
V7241,Route-C,63.48,2026-01-20 10:31:30,17.389115,78.508323
V6926,Route-D,94.37,2026-01-23 03:34:30,19.027794,72.902202
V6499,Route-B,108.73,2026-01-20 23:00:30,12.983932,77.578298
V7645,Route-C,117.49,2026-01-22 15:22:30,28.746941,77.055784
V6252,Route-B,113.35,2026-01-20 17:43:30,28.725584,77.135807
V3949,Route-D,87.4,2026-01-16 15:14:30,28.751103,77.106446
V6498,Route-C,26.64,2026-01-16 12:34:30,12.931058,77.604933
V1095,Route-B,79.26,2026-01-16 23:16:30,19.086204,72.833487
V6826,Route-E,38.41,2026-01-19 02:15:30,13.101108,80.286229
V1178,Route-A,97.53,2026-01-18 15:27:30,19.079556,72.850614
V6410,Route-E,114.54,2026-01-17 21:19:30,12.941479,77.576976
V1533,Route-E,66.62,2026-01-22 14:36:30,28.673485,77.121659
V7255,Route-D,118.36,2026-01-16 22:59:30,19.054526,72.923151
V4128,Route-E,77.56,2026-01-18 19:42:30,19.065406,72.900428
V9008,Route-A,35.72,2026-01-22 05:26:30,19.090977,72.918703
V3182,Route-D,108.03,2026-01-18 05:05:30,28.655348,77.144192
V6410,Route-D,21.43,2026-01-16 11:44:30,13.046109,80.298369
V9806,Route-D,88.32,2026-01-16 11:28:30,13.115672,80.29143
V9941,Route-E,64.2,2026-01-17 11:16:30,12.928995,77.550006
V6722,Route-A,108.55,2026-01-20 18:27:30,17.420393,78.443776
V9488,Route-D,82.6,2026-01-21 11:27:30,13.060759,80.310002
V1857,Route-C,86.83,2026-01-21 11:42:30,17.374261,78.481798
V9429,Route-D,71.19,2026-01-18 17:37:30,17.357295,78.481828
V1323,Route-D,52.22,2026-01-17 19:02:30,19.107478,72.874472
V6377,Route-E,65.22,2026-01-19 04:17:30,12.981404,77.624029
V4541,Route-C,115.92,2026-01-16 18:42:30,13.112169,80.243195
V6653,Route-E,51.43,2026-01-19 11:10:30,12.982095,77.596782
V4788,Route-B,33.39,2026-01-16 21:33:30,13.048873,80.298047
V2965,Route-E,37.89,2026-01-19 05:28:30,28.676479,77.14
V5115,Route-E,54.67,2026-01-17 04:26:30,13.089776,80.265948
V8923,Route-A,29.19,2026-01-16 08:08:30,28.662429,77.078304
V5181,Route-E,109.32,2026-01-19 09:49:30,13.015784,77.567734
V1066,Route-E,34.73,2026-01-19 10:59:30,12.965386,77.562059
V5572,Route-A,77.44,2026-01-17 15:26:30,19.039804,72.844415
V4368,Route-C,101.47,2026-01-18 07:31:30,17.420484,78.447271
V9239,Route-E,55.93,2026-01-18 06:03:30,28.700927,77.085796
V7242,Route-E,37.34,2026-01-19 17:53:30,19.030669,72.863673
V9447,Route-C,64.35,2026-01-18 14:41:30,13.065622,80.314184
V7541,Route-A,25.59,2026-01-20 14:30:30,13.087706,80.23504
V5854,Route-C,83.16,2026-01-18 13:02:30,28.718241,77.097378
V7535,Route-E,94.27,2026-01-18 05:26:30,19.10698,72.8292
V5557,Route-E,55.91,2026-01-16 15:51:30,17.422915,78.50255
V3625,Route-A,87.77,2026-01-21 04:07:30,28.704622,77.077507
V3601,Route-C,63.77,2026-01-17 03:52:30,19.087347,72.897921
V5632,Route-C,104.81,2026-01-19 19:08:30,19.094408,72.871846
V9745,Route-E,111.25,2026-01-20 17:12:30,13.046091,80.288565
V3647,Route-C,116.83,2026-01-21 04:42:30,19.104868,72.855142
V3578,Route-E,30.02,2026-01-18 14:42:30,28.70091,77.071015
V2871,Route-E,52.4,2026-01-21 03:03:30,13.119763,80.293027
V9411,Route-B,88.61,2026-01-17 13:22:30,19.111547,72.882851
V5327,Route-B,114.26,2026-01-19 13:47:30,19.105468,72.867135
V7745,Route-B,61.09,2026-01-19 21:08:30,28.701929,77.128017
V6516,Route-E,95.54,2026-01-20 15:15:30,19.05899,72.863567
V1916,Route-B,118.96,2026-01-22 08:44:30,17.4051,78.495624
V4519,Route-D,91.6,2026-01-21 15:11:30,19.054942,72.868599
V2679,Route-D,93.89,2026-01-17 11:06:30,17.357172,78.483741
V9822,Route-B,64.91,2026-01-21 21:27:30,13.110874,80.270386
V6917,Route-E,74.06,2026-01-18 22:28:30,17.36077,78.447149
V3515,Route-D,98.33,2026-01-21 00:10:30,28.680473,77.149143
V1196,Route-B,110.62,2026-01-19 05:55:30,28.702514,77.144576
V9588,Route-C,64.6,2026-01-17 22:04:30,13.093087,80.286812
V3218,Route-E,33.0,2026-01-19 14:42:30,19.118217,72.833718
V9850,Route-E,94.62,2026-01-18 15:37:30,28.664912,77.059955
V9223,Route-B,81.62,2026-01-16 10:34:30,28.665258,77.090633
V4062,Route-C,56.15,2026-01-16 14:41:30,13.068705,80.296004
V6373,Route-D,105.86,2026-01-19 16:56:30,17.351549,78.451216
V9984,Route-E,38.05,2026-01-23 02:38:30,17.355209,78.452302
V9940,Route-E,40.41,2026-01-19 01:52:30,17.402357,78.492995
V5577,Route-B,99.29,2026-01-17 12:34:30,17.367627,78.495923
V2531,Route-B,119.9,2026-01-16 07:39:30,28.717489,77.132715
V6094,Route-C,67.39,2026-01-20 08:59:30,17.350877,78.485325
V3864,Route-B,116.08,2026-01-21 21:05:30,12.936598,77.569256
V4582,Route-A,94.57,2026-01-17 21:35:30,19.040767,72.889285
V8734,Route-C,84.06,2026-01-21 17:40:30,28.729934,77.104269
V5190,Route-A,86.5,2026-01-18 10:14:30,28.682606,77.124901
V3671,Route-A,48.52,2026-01-21 04:51:30,12.996808,77.581954
V9890,Route-C,55.12,2026-01-16 15:20:30,28.745639,77.064401
V1140,Route-C,109.12,2026-01-17 04:50:30,17.431423,78.457687
V1106,Route-C,69.61,2026-01-17 21:46:30,13.115302,80.293029
V3448,Route-A,35.41,2026-01-21 00:29:30,17.406143,78.506736
V6797,Route-C,23.2,2026-01-20 17:02:30,19.063212,72.901003
V2302,Route-C,118.12,2026-01-19 11:07:30,12.967199,77.596338
V3021,Route-E,79.61,2026-01-18 05:36:30,12.95221,77.623252
V1623,Route-C,98.38,2026-01-21 00:07:30,28.745253,77.101518
V3022,Route-C,83.18,2026-01-17 12:21:30,13.102221,80.302987
V8195,Route-A,34.02,2026-01-21 01:04:30,19.04921,72.85428
V3668,Route-C,44.6,2026-01-17 23:37:30,19.092585,72.831721
V8115,Route-A,113.88,2026-01-18 20:29:30,12.937495,77.609995
V4477,Route-A,102.21,2026-01-22 13:08:30,13.060192,80.275074
V9217,Route-C,82.44,2026-01-18 05:45:30,13.118277,80.289159
V8477,Route-C,72.07,2026-01-20 09:06:30,13.085573,80.251655
V3922,Route-B,64.41,2026-01-16 15:14:30,28.742683,77.133824
V2186,Route-A,72.23,2026-01-18 15:54:30,17.424239,78.462925
V5393,Route-D,70.48,2026-01-20 05:52:30,12.96682,77.580499
V3447,Route-B,71.83,2026-01-18 06:48:30,13.01665,77.619841
V7625,Route-A,90.14,2026-01-21 22:32:30,28.735648,77.138469
V7760,Route-B,56.8,2026-01-21 02:50:30,13.056657,80.263368
V7707,Route-C,39.25,2026-01-19 16:45:30,12.947682,77.592366
V6690,Route-B,53.0,2026-01-16 10:50:30,13.054373,80.303472
V4867,Route-E,76.81,2026-01-19 19:53:30,28.65494,77.072558
V8653,Route-C,84.02,2026-01-19 02:27:30,13.093419,80.267768
V6916,Route-C,94.69,2026-01-17 15:41:30,13.10786,80.287898
V9523,Route-A,96.98,2026-01-17 20:58:30,19.062132,72.861644
V5222,Route-A,56.04,2026-01-18 10:55:30,19.093329,72.868724
V3431,Route-D,26.69,2026-01-16 07:32:30,13.072988,80.298847
V3327,Route-B,23.23,2026-01-19 14:22:30,17.392769,78.467366
V3303,Route-B,49.11,2026-01-20 14:24:30,12.954384,77.549865
V3270,Route-C,84.54,2026-01-17 01:41:30,13.109529,80.244147
V3620,Route-D,23.72,2026-01-17 20:46:30,13.074712,80.240428
V6626,Route-E,91.57,2026-01-18 22:06:30,17.353874,78.496406
V8282,Route-D,27.36,2026-01-17 09:54:30,12.988984,77.576211
V9736,Route-A,63.54,2026-01-20 08:39:30,28.65681,77.089817
V6592,Route-B,21.36,2026-01-18 18:26:30,19.09865,72.896336
V9389,Route-E,67.88,2026-01-17 18:05:30,28.655869,77.079672
V1565,Route-A,87.87,2026-01-22 21:17:30,17.354161,78.448872
V5564,Route-E,22.62,2026-01-16 09:23:30,17.423798,78.502852
V7283,Route-D,97.94,2026-01-20 23:52:30,17.419432,78.447029
V1479,Route-A,109.3,2026-01-16 23:18:30,28.703493,77.143592
V5194,Route-C,29.99,2026-01-18 14:55:30,19.05274,72.899684
V7696,Route-C,118.86,2026-01-17 13:30:30,13.035201,80.26233
V5231,Route-B,119.91,2026-01-17 16:14:30,12.932074,77.629513
V8740,Route-A,90.2,2026-01-21 20:13:30,28.671007,77.086206
V1614,Route-B,54.87,2026-01-20 07:47:30,17.414993,78.494455
V8127,Route-C,83.2,2026-01-17 00:28:30,28.735273,77.131754
V4421,Route-D,60.8,2026-01-20 11:49:30,12.923854,77.569144
V1135,Route-A,39.99,2026-01-17 04:28:30,13.117831,80.232949
V3911,Route-A,58.61,2026-01-21 15:41:30,12.978658,77.598596
V4573,Route-E,89.15,2026-01-19 14:17:30,17.394756,78.527654
V5027,Route-A,73.87,2026-01-20 14:17:30,28.655116,77.097205
V6156,Route-A,77.38,2026-01-19 15:44:30,13.093567,80.252832
V1523,Route-B,103.61,2026-01-19 08:23:30,19.086064,72.873481
V9422,Route-A,109.16,2026-01-22 14:51:30,13.054902,80.300989
V3484,Route-B,22.13,2026-01-21 08:09:30,13.008318,77.64419
V4737,Route-D,36.48,2026-01-22 05:37:30,19.087662,72.92116
V6856,Route-A,114.58,2026-01-21 00:45:30,13.039757,80.265523
V7534,Route-E,119.94,2026-01-19 04:08:30,12.94913,77.565777
V8858,Route-C,30.46,2026-01-22 06:56:30,28.672958,77.067722
V4938,Route-D,30.6,2026-01-20 15:15:30,12.954712,77.620751
V4922,Route-B,50.04,2026-01-22 06:15:30,17.396822,78.45191
V3808,Route-E,46.71,2026-01-21 04:25:30,17.409081,78.441704
V9159,Route-D,100.6,2026-01-20 21:59:30,13.048718,80.272019
V9013,Route-E,38.67,2026-01-20 10:56:30,13.066909,80.229979
V6525,Route-E,89.15,2026-01-16 10:15:30,19.117936,72.866902
V3636,Route-D,60.35,2026-01-23 04:04:30,17.411699,78.500687
V8690,Route-B,53.85,2026-01-19 05:39:30,28.675787,77.104937
V2771,Route-A,36.06,2026-01-22 20:24:30,19.051283,72.841963
V2905,Route-A,86.64,2026-01-19 19:25:30,17.340328,78.487947
V7591,Route-C,39.74,2026-01-20 19:20:30,28.661684,77.09828
V4375,Route-D,38.87,2026-01-20 19:16:30,13.039338,80.240819
V9661,Route-A,32.35,2026-01-17 12:07:30,28.706693,77.147219
V5075,Route-D,50.78,2026-01-18 00:18:30,12.939813,77.601847
V7105,Route-A,21.54,2026-01-22 18:43:30,19.027887,72.924676
V8237,Route-E,41.34,2026-01-19 08:58:30,19.034719,72.918233
V9813,Route-E,77.09,2026-01-18 06:38:30,17.381883,78.484089
V1264,Route-E,29.73,2026-01-16 15:01:30,28.680091,77.100583
V1362,Route-C,70.21,2026-01-18 08:49:30,13.045245,80.313456
V2788,Route-C,45.04,2026-01-19 12:05:30,19.122036,72.908053
V6331,Route-C,76.98,2026-01-22 04:29:30,28.712175,77.08627
V4784,Route-E,23.97,2026-01-17 10:24:30,12.946314,77.552872
V3645,Route-E,24.86,2026-01-22 02:19:30,13.000648,77.612245
V2511,Route-D,57.12,2026-01-16 07:04:30,17.378093,78.474848
V9369,Route-E,90.96,2026-01-22 23:22:30,19.124558,72.918233
V7477,Route-C,43.82,2026-01-20 13:50:30,17.423672,78.454718
V6804,Route-A,103.48,2026-01-17 21:05:30,12.94014,77.612997
V1627,Route-C,70.07,2026-01-19 14:46:30,19.104465,72.889186
V2518,Route-C,56.6,2026-01-20 17:29:30,13.068514,80.3174
V9972,Route-E,45.5,2026-01-19 12:43:30,28.697831,77.144436
V7933,Route-D,22.66,2026-01-16 09:14:30,12.930934,77.598164
V6273,Route-E,84.1,2026-01-17 10:04:30,28.673623,77.065326
V8502,Route-D,49.8,2026-01-19 12:06:30,28.698498,77.15121
V9526,Route-A,115.85,2026-01-19 22:02:30,13.014401,77.598496
V3172,Route-A,48.35,2026-01-19 17:36:30,17.372155,78.471981
V3115,Route-E,114.69,2026-01-19 01:10:30,17.350671,78.466675
V7815,Route-D,34.24,2026-01-17 23:55:30,12.997095,77.630164
V9308,Route-E,108.0,2026-01-21 07:48:30,13.111516,80.29876
V3201,Route-C,117.56,2026-01-17 14:08:30,17.375216,78.490308
V5735,Route-C,34.09,2026-01-17 13:11:30,17.394567,78.495315
V5219,Route-E,56.05,2026-01-20 10:07:30,13.00928,77.611603
V9738,Route-B,100.49,2026-01-17 13:46:30,12.96093,77.589769
V3378,Route-E,33.46,2026-01-20 15:22:30,19.120236,72.862116
V9357,Route-D,63.63,2026-01-22 12:52:30,13.081992,80.284852
V2815,Route-E,119.39,2026-01-20 08:24:30,12.938448,77.576777
V5583,Route-E,81.55,2026-01-18 15:52:30,19.045855,72.899086
V3749,Route-E,80.24,2026-01-16 12:12:30,12.962981,77.554376
V4658,Route-B,49.31,2026-01-17 22:07:30,17.411154,78.536239
V8759,Route-A,118.19,2026-01-18 05:33:30,17.425664,78.522945
V8031,Route-B,109.63,2026-01-17 17:51:30,28.66679,77.135616
V5871,Route-D,103.11,2026-01-21 13:08:30,13.033918,80.261849
V7687,Route-B,83.23,2026-01-19 04:00:30,12.954707,77.549124
V2940,Route-D,21.44,2026-01-21 13:24:30,13.07131,80.246348
V8299,Route-E,98.71,2026-01-16 20:09:30,13.115793,80.227886
V1422,Route-D,22.72,2026-01-16 08:17:30,17.415133,78.51745
V2958,Route-E,29.74,2026-01-22 06:46:30,13.08287,80.228053
V8587,Route-D,78.44,2026-01-18 10:07:30,19.118362,72.898533
V2502,Route-B,118.84,2026-01-20 06:14:30,17.362733,78.525489
V8338,Route-B,62.77,2026-01-21 12:55:30,28.705078,77.089519
V6830,Route-E,82.15,2026-01-18 14:51:30,17.339459,78.464428
V4783,Route-E,110.06,2026-01-19 03:45:30,19.124986,72.917869
V6228,Route-A,34.11,2026-01-21 16:15:30,17.335283,78.511207
V3790,Route-A,63.93,2026-01-19 16:45:30,12.954056,77.60529
V4006,Route-C,115.23,2026-01-22 08:54:30,28.716218,77.14114
V7303,Route-E,51.23,2026-01-17 14:06:30,19.035488,72.890178
V3989,Route-E,30.06,2026-01-18 01:15:30,17.385971,78.465599
V6159,Route-C,57.14,2026-01-22 23:11:30,17.39958,78.447644
V3714,Route-B,20.46,2026-01-16 14:30:30,28.714544,77.100799
V3224,Route-C,74.64,2026-01-19 06:54:30,28.710197,77.078758
V7154,Route-B,65.99,2026-01-21 17:23:30,13.010917,77.595451
V7068,Route-C,39.75,2026-01-22 02:45:30,17.382266,78.455512
V8013,Route-D,102.15,2026-01-17 13:01:30,13.010115,77.555659
V8437,Route-A,34.7,2026-01-20 04:26:30,28.733125,77.13315
V4936,Route-C,111.5,2026-01-20 23:55:30,13.010096,77.576051
V8015,Route-B,78.56,2026-01-22 01:28:30,12.996902,77.641135
V9303,Route-D,85.09,2026-01-20 21:18:30,17.376967,78.487463
V8241,Route-D,41.66,2026-01-20 02:43:30,13.093532,80.287576
V1922,Route-A,44.97,2026-01-19 16:17:30,13.056299,80.299706
V7560,Route-B,64.31,2026-01-22 01:39:30,19.044084,72.847919
V6277,Route-A,57.1,2026-01-22 22:24:30,19.05879,72.845442
V2082,Route-C,79.05,2026-01-21 08:27:30,12.959398,77.612972
V8940,Route-E,43.95,2026-01-18 09:37:30,12.991457,77.560668
V5893,Route-D,58.42,2026-01-22 07:21:30,13.012309,77.547746
V5993,Route-C,87.85,2026-01-20 13:42:30,12.929954,77.599312
V2310,Route-D,28.66,2026-01-17 18:01:30,28.715089,77.065909
V7260,Route-E,115.65,2026-01-22 17:36:30,19.091905,72.897481
V6599,Route-C,83.65,2026-01-18 12:54:30,13.042771,80.2387
V1859,Route-D,53.45,2026-01-17 13:27:30,17.374178,78.452253
V7160,Route-C,113.7,2026-01-21 06:16:30,17.358552,78.492593
V3469,Route-C,109.95,2026-01-16 20:59:30,19.084445,72.890278
V9379,Route-B,92.39,2026-01-21 02:55:30,19.044,72.880224
V7472,Route-D,24.48,2026-01-21 17:54:30,19.067048,72.895958
V9683,Route-C,57.23,2026-01-22 09:48:30,13.005961,77.55575
V4985,Route-B,56.27,2026-01-16 13:47:30,13.115523,80.30676
V8050,Route-E,99.49,2026-01-19 15:51:30,28.709128,77.080356
V2299,Route-D,90.3,2026-01-16 08:46:30,13.006203,77.594599
V1632,Route-E,24.54,2026-01-18 20:29:30,28.693846,77.131733
V4469,Route-A,63.51,2026-01-16 14:09:30,13.117233,80.221223
V5191,Route-A,20.02,2026-01-19 20:50:30,28.709741,77.126526
V5261,Route-B,46.41,2026-01-19 07:21:30,28.734075,77.148632
V9066,Route-B,20.46,2026-01-18 14:59:30,17.433318,78.493912
V5993,Route-C,36.48,2026-01-20 02:56:30,13.13231,80.313647
V9731,Route-D,74.02,2026-01-16 18:42:30,28.732533,77.129215
V5031,Route-A,96.62,2026-01-18 12:44:30,19.05582,72.915661
V7994,Route-A,37.05,2026-01-20 08:44:30,19.074541,72.887536
V8652,Route-E,112.9,2026-01-22 00:15:30,19.055568,72.92445
V9256,Route-D,73.02,2026-01-16 20:53:30,19.090705,72.926626
V6971,Route-C,106.88,2026-01-21 08:11:30,19.036804,72.890634
V7746,Route-C,26.57,2026-01-16 14:38:30,17.335063,78.494407
V8906,Route-B,84.85,2026-01-21 02:14:30,28.692669,77.076548
V2680,Route-E,97.59,2026-01-16 12:03:30,17.402328,78.486676
V8366,Route-D,59.47,2026-01-19 08:54:30,13.044681,80.225652
V3558,Route-E,90.42,2026-01-20 22:44:30,17.392107,78.468127
V8173,Route-C,25.94,2026-01-18 07:43:30,17.370444,78.48363
V7586,Route-A,21.15,2026-01-19 02:23:30,12.955321,77.604226
V7881,Route-A,89.95,2026-01-23 02:43:30,28.662758,77.142088
V6543,Route-A,78.5,2026-01-17 11:38:30,17.353844,78.482589
V6089,Route-D,31.17,2026-01-16 10:19:30,19.091335,72.88907
V9194,Route-C,64.95,2026-01-18 18:09:30,17.381072,78.439037
V3530,Route-C,82.4,2026-01-17 22:03:30,12.935311,77.556017
V7490,Route-C,100.21,2026-01-19 15:28:30,17.40894,78.470419
V6864,Route-B,46.93,2026-01-20 04:16:30,12.941467,77.571928
V6215,Route-A,58.57,2026-01-21 10:13:30,28.700287,77.073461
V7696,Route-B,59.44,2026-01-20 11:20:30,17.423298,78.441645
V8685,Route-D,61.82,2026-01-18 16:52:30,28.700704,77.127572
V2076,Route-C,59.78,2026-01-22 06:21:30,17.434404,78.470607
V3811,Route-C,22.41,2026-01-21 07:14:30,28.724784,77.123799
V5324,Route-E,99.18,2026-01-18 17:25:30,12.965079,77.547969
V2013,Route-A,117.53,2026-01-18 18:26:30,13.125459,80.266266
V6547,Route-A,71.72,2026-01-20 07:46:30,13.121418,80.293495
V7949,Route-B,66.5,2026-01-18 15:15:30,19.068847,72.840945
V2479,Route-A,114.27,2026-01-19 00:46:30,12.934063,77.64057
V1476,Route-E,59.55,2026-01-20 13:48:30,28.734788,77.100437
V6885,Route-B,70.33,2026-01-19 10:51:30,19.077304,72.897631
V5465,Route-B,111.2,2026-01-17 12:47:30,28.656044,77.095063
V3993,Route-E,109.22,2026-01-21 14:22:30,17.3507,78.48956
V8240,Route-A,34.98,2026-01-21 21:59:30,28.676428,77.078112
V3780,Route-E,117.16,2026-01-16 17:46:30,17.38638,78.508032
V2845,Route-D,62.67,2026-01-19 05:55:30,13.048365,80.232731
V2457,Route-C,20.67,2026-01-21 03:23:30,28.701489,77.143787
V2440,Route-A,26.62,2026-01-22 06:50:30,28.733908,77.083827
V7707,Route-B,31.77,2026-01-16 21:31:30,17.355616,78.470814
V3792,Route-D,28.95,2026-01-16 21:41:30,28.708298,77.078232
V4370,Route-E,35.49,2026-01-16 21:12:30,13.100916,80.299389
V5207,Route-C,47.64,2026-01-21 03:43:30,12.97703,77.548171
V8799,Route-B,38.99,2026-01-16 13:25:30,13.076267,80.260796
V1201,Route-B,116.53,2026-01-19 09:53:30,13.075751,80.318887
V1408,Route-A,66.2,2026-01-22 12:38:30,12.974252,77.596899
V5486,Route-A,118.87,2026-01-16 11:39:30,28.743913,77.069322
V1440,Route-A,90.93,2026-01-19 05:36:30,13.069646,80.239388
V6836,Route-D,28.13,2026-01-21 14:52:30,28.723078,77.116162
V8886,Route-B,53.85,2026-01-18 15:46:30,13.106183,80.231599
V4185,Route-D,81.14,2026-01-20 00:16:30,28.696535,77.11342
V1352,Route-A,54.24,2026-01-20 05:46:30,19.125717,72.888687
V7278,Route-E,113.07,2026-01-17 07:15:30,28.693252,77.060105
V2753,Route-B,23.19,2026-01-16 11:40:30,17.335634,78.441561
V9983,Route-D,56.3,2026-01-21 13:41:30,12.978997,77.601649
V6276,Route-B,68.31,2026-01-16 14:18:30,17.346294,78.438303
V1927,Route-A,101.71,2026-01-20 18:25:30,17.410138,78.50534
V9620,Route-B,63.24,2026-01-20 06:36:30,17.418711,78.514133
V4441,Route-C,91.46,2026-01-22 17:51:30,28.73289,77.100346
V1379,Route-D,44.99,2026-01-22 14:11:30,13.107203,80.258614
V1344,Route-D,72.13,2026-01-22 03:18:30,17.364715,78.500029
V7773,Route-A,28.31,2026-01-21 03:52:30,19.063482,72.902203
V6788,Route-B,94.24,2026-01-16 21:54:30,13.038812,80.22091
V6761,Route-E,113.34,2026-01-20 11:54:30,12.950567,77.632968
V9206,Route-A,111.87,2026-01-22 19:41:30,17.36262,78.444576
V1671,Route-C,98.16,2026-01-19 06:49:30,13.046064,80.312833
V9283,Route-B,25.66,2026-01-18 17:03:30,12.931038,77.609078
V1251,Route-A,48.82,2026-01-19 08:35:30,13.07416,80.255143
V2644,Route-B,97.94,2026-01-19 17:02:30,19.117736,72.83164
V9880,Route-E,50.1,2026-01-22 09:37:30,13.12954,80.238446
V7188,Route-C,108.9,2026-01-20 11:01:30,17.376686,78.469903
V5103,Route-C,114.47,2026-01-18 13:37:30,17.423498,78.461398
V7135,Route-C,81.98,2026-01-18 14:10:30,13.073758,80.262772
V9529,Route-D,56.13,2026-01-21 08:48:30,13.081909,80.246511
V6033,Route-E,22.2,2026-01-21 01:03:30,12.927839,77.546832
V7427,Route-D,57.91,2026-01-21 22:42:30,17.34972,78.474305
V7587,Route-A,53.11,2026-01-18 23:57:30,13.01003,77.567144
V4134,Route-A,41.01,2026-01-23 02:05:30,28.706036,77.108936
V4927,Route-C,94.56,2026-01-18 07:04:30,28.672221,77.066778
V2959,Route-A,64.4,2026-01-20 03:40:30,13.043306,80.311498
V3492,Route-B,90.19,2026-01-20 08:45:30,28.72384,77.087185
V2713,Route-D,88.56,2026-01-22 22:12:30,13.060908,80.300955
V9085,Route-E,32.86,2026-01-16 15:36:30,28.71674,77.064451
V4095,Route-A,45.47,2026-01-21 18:48:30,19.042404,72.869503
V9586,Route-E,40.12,2026-01-16 23:43:30,17.355004,78.458816
V4026,Route-D,111.08,2026-01-18 08:29:30,12.947812,77.553174
V7604,Route-A,58.88,2026-01-19 18:44:30,17.346359,78.528237
V8402,Route-D,25.16,2026-01-22 11:47:30,12.97988,77.55939
V6376,Route-B,90.78,2026-01-16 21:31:30,12.963127,77.549491
V1535,Route-A,87.54,2026-01-17 01:47:30,13.059949,80.259918
V3914,Route-B,61.17,2026-01-22 05:57:30,19.056885,72.912843
V4092,Route-B,75.36,2026-01-17 06:37:30,13.061835,80.313524
V4071,Route-B,94.82,2026-01-22 07:19:30,28.726704,77.142675
V6510,Route-B,43.52,2026-01-17 10:10:30,17.410439,78.534601
V2083,Route-C,71.32,2026-01-19 06:03:30,28.659506,77.1292
V6893,Route-D,86.22,2026-01-17 19:10:30,19.031738,72.896871
V8289,Route-D,68.81,2026-01-17 16:26:30,17.380967,78.532446
V2969,Route-A,73.98,2026-01-22 05:41:30,12.986544,77.631113
V1769,Route-C,59.82,2026-01-22 06:13:30,19.10821,72.851533
V1939,Route-C,38.5,2026-01-22 20:15:30,28.71402,77.095808
V6234,Route-A,117.21,2026-01-16 17:40:30,13.066477,80.240995
V7652,Route-B,37.18,2026-01-23 02:54:30,12.926746,77.578957
V5772,Route-A,39.6,2026-01-16 13:57:30,28.656722,77.067452
V5546,Route-E,99.43,2026-01-16 21:33:30,28.692347,77.121477
V1628,Route-A,106.55,2026-01-19 00:56:30,12.938125,77.544615
V1216,Route-E,26.75,2026-01-23 02:00:30,12.988458,77.545922
V4782,Route-B,74.53,2026-01-17 19:45:30,17.355013,78.519978
V7583,Route-E,100.96,2026-01-22 14:39:30,19.10191,72.892667
V7134,Route-D,86.81,2026-01-21 07:22:30,28.7346,77.151507
V7269,Route-D,24.9,2026-01-16 15:17:30,28.741083,77.1219
V9411,Route-C,115.49,2026-01-19 19:10:30,17.38887,78.46609
V1872,Route-C,69.36,2026-01-22 05:21:30,19.047343,72.850194
V3340,Route-E,90.7,2026-01-17 10:12:30,12.973001,77.595159
V6778,Route-B,86.71,2026-01-17 11:10:30,19.073205,72.834289
V5755,Route-A,32.69,2026-01-18 12:02:30,19.093262,72.917008
V6545,Route-E,97.35,2026-01-18 17:19:30,12.992682,77.557905
V4319,Route-E,21.2,2026-01-22 22:52:30,19.117679,72.840201
V9777,Route-D,109.57,2026-01-21 04:03:30,28.684068,77.062601
V1225,Route-A,42.93,2026-01-21 05:56:30,19.07926,72.903774
V3876,Route-A,53.89,2026-01-17 17:45:30,28.714561,77.066136
V4022,Route-C,88.17,2026-01-18 17:00:30,19.060082,72.840513
V5023,Route-B,63.15,2026-01-21 06:42:30,12.986869,77.55304
V7630,Route-D,37.08,2026-01-18 11:38:30,19.02764,72.923769
V6550,Route-E,112.66,2026-01-17 17:26:30,17.392903,78.511257
V6774,Route-B,30.14,2026-01-20 23:08:30,13.034245,80.269785
V2088,Route-C,20.52,2026-01-20 14:50:30,17.381867,78.499409
V1621,Route-C,27.57,2026-01-21 06:33:30,13.122504,80.299182
V6175,Route-A,62.27,2026-01-20 16:34:30,17.427697,78.513544
V6597,Route-A,31.1,2026-01-20 07:52:30,13.037103,80.280137
V3268,Route-A,112.02,2026-01-16 15:07:30,12.949425,77.59011
V6016,Route-C,22.71,2026-01-18 16:39:30,28.68127,77.132728
V9114,Route-C,22.96,2026-01-21 23:40:30,12.966658,77.590357
V8395,Route-D,76.99,2026-01-22 07:27:30,19.040449,72.852233
V1457,Route-B,68.35,2026-01-19 12:39:30,19.096301,72.923379
V6041,Route-D,119.67,2026-01-23 00:44:30,12.926936,77.581928
V1405,Route-C,67.85,2026-01-21 16:05:30,12.938338,77.605212
V9016,Route-A,95.41,2026-01-22 16:42:30,13.081998,80.270928
V8213,Route-E,119.66,2026-01-17 17:20:30,19.083214,72.831811
V6440,Route-B,119.28,2026-01-18 19:35:30,12.95403,77.558977
V8403,Route-A,99.3,2026-01-16 08:37:30,12.954836,77.5663
V8269,Route-C,103.44,2026-01-20 05:01:30,13.095697,80.266086
V8707,Route-E,77.1,2026-01-20 20:03:30,17.412455,78.458909
V3621,Route-E,72.4,2026-01-16 19:42:30,17.429181,78.449681
V2570,Route-C,50.87,2026-01-21 14:59:30,17.413632,78.495735
V6650,Route-E,69.24,2026-01-22 01:05:30,13.033415,80.276333
V5719,Route-C,53.65,2026-01-17 21:29:30,17.405979,78.524767
V8235,Route-A,73.91,2026-01-16 07:37:30,28.752935,77.102267
V4851,Route-B,25.91,2026-01-19 20:51:30,19.054387,72.850549
V8752,Route-D,64.81,2026-01-17 01:26:30,19.057007,72.85419
V6638,Route-C,20.89,2026-01-22 05:05:30,19.04719,72.910903
V6616,Route-C,22.34,2026-01-19 08:59:30,12.996922,77.619017
V8852,Route-E,107.05,2026-01-17 06:41:30,12.960495,77.609128
