vehicle_id,route,speed_kmph,timestamp,latitude,longitude
V4650,Route-C,83.59,2026-01-23 13:09:00,13.134177,80.190872
V5663,Route-E,38.21,2026-01-21 08:14:00,28.720832,77.059595
V3604,Route-A,55.99,2026-01-20 21:38:00,19.073049,72.940959
V9893,Route-E,43.85,2026-01-23 13:31:00,12.897503,77.588177
V9992,Route-D,53.16,2026-01-22 05:23:00,13.127046,80.274614
V2282,Route-B,26.78,2026-01-24 20:46:00,13.032916,77.512975
V2824,Route-D,21.71,2026-01-21 09:31:00,17.453069,78.510734
V9498,Route-D,76.3,2026-01-21 04:15:00,19.159004,72.958969
V6076,Route-E,57.22,2026-01-22 13:00:00,28.626162,77.165735
V4179,Route-A,70.03,2026-01-24 03:46:00,19.080954,72.818609
V1769,Route-D,78.59,2026-01-23 06:34:00,13.036301,77.58315
V7315,Route-C,36.48,2026-01-22 13:38:00,17.431782,78.520076
V9662,Route-C,71.53,2026-01-24 13:18:00,13.042811,80.234724
V7361,Route-C,46.66,2026-01-22 08:39:00,13.051623,80.349376
V3868,Route-A,45.37,2026-01-22 10:17:00,18.990427,72.911133
V2362,Route-D,98.96,2026-01-23 01:29:00,28.646428,77.016197
V5925,Route-C,33.08,2026-01-24 07:58:00,17.327462,78.571686
V7312,Route-B,96.64,2026-01-25 03:20:00,28.695446,77.083172
V1112,Route-B,43.15,2026-01-25 19:56:00,13.182291,80.22469
V5640,Route-D,84.05,2026-01-24 00:59:00,17.401862,78.40831
V6406,Route-E,75.36,2026-01-26 00:16:00,13.119534,80.236049
V4535,Route-B,28.01,2026-01-25 08:53:00,12.993795,80.304997
V8781,Route-C,68.87,2026-01-22 12:22:00,17.461466,78.481067
V3272,Route-A,48.33,2026-01-20 20:36:00,17.312536,78.518358
V2026,Route-C,71.09,2026-01-22 00:21:00,13.168288,80.257388
V9830,Route-D,81.55,2026-01-20 13:59:00,17.384451,78.46748
V5929,Route-D,73.24,2026-01-23 21:56:00,12.945477,77.681129
V7428,Route-E,38.81,2026-01-24 15:44:00,28.748865,77.035895
V2887,Route-A,65.43,2026-01-21 03:04:00,19.162273,72.85164
V8034,Route-D,68.97,2026-01-22 00:37:00,28.783249,77.154605
V4411,Route-E,55.82,2026-01-25 13:03:00,13.136292,80.234338
V8340,Route-B,39.3,2026-01-20 21:31:00,13.00427,77.50147
V3050,Route-E,63.42,2026-01-21 13:49:00,12.908911,77.563788
V4020,Route-C,58.13,2026-01-20 04:21:00,12.991658,77.688157
V4222,Route-E,42.67,2026-01-24 09:31:00,13.036465,77.63316
V9423,Route-C,58.93,2026-01-26 03:06:00,13.028791,80.330764
V6708,Route-C,63.33,2026-01-26 05:36:00,13.152637,80.287272
V6132,Route-A,70.18,2026-01-21 03:40:00,12.882786,77.551798
V8588,Route-B,78.96,2026-01-25 01:31:00,19.106584,72.970658
V3877,Route-C,86.83,2026-01-22 02:01:00,13.079618,80.245135
V3918,Route-E,35.02,2026-01-23 18:35:00,12.920633,77.604562
V4521,Route-E,35.5,2026-01-20 18:35:00,13.11872,80.242699
V1277,Route-E,60.8,2026-01-22 15:52:00,12.88159,77.639393
V1390,Route-D,28.22,2026-01-21 18:50:00,28.736243,77.175966
V1060,Route-A,69.3,2026-01-24 22:23:00,19.075501,72.860752
V4089,Route-C,56.9,2026-01-24 12:18:00,28.61444,77.039949
V5012,Route-D,79.25,2026-01-25 16:28:00,17.443134,78.553914
V5823,Route-D,103.96,2026-01-26 00:45:00,12.998279,80.222196
V5919,Route-C,76.03,2026-01-22 23:53:00,19.123859,72.864697
V2524,Route-C,39.78,2026-01-26 18:48:00,13.033808,77.665073
V7830,Route-C,28.6,2026-01-21 07:40:00,13.044394,77.509294
V6649,Route-A,79.0,2026-01-24 04:24:00,28.681418,77.09004
V1711,Route-E,37.86,2026-01-25 08:43:00,28.689971,77.044314
V5541,Route-A,54.51,2026-01-26 07:22:00,17.410447,78.482972
V2887,Route-C,64.54,2026-01-26 02:22:00,13.026561,77.621349
V2625,Route-E,73.27,2026-01-26 11:50:00,17.456662,78.495907
V6581,Route-E,43.46,2026-01-25 14:26:00,17.296648,78.551485
V1534,Route-D,16.45,2026-01-20 09:05:00,13.092544,80.333122
V2388,Route-C,40.71,2026-01-23 08:32:00,28.683165,77.129055
V3555,Route-B,82.15,2026-01-26 12:17:00,28.79051,77.096812
V7914,Route-A,78.62,2026-01-20 06:15:00,28.611745,77.162858
V7870,Route-A,69.68,2026-01-24 12:47:00,17.459267,78.57583
V1891,Route-E,59.48,2026-01-21 21:45:00,13.075128,80.34552
V6496,Route-A,50.07,2026-01-21 15:57:00,12.975773,77.576052
V5663,Route-D,56.85,2026-01-23 12:01:00,13.062016,77.678664
V4184,Route-A,33.15,2026-01-24 19:27:00,28.636586,77.110918
V7466,Route-E,46.13,2026-01-21 12:50:00,18.980834,72.842197
V9244,Route-C,21.38,2026-01-24 18:16:00,19.120682,72.953568
V1069,Route-E,62.98,2026-01-24 00:12:00,13.062831,80.274616
V1596,Route-C,47.18,2026-01-21 18:35:00,13.012547,80.180192
V4417,Route-D,97.45,2026-01-24 22:54:00,19.091903,72.960887
V5348,Route-C,43.0,2026-01-26 19:29:00,13.13283,80.229777
V3591,Route-A,64.14,2026-01-24 23:27:00,13.069626,80.249803
V3117,Route-B,71.07,2026-01-24 02:54:00,17.315086,78.492669
V3227,Route-E,48.67,2026-01-20 17:38:00,17.42535,78.448692
V2029,Route-C,66.38,2026-01-23 00:07:00,19.081301,72.935611
V8403,Route-C,78.14,2026-01-25 23:08:00,12.896679,77.502575
V6726,Route-A,32.64,2026-01-20 19:45:00,19.125372,72.786461
V9312,Route-C,71.76,2026-01-24 00:40:00,12.942211,77.586872
V6164,Route-A,38.42,2026-01-23 20:32:00,13.019517,77.635968
V4681,Route-C,60.13,2026-01-20 21:29:00,19.076792,72.899076
V6670,Route-D,83.09,2026-01-22 01:27:00,28.715069,77.1983
V1229,Route-C,64.13,2026-01-22 14:22:00,19.003973,72.870652
V4840,Route-C,35.62,2026-01-23 14:42:00,12.968131,77.634636
V3754,Route-C,49.2,2026-01-23 08:46:00,17.307014,78.54159
V2700,Route-E,69.89,2026-01-23 15:58:00,17.400544,78.520123
V8707,Route-D,32.31,2026-01-26 07:03:00,19.01751,72.797706
V6735,Route-C,59.64,2026-01-26 00:42:00,19.064599,72.851035
V2851,Route-C,53.31,2026-01-26 16:47:00,19.054568,72.9079
V2073,Route-E,21.89,2026-01-24 18:40:00,17.409975,78.519134
V6885,Route-D,57.41,2026-01-24 02:48:00,18.999928,72.812028
V1374,Route-C,35.06,2026-01-20 08:05:00,28.719514,77.12763
V7338,Route-B,50.22,2026-01-22 11:20:00,28.769312,77.134503
V9750,Route-D,69.22,2026-01-26 12:55:00,19.123753,72.846784
V1030,Route-E,41.18,2026-01-20 17:02:00,12.93187,77.520185
V7744,Route-B,29.1,2026-01-22 08:42:00,13.046776,80.356638
V2159,Route-A,68.24,2026-01-24 22:51:00,28.606214,77.091952
V8577,Route-A,54.65,2026-01-20 13:41:00,12.990869,77.508974
V6647,Route-C,82.53,2026-01-20 03:37:00,17.334604,78.525481
V5524,Route-A,66.5,2026-01-24 03:51:00,28.680501,77.201381
V3681,Route-E,93.32,2026-01-21 03:53:00,19.158692,72.946221
V7010,Route-E,49.28,2026-01-20 16:09:00,17.354973,78.415337
V1673,Route-E,89.95,2026-01-21 05:09:00,17.409892,78.56299
V5319,Route-E,24.52,2026-01-24 18:37:00,19.033926,72.874226
V1349,Route-A,72.3,2026-01-22 06:20:00,28.690587,77.147063
V7367,Route-D,79.08,2026-01-23 02:23:00,12.998718,80.274198
V7843,Route-C,42.3,2026-01-24 10:40:00,13.047573,77.657768
V9095,Route-B,61.67,2026-01-21 13:20:00,13.03563,77.555147
V9752,Route-E,71.02,2026-01-20 14:03:00,28.742338,77.199947
V2648,Route-D,53.22,2026-01-22 13:06:00,19.115989,72.966832
V7270,Route-A,96.31,2026-01-27 00:04:00,19.093892,72.929602
V5391,Route-E,66.51,2026-01-24 04:09:00,28.746054,77.019504
V4285,Route-C,17.26,2026-01-21 10:59:00,12.981349,77.657233
V9701,Route-A,69.58,2026-01-23 23:00:00,28.690896,77.053223
V9245,Route-E,71.73,2026-01-24 00:16:00,13.049403,77.66748
V8044,Route-E,95.5,2026-01-21 01:46:00,19.03744,72.873018
V4187,Route-D,37.58,2026-01-23 21:03:00,17.466738,78.505716
V8070,Route-A,74.67,2026-01-23 21:41:00,28.773535,77.09902
V1540,Route-C,68.49,2026-01-20 12:53:00,17.286559,78.436084
V5118,Route-D,79.3,2026-01-24 00:58:00,12.993756,77.544347
V8496,Route-C,34.83,2026-01-23 17:21:00,17.439543,78.480792
V7509,Route-C,78.1,2026-01-21 13:59:00,12.996571,77.546527
V9947,Route-B,56.37,2026-01-24 06:43:00,28.676258,77.091714
V2975,Route-D,44.72,2026-01-21 21:15:00,17.359684,78.406998
V2080,Route-E,17.55,2026-01-26 10:46:00,19.015844,72.888952
V4736,Route-A,58.03,2026-01-24 01:50:00,12.941022,77.540437
V4371,Route-C,59.64,2026-01-24 11:09:00,28.789678,77.101606
V6652,Route-B,66.35,2026-01-26 22:35:00,12.98393,77.607013
V6405,Route-E,55.58,2026-01-26 13:51:00,17.330793,78.567953
V7000,Route-A,77.46,2026-01-27 00:56:00,12.921453,77.567425
V7840,Route-E,79.04,2026-01-25 04:36:00,12.87363,77.50922
V9662,Route-C,97.06,2026-01-26 04:17:00,13.072596,80.300157
V9846,Route-C,35.05,2026-01-23 15:19:00,28.759088,77.194447
V1402,Route-E,59.28,2026-01-23 23:13:00,28.668764,77.109333
V9487,Route-B,60.84,2026-01-23 11:56:00,13.135226,80.300789
V1659,Route-A,62.96,2026-01-22 12:12:00,13.129307,80.315445
V6870,Route-B,47.25,2026-01-23 16:43:00,28.632317,77.188017
V2946,Route-B,79.92,2026-01-23 14:39:00,13.08136,80.328582
V1681,Route-E,108.57,2026-01-25 22:54:00,28.755976,77.015687
V6169,Route-D,86.78,2026-01-26 03:14:00,28.793495,77.065701
V6021,Route-E,43.07,2026-01-20 07:10:00,19.129255,72.935316
V1649,Route-E,41.37,2026-01-24 10:16:00,28.660102,77.006186
V4214,Route-D,60.2,2026-01-25 16:58:00,17.481187,78.550008
V3037,Route-B,66.7,2026-01-24 12:43:00,28.673658,77.053281
V2142,Route-E,18.75,2026-01-21 08:34:00,19.166247,72.849852
V8102,Route-C,69.71,2026-01-21 11:19:00,17.301811,78.39733
V6863,Route-E,89.76,2026-01-20 00:19:00,17.452173,78.521747
V1412,Route-C,27.49,2026-01-22 09:25:00,19.002873,72.806247
V1300,Route-B,58.74,2026-01-23 21:48:00,12.958493,77.603724
V4532,Route-D,66.79,2026-01-24 03:49:00,13.180504,80.370613
V6740,Route-A,57.81,2026-01-25 21:31:00,13.054992,77.669452
V2032,Route-A,43.68,2026-01-22 20:07:00,17.29076,78.47287
V6261,Route-E,31.57,2026-01-22 18:43:00,13.081053,80.289807
V6789,Route-A,69.84,2026-01-23 00:01:00,17.406148,78.540204
V8665,Route-B,70.96,2026-01-25 14:18:00,17.313083,78.400099
V4227,Route-A,38.79,2026-01-23 19:13:00,12.998141,77.571986
V4746,Route-C,65.65,2026-01-24 00:12:00,17.350236,78.402797
V1456,Route-C,59.77,2026-01-25 01:53:00,12.991434,80.225067
V8578,Route-D,84.99,2026-01-24 13:35:00,19.07256,72.864644
V1606,Route-B,84.14,2026-01-24 00:39:00,19.074629,72.858104
V8902,Route-A,82.41,2026-01-25 22:26:00,12.915021,77.687518
V1403,Route-A,80.69,2026-01-26 01:00:00,18.988963,72.934379
V8978,Route-C,84.7,2026-01-25 04:53:00,28.620507,77.021846
V1571,Route-A,82.6,2026-01-25 14:44:00,13.045031,80.313936
V6471,Route-B,71.19,2026-01-22 21:58:00,13.071147,80.2128
V6645,Route-A,77.04,2026-01-20 12:36:00,19.008049,72.835924
V4342,Route-E,20.93,2026-01-26 09:15:00,13.008937,80.298088
V4134,Route-C,97.33,2026-01-25 22:01:00,17.324886,78.553773
V6984,Route-E,82.49,2026-01-25 02:56:00,12.991359,77.512059
V7795,Route-D,81.38,2026-01-26 11:38:00,17.344014,78.478866
V1403,Route-A,94.89,2026-01-22 00:06:00,13.027604,80.250993
V1605,Route-E,99.57,2026-01-20 22:30:00,13.042161,80.207096
V1631,Route-A,77.99,2026-01-20 14:10:00,12.950275,77.587823
V8192,Route-A,70.81,2026-01-20 00:37:00,13.172674,80.315666
V3704,Route-B,81.27,2026-01-27 00:59:00,19.04714,72.901763
V1829,Route-C,63.98,2026-01-27 00:25:00,13.038273,80.202314
V4248,Route-A,70.8,2026-01-22 21:04:00,19.013001,72.847052
V3771,Route-B,73.84,2026-01-26 22:28:00,19.007125,72.910975
V8459,Route-B,60.08,2026-01-21 11:56:00,13.048985,77.603552
V9231,Route-A,30.52,2026-01-23 09:17:00,17.320881,78.491318
V8528,Route-D,73.59,2026-01-22 03:17:00,17.472018,78.566411
V3630,Route-B,85.01,2026-01-25 22:53:00,13.120497,80.218549
V4254,Route-E,60.48,2026-01-26 06:54:00,12.950794,77.504564
V1980,Route-D,46.63,2026-01-24 11:38:00,13.004316,80.243267
V8652,Route-C,30.91,2026-01-25 08:49:00,19.112353,72.948491
V2758,Route-C,40.43,2026-01-24 10:23:00,19.128992,72.939767
V4964,Route-B,34.27,2026-01-26 08:22:00,17.355392,78.403631
V2408,Route-B,23.56,2026-01-26 20:11:00,12.920106,77.513505
V4918,Route-C,26.35,2026-01-20 10:54:00,19.17105,72.793267
V6774,Route-A,15.88,2026-01-21 07:56:00,17.38921,78.4095
V9829,Route-D,73.62,2026-01-22 21:37:00,28.683354,77.050813
V5570,Route-C,85.84,2026-01-25 16:02:00,17.306822,78.560645
V2295,Route-C,72.75,2026-01-22 00:06:00,17.481999,78.54507
V1692,Route-E,31.89,2026-01-24 08:05:00,13.040395,80.206266
V6797,Route-C,49.01,2026-01-26 09:56:00,13.010449,77.594571
V2773,Route-D,74.1,2026-01-21 12:37:00,12.994323,80.364548
V2877,Route-B,76.01,2026-01-25 05:17:00,28.725088,77.169469
V5258,Route-D,40.3,2026-01-20 09:39:00,28.732328,77.02155
V1286,Route-C,17.46,2026-01-21 19:17:00,28.663806,77.045684
V4161,Route-B,44.28,2026-01-21 09:45:00,17.373005,78.48767
V6125,Route-C,30.43,2026-01-21 07:40:00,19.138118,72.976557
V2308,Route-D,78.08,2026-01-20 23:01:00,28.657152,77.02129
V8530,Route-B,67.6,2026-01-22 06:43:00,28.78493,77.129896
V7509,Route-C,94.45,2026-01-24 06:16:00,28.716256,77.114096
V8302,Route-D,16.31,2026-01-20 19:41:00,19.155599,72.807152
V8020,Route-A,28.79,2026-01-23 10:41:00,13.040842,77.539197
V3586,Route-B,85.6,2026-01-23 00:23:00,12.99669,77.584568
V2071,Route-B,73.13,2026-01-26 15:47:00,17.369307,78.435428
V3096,Route-E,82.39,2026-01-26 03:39:00,19.038685,72.935612
V1244,Route-D,21.86,2026-01-25 09:58:00,19.14952,72.963342
V2452,Route-E,78.72,2026-01-25 05:54:00,13.035972,80.204577
V5700,Route-A,68.03,2026-01-20 22:24:00,13.044784,77.547091
V7655,Route-D,34.82,2026-01-23 17:40:00,12.963505,77.50411
V3499,Route-D,68.46,2026-01-26 23:49:00,13.153747,80.310778
V3510,Route-B,19.46,2026-01-21 07:01:00,19.097044,72.799703
V2405,Route-B,58.39,2026-01-21 11:15:00,13.155476,80.208516
V8473,Route-B,70.68,2026-01-20 14:24:00,13.010376,80.325097
V9749,Route-E,68.53,2026-01-21 21:17:00,13.009404,77.684778
V1238,Route-D,60.84,2026-01-22 00:54:00,13.162215,80.351759
V1804,Route-D,89.03,2026-01-24 05:38:00,19.13268,72.896402
V2171,Route-A,88.8,2026-01-23 02:46:00,12.960415,77.690174
V5158,Route-C,18.18,2026-01-25 18:10:00,28.709694,77.097251
V3106,Route-A,40.42,2026-01-22 09:23:00,28.628109,77.026731
V3777,Route-C,85.89,2026-01-25 02:22:00,12.979986,77.497888
V7510,Route-A,17.32,2026-01-25 09:12:00,17.321002,78.537029
V1359,Route-C,70.81,2026-01-26 01:56:00,19.127306,72.891299
V5078,Route-D,38.95,2026-01-21 20:07:00,19.020381,72.975293
V9925,Route-A,38.16,2026-01-25 18:02:00,12.993952,80.211629
V4096,Route-B,66.92,2026-01-20 23:41:00,17.308972,78.518165
V3651,Route-A,51.88,2026-01-20 01:12:00,12.889482,77.545483
V1448,Route-C,101.95,2026-01-26 22:32:00,12.928903,77.678114
V4642,Route-D,86.33,2026-01-24 05:32:00,12.897527,77.509821
V2765,Route-E,86.98,2026-01-21 22:12:00,13.056095,80.29563
V8570,Route-B,44.25,2026-01-26 15:41:00,13.032644,77.58234
V5089,Route-C,63.78,2026-01-21 00:46:00,28.779539,77.144765
V3936,Route-E,42.61,2026-01-23 13:14:00,12.920655,77.556958
V5764,Route-C,82.62,2026-01-21 05:36:00,19.132866,72.874896
V7616,Route-B,31.27,2026-01-20 16:31:00,13.009572,80.171386
V3839,Route-D,73.75,2026-01-20 21:42:00,17.456067,78.530784
V5291,Route-C,60.25,2026-01-26 00:16:00,28.653903,77.138304
V2806,Route-C,41.81,2026-01-22 18:46:00,13.136694,80.286889
V9470,Route-D,35.89,2026-01-21 18:54:00,19.15351,72.884165
V2769,Route-B,13.72,2026-01-22 09:30:00,28.644058,77.017782
V6362,Route-B,61.35,2026-01-22 11:30:00,13.060575,80.330983
V1963,Route-D,22.77,2026-01-26 17:07:00,13.022912,80.334187
V6472,Route-C,93.04,2026-01-20 23:52:00,13.016282,80.311838
V5143,Route-D,48.95,2026-01-23 16:23:00,28.711212,77.156026
V2049,Route-B,61.59,2026-01-22 13:35:00,28.721229,77.198085
V2866,Route-D,83.66,2026-01-22 06:24:00,13.060144,77.676072
V8218,Route-D,58.99,2026-01-25 12:50:00,13.155172,80.239148
V4277,Route-B,49.31,2026-01-25 17:48:00,12.994694,77.674451
V3382,Route-A,74.82,2026-01-22 03:30:00,17.376209,78.419612
V2421,Route-D,69.85,2026-01-22 15:25:00,17.470475,78.451121
V8128,Route-A,37.07,2026-01-21 17:18:00,12.982009,77.495277
V2555,Route-A,48.25,2026-01-26 15:27:00,28.75673,77.177547
V7534,Route-B,24.4,2026-01-22 19:02:00,17.465561,78.496154
V9242,Route-D,71.49,2026-01-22 23:17:00,17.457902,78.50537
V5951,Route-B,90.22,2026-01-23 01:21:00,28.661026,77.073478
V2550,Route-E,92.31,2026-01-26 03:40:00,28.748377,77.053736
V1232,Route-B,92.39,2026-01-23 02:52:00,17.477638,78.581146
V4676,Route-D,61.31,2026-01-23 06:18:00,13.160929,80.222845
V5368,Route-B,95.42,2026-01-24 03:17:00,13.155553,80.22926
V9958,Route-D,27.73,2026-01-23 17:39:00,28.716432,77.025339
V6440,Route-B,79.04,2026-01-26 13:55:00,28.797796,77.01801
V7382,Route-A,72.14,2026-01-23 12:13:00,19.105511,72.945371
V7575,Route-B,97.04,2026-01-26 05:03:00,13.047884,77.691115
V2678,Route-A,93.03,2026-01-23 04:55:00,12.878316,77.541989
V3890,Route-B,28.86,2026-01-23 10:36:00,28.709403,77.150568
V3903,Route-B,76.05,2026-01-21 00:11:00,13.172306,80.182422
V4491,Route-C,82.04,2026-01-21 22:15:00,19.096401,72.935098
V9277,Route-A,34.84,2026-01-21 09:29:00,19.12241,72.905066
V8181,Route-A,35.96,2026-01-23 07:53:00,17.389842,78.442211
V4996,Route-A,75.38,2026-01-26 06:17:00,13.0076,77.652862
V4305,Route-D,49.4,2026-01-23 12:00:00,28.661458,77.021547
V1110,Route-B,34.36,2026-01-21 17:39:00,19.097599,72.835926
V3377,Route-E,91.13,2026-01-20 22:36:00,17.307526,78.573732
V1422,Route-A,73.9,2026-01-26 06:03:00,28.763022,77.03161
V8948,Route-D,20.82,2026-01-20 20:35:00,13.094499,80.364537
V8957,Route-A,66.35,2026-01-25 11:14:00,28.712626,77.016144
V8836,Route-D,73.84,2026-01-22 01:34:00,28.789125,77.053696
V4692,Route-E,52.55,2026-01-23 14:30:00,17.288069,78.48936
V6768,Route-E,36.65,2026-01-25 19:38:00,17.424465,78.541892
V4082,Route-E,104.99,2026-01-24 04:59:00,17.442415,78.466299
V8568,Route-C,18.91,2026-01-25 18:40:00,12.95811,77.643244
V8578,Route-A,81.45,2026-01-25 22:14:00,17.473627,78.544452
V4971,Route-E,51.54,2026-01-23 12:35:00,18.97902,72.810755
V6150,Route-C,53.55,2026-01-20 16:51:00,17.397469,78.469724
V2549,Route-E,58.74,2026-01-22 09:04:00,19.078755,72.796298
V6006,Route-A,73.98,2026-01-20 21:46:00,12.924609,77.538018
V5539,Route-B,36.52,2026-01-23 07:17:00,13.079718,80.323053
V1275,Route-A,60.36,2026-01-24 12:10:00,17.332832,78.483018
V2594,Route-B,60.41,2026-01-26 15:58:00,13.025737,80.341286
V9498,Route-D,84.94,2026-01-20 21:03:00,19.133592,72.840134
V9484,Route-B,57.28,2026-01-23 11:41:00,17.440902,78.467556
V3315,Route-B,50.91,2026-01-24 01:30:00,13.00661,80.256976
V4071,Route-A,90.1,2026-01-24 05:24:00,28.698697,77.020851
V1223,Route-C,42.63,2026-01-23 10:37:00,19.13546,72.831136
V4168,Route-C,87.4,2026-01-22 02:30:00,13.061413,80.263235
V4674,Route-E,62.22,2026-01-20 13:11:00,13.135251,80.212792
V2657,Route-B,59.18,2026-01-21 12:22:00,13.159454,80.177557
V8241,Route-E,43.63,2026-01-22 08:53:00,12.978644,77.555602
V8806,Route-C,78.23,2026-01-24 00:52:00,28.608619,77.170515
V4742,Route-D,80.16,2026-01-23 00:08:00,12.922911,77.571041
V3458,Route-E,26.13,2026-01-23 08:32:00,13.005119,80.349
V8346,Route-E,51.14,2026-01-22 08:17:00,19.16393,72.799138
V9825,Route-E,80.59,2026-01-22 14:10:00,13.05221,77.68117
V1507,Route-E,42.47,2026-01-20 20:20:00,13.131317,80.182975
V9307,Route-E,52.05,2026-01-20 11:10:00,13.143982,80.326345
V4190,Route-B,87.88,2026-01-20 03:32:00,13.044234,80.341932
V2818,Route-A,65.56,2026-01-26 04:38:00,28.784589,77.095717
V5471,Route-D,36.22,2026-01-24 08:13:00,13.007075,77.531782
V8365,Route-A,84.78,2026-01-26 03:02:00,12.905158,77.505543
V5224,Route-D,41.39,2026-01-23 19:51:00,12.941173,77.527693
V3798,Route-E,29.57,2026-01-26 19:24:00,12.891007,77.60217
V7674,Route-B,70.35,2026-01-25 16:53:00,13.036258,80.295212
V5321,Route-E,89.29,2026-01-25 02:56:00,12.895197,77.58107
V2483,Route-B,62.33,2026-01-23 23:11:00,13.054294,77.613205
V4423,Route-A,20.05,2026-01-26 08:36:00,13.055728,77.513479
V4053,Route-C,27.14,2026-01-22 17:12:00,28.792205,77.192925
V4695,Route-A,29.04,2026-01-26 19:25:00,19.039482,72.968793
V8980,Route-C,93.69,2026-01-22 03:15:00,13.06478,77.645457
V9530,Route-C,59.2,2026-01-22 21:51:00,13.0051,77.590612
V1451,Route-D,79.62,2026-01-24 14:47:00,13.010025,77.511858
V9495,Route-D,68.25,2026-01-21 01:24:00,12.945366,77.615273
V6847,Route-B,40.03,2026-01-23 19:19:00,13.121888,80.364507
V1542,Route-C,58.94,2026-01-20 11:56:00,28.745482,77.164677
V4554,Route-C,74.46,2026-01-23 04:12:00,19.100719,72.975043
V2674,Route-E,83.42,2026-01-20 21:42:00,17.434641,78.581826
V5835,Route-B,80.26,2026-01-22 03:20:00,13.097104,80.235337
V5326,Route-A,60.7,2026-01-26 02:49:00,28.642505,77.009716
V9653,Route-D,93.64,2026-01-23 06:32:00,12.950542,77.61998
V5223,Route-E,21.1,2026-01-22 09:43:00,19.026362,72.932338
V9448,Route-E,71.62,2026-01-25 04:16:00,28.670186,77.176752
V8624,Route-A,28.95,2026-01-21 18:21:00,28.792995,77.064023
V3967,Route-E,66.73,2026-01-21 15:04:00,28.781009,77.008585
V3375,Route-E,53.82,2026-01-20 15:09:00,19.140739,72.975957
V2745,Route-B,83.86,2026-01-22 01:29:00,17.310781,78.404009
V2409,Route-E,17.86,2026-01-21 17:08:00,13.009597,77.659785
V2782,Route-C,54.03,2026-01-25 21:51:00,17.322907,78.467405
V4364,Route-D,16.72,2026-01-21 19:01:00,19.027805,72.927353
V6717,Route-A,61.56,2026-01-24 14:35:00,28.783862,77.141567
V6242,Route-A,74.24,2026-01-23 00:56:00,19.084351,72.969266
V8389,Route-E,35.77,2026-01-24 19:36:00,13.032034,77.548304
V4332,Route-E,75.16,2026-01-23 11:30:00,13.018153,80.30837
V2763,Route-D,85.56,2026-01-22 00:13:00,19.096225,72.899052
V2414,Route-B,97.9,2026-01-21 03:57:00,28.797152,77.086843
V6253,Route-E,92.87,2026-01-24 22:56:00,28.605036,77.079334
V9963,Route-B,97.41,2026-01-22 23:59:00,28.80097,77.012618
V6519,Route-B,68.72,2026-01-24 00:58:00,13.068822,80.284652
V1329,Route-B,50.64,2026-01-25 17:13:00,19.102411,72.885006
V3181,Route-B,44.59,2026-01-20 16:53:00,19.021614,72.968074
V3938,Route-C,59.88,2026-01-26 06:11:00,17.348975,78.518236
V9367,Route-B,68.7,2026-01-24 11:22:00,12.977938,77.651044
V2482,Route-D,41.82,2026-01-24 17:22:00,13.05355,80.281429
V9581,Route-D,58.63,2026-01-21 16:14:00,19.137831,72.778772
V8920,Route-A,70.31,2026-01-23 00:07:00,28.729789,77.048697
V4238,Route-C,92.62,2026-01-22 00:07:00,17.402121,78.429697
V3109,Route-C,49.33,2026-01-25 11:50:00,12.954075,77.624392
V6611,Route-A,76.91,2026-01-21 00:35:00,13.139954,80.284088
V3580,Route-E,47.28,2026-01-21 15:03:00,12.938334,77.680403
V9527,Route-E,18.44,2026-01-25 08:27:00,12.984061,77.668798
V9262,Route-D,99.95,2026-01-24 02:33:00,12.874268,77.608892
V2953,Route-E,62.13,2026-01-26 06:41:00,28.697943,77.153063
V8958,Route-E,43.33,2026-01-24 09:20:00,17.331214,78.564976
V4005,Route-D,80.13,2026-01-22 14:50:00,12.986372,77.608487
V7511,Route-C,39.53,2026-01-22 15:43:00,12.973332,77.685046
V1622,Route-A,38.25,2026-01-25 07:51:00,12.901082,77.529639
V8908,Route-D,78.77,2026-01-26 13:34:00,12.937707,77.650654
V4703,Route-A,61.54,2026-01-26 15:24:00,13.066982,80.221807
V5424,Route-C,80.55,2026-01-26 05:43:00,19.166673,72.846525
V4215,Route-D,92.43,2026-01-26 05:33:00,13.043101,80.227958
V9862,Route-E,47.76,2026-01-22 20:40:00,19.043889,72.82493
V2061,Route-A,90.69,2026-01-25 00:43:00,28.802022,77.105151
V4971,Route-E,55.87,2026-01-22 11:17:00,17.331925,78.420935
V9566,Route-A,60.68,2026-01-23 02:13:00,19.058836,72.959227
V8127,Route-D,87.94,2026-01-22 00:04:00,28.631572,77.030779
V6219,Route-B,22.27,2026-01-25 17:46:00,13.041979,77.677781
V1851,Route-C,38.4,2026-01-26 20:53:00,13.151266,80.271307
V9406,Route-D,41.52,2026-01-26 17:01:00,13.021587,77.643627
V9569,Route-E,87.93,2026-01-23 00:42:00,17.366704,78.537206
V8825,Route-A,27.52,2026-01-23 09:44:00,13.08184,80.333968
V2026,Route-B,45.38,2026-01-22 17:13:00,12.986513,77.536996
V3819,Route-D,40.98,2026-01-20 09:58:00,12.986495,77.637041
V5218,Route-A,93.98,2026-01-23 00:05:00,17.378788,78.532718
V3257,Route-A,64.74,2026-01-25 13:33:00,19.077875,72.792512
V5376,Route-A,55.1,2026-01-26 10:48:00,12.907498,77.621496
V9526,Route-B,86.32,2026-01-26 04:14:00,28.719311,77.079507
V2235,Route-C,49.23,2026-01-20 12:14:00,17.483788,78.478918
V8851,Route-A,71.07,2026-01-21 02:59:00,13.116494,80.287436
V4713,Route-A,69.47,2026-01-20 15:10:00,12.991436,80.345739
V5233,Route-A,56.95,2026-01-20 11:20:00,19.010679,72.85182
V4066,Route-D,41.06,2026-01-21 20:23:00,13.034187,80.202381
V4477,Route-B,38.14,2026-01-26 17:46:00,19.045396,72.956147
V5192,Route-A,91.3,2026-01-23 06:57:00,13.022251,77.616234
V9109,Route-E,57.56,2026-01-21 16:52:00,12.89614,77.679488
V2116,Route-D,53.93,2026-01-20 03:13:00,13.011,80.17618
V6009,Route-C,66.06,2026-01-21 13:52:00,17.448082,78.476399
V3563,Route-B,71.1,2026-01-21 11:32:00,28.741927,77.04605
V1451,Route-B,85.33,2026-01-23 14:46:00,13.069019,77.633909
V1538,Route-E,33.38,2026-01-22 08:09:00,19.149142,72.847278
V1744,Route-D,42.33,2026-01-22 17:09:00,19.043005,72.817958
V5698,Route-A,70.34,2026-01-20 21:54:00,28.764163,77.201941
V4900,Route-E,47.85,2026-01-23 17:23:00,13.17785,80.298437
V5352,Route-C,83.99,2026-01-24 23:58:00,28.741721,77.15294
V6166,Route-A,75.44,2026-01-20 11:28:00,17.367874,78.496102
V7090,Route-B,33.23,2026-01-23 10:59:00,17.337875,78.541095
V3174,Route-E,34.78,2026-01-22 09:42:00,28.638369,77.15134
V8677,Route-C,65.8,2026-01-24 06:52:00,12.925435,77.52948
V5135,Route-A,56.59,2026-01-26 02:25:00,28.762388,77.161262
V5438,Route-E,57.81,2026-01-21 11:09:00,28.732656,77.147649
V7456,Route-D,46.06,2026-01-20 07:06:00,13.131219,80.198841
V5634,Route-B,48.27,2026-01-20 12:46:00,13.082084,80.290703
V6819,Route-E,72.13,2026-01-20 01:48:00,28.716461,77.157521
V2317,Route-A,77.64,2026-01-21 04:06:00,19.080628,72.842829
V7601,Route-C,79.26,2026-01-21 12:32:00,19.091794,72.790296
V9317,Route-D,30.06,2026-01-26 08:38:00,17.448201,78.489183
V2862,Route-D,52.06,2026-01-22 16:31:00,17.481383,78.411908
V5958,Route-C,60.69,2026-01-24 15:50:00,28.650475,77.026914
V3086,Route-A,72.53,2026-01-22 23:46:00,19.127774,72.837175
V9328,Route-E,88.88,2026-01-22 01:19:00,28.768534,77.137368
V8522,Route-D,91.1,2026-01-25 23:58:00,17.309538,78.431902
V5885,Route-B,71.92,2026-01-25 22:23:00,28.75288,77.087523
V9118,Route-A,39.76,2026-01-26 09:10:00,12.906761,77.567817
V1823,Route-D,41.83,2026-01-26 09:55:00,13.05353,80.253826
V6749,Route-D,36.35,2026-01-24 19:47:00,17.404784,78.501491
V1785,Route-B,28.49,2026-01-24 20:21:00,17.418486,78.508723
V3656,Route-A,69.5,2026-01-20 15:52:00,28.730732,77.035796
V6756,Route-C,32.12,2026-01-23 20:11:00,19.081164,72.808701
V1488,Route-E,86.01,2026-01-21 22:44:00,18.995585,72.885547
V5194,Route-A,54.79,2026-01-20 01:31:00,19.117851,72.793079
V8921,Route-A,96.13,2026-01-22 02:27:00,13.022711,77.541126
V1693,Route-D,61.71,2026-01-21 21:22:00,28.701056,77.030483
V6761,Route-B,88.04,2026-01-26 06:54:00,13.027515,77.65133
V6268,Route-A,30.78,2026-01-26 08:40:00,28.685006,77.18223
V2342,Route-E,66.21,2026-01-24 14:03:00,19.136751,72.889459
V8543,Route-D,41.28,2026-01-20 09:26:00,19.134525,72.973368
V6430,Route-B,65.27,2026-01-22 21:27:00,19.075509,72.886573
V4709,Route-D,51.33,2026-01-22 10:15:00,12.899124,77.689533
V1218,Route-E,28.76,2026-01-20 07:28:00,12.990986,77.507253
V7933,Route-A,49.77,2026-01-26 08:48:00,19.028228,72.969935
V3961,Route-E,80.71,2026-01-22 21:31:00,13.115328,80.327343
V2468,Route-A,64.99,2026-01-26 00:29:00,17.354785,78.487175
V6898,Route-E,83.99,2026-01-20 23:11:00,13.011268,80.257339
V3492,Route-C,72.97,2026-01-26 14:04:00,19.048999,72.948028
V6562,Route-A,45.48,2026-01-20 07:50:00,13.177969,80.228773
V7947,Route-A,58.84,2026-01-25 11:21:00,17.349732,78.562516
V2098,Route-C,50.66,2026-01-22 02:53:00,19.158272,72.910365
V6122,Route-E,52.58,2026-01-20 01:14:00,19.175052,72.965959
V4667,Route-E,32.02,2026-01-20 20:16:00,13.027373,80.285455
V1073,Route-A,69.8,2026-01-26 04:43:00,13.070041,80.319734
V6899,Route-A,82.4,2026-01-23 12:40:00,13.059403,80.221094
V8352,Route-E,32.58,2026-01-26 09:54:00,17.458616,78.57837
V8282,Route-E,16.05,2026-01-21 18:07:00,13.036511,80.218807
V2734,Route-D,42.43,2026-01-20 17:23:00,19.172688,72.976848
V2124,Route-D,82.82,2026-01-26 00:27:00,12.920361,77.54937
V7718,Route-E,42.32,2026-01-24 09:52:00,12.888315,77.53728
V2008,Route-C,49.57,2026-01-21 10:35:00,13.023551,80.270369
V3140,Route-C,37.54,2026-01-23 20:25:00,28.769186,77.049116
V5895,Route-E,53.62,2026-01-25 16:03:00,19.152004,72.885281
V8833,Route-E,74.48,2026-01-20 12:20:00,13.10503,80.271573
V9388,Route-B,51.9,2026-01-21 18:17:00,13.004047,77.583514
V9905,Route-C,24.34,2026-01-23 10:32:00,13.096386,80.328942
V7397,Route-E,82.74,2026-01-20 13:25:00,28.703635,77.1799
V2169,Route-D,64.38,2026-01-21 12:50:00,17.448284,78.561396
V6580,Route-B,93.71,2026-01-23 03:48:00,12.993845,77.5747
V1287,Route-B,89.87,2026-01-25 23:12:00,12.999501,80.305584
V8102,Route-A,84.58,2026-01-24 22:13:00,17.450756,78.510744
V3439,Route-E,69.9,2026-01-20 23:59:00,28.655968,77.058811
V9601,Route-A,92.36,2026-01-21 04:30:00,13.047139,80.252182
V3208,Route-C,52.57,2026-01-21 21:49:00,12.971096,77.643265
V8102,Route-B,44.8,2026-01-21 09:12:00,28.611335,77.007871
V9502,Route-E,86.47,2026-01-24 06:41:00,13.124515,80.350836
V1891,Route-C,92.81,2026-01-23 00:12:00,17.390256,78.532751
V3885,Route-B,29.6,2026-01-23 08:23:00,28.683513,77.09917
V2628,Route-E,32.63,2026-01-20 07:31:00,12.930091,77.635066
V4887,Route-C,45.12,2026-01-21 09:09:00,28.760292,77.050172
V6570,Route-D,59.83,2026-01-22 15:15:00,17.435099,78.538908
V9935,Route-B,29.29,2026-01-26 10:58:00,13.043743,80.329356
V3013,Route-E,78.64,2026-01-24 01:10:00,28.656824,77.083491
V2860,Route-B,47.76,2026-01-20 09:16:00,12.990131,80.32922
V5644,Route-D,34.44,2026-01-22 19:57:00,19.117366,72.809541
V8732,Route-B,92.27,2026-01-23 01:25:00,28.719908,77.049766
V5135,Route-E,52.42,2026-01-25 07:05:00,17.296878,78.557276
V2546,Route-B,36.42,2026-01-22 21:39:00,28.796126,77.134649
V9582,Route-B,38.22,2026-01-25 20:48:00,17.373942,78.431288
V6091,Route-A,46.68,2026-01-23 10:05:00,19.01729,72.959431
V7453,Route-B,100.47,2026-01-20 03:57:00,19.135146,72.977145
V1651,Route-E,50.44,2026-01-25 09:32:00,19.058675,72.843272
V6906,Route-A,21.58,2026-01-26 10:00:00,19.023291,72.953421
V9854,Route-B,78.13,2026-01-20 06:13:00,17.394399,78.442006
V5069,Route-B,60.66,2026-01-22 03:34:00,28.717396,77.022567
V2436,Route-B,106.02,2026-01-24 00:21:00,19.004066,72.872643
V9773,Route-A,19.49,2026-01-25 17:07:00,28.667398,77.181896
V1209,Route-A,69.09,2026-01-24 05:13:00,28.655858,77.118343
V8900,Route-A,95.6,2026-01-21 06:21:00,17.338855,78.416153
V9940,Route-D,80.88,2026-01-23 21:45:00,17.421741,78.465446
V1188,Route-C,106.74,2026-01-21 04:23:00,17.405078,78.459185
V4633,Route-C,56.11,2026-01-23 16:16:00,13.004509,80.32802
V1328,Route-E,83.62,2026-01-24 23:33:00,28.747005,77.168367
V4980,Route-C,59.41,2026-01-23 04:33:00,28.682036,77.141949
V7513,Route-D,70.97,2026-01-21 03:03:00,12.999974,80.223683
V8410,Route-A,45.4,2026-01-23 21:13:00,17.326845,78.389333
V9839,Route-C,82.94,2026-01-20 05:58:00,17.362548,78.448016
V4574,Route-D,83.24,2026-01-20 23:51:00,13.151203,80.273197
V5301,Route-C,50.41,2026-01-24 08:14:00,28.650642,77.075101
V8146,Route-A,28.23,2026-01-26 07:49:00,17.472385,78.468346
V7885,Route-B,56.18,2026-01-26 22:56:00,28.753416,77.097931
V6353,Route-C,87.35,2026-01-21 01:47:00,13.043304,80.327007
V9328,Route-E,34.77,2026-01-23 15:37:00,13.161825,80.269307
V4484,Route-A,63.88,2026-01-22 15:09:00,13.000699,80.190521
V7178,Route-B,30.12,2026-01-21 08:39:00,28.740155,77.059116
V1955,Route-B,78.17,2026-01-26 01:54:00,19.099103,72.805657
V3957,Route-C,47.69,2026-01-23 17:42:00,13.009428,77.685611
V3420,Route-B,32.14,2026-01-26 10:59:00,17.341228,78.543006
V6386,Route-C,17.92,2026-01-26 20:58:00,18.996963,72.852404
V2965,Route-C,28.68,2026-01-22 08:40:00,28.708863,77.189687
V3259,Route-C,92.47,2026-01-26 01:21:00,17.344788,78.401649
V3722,Route-B,53.43,2026-01-23 16:05:00,12.88135,77.670033
V1780,Route-B,72.19,2026-01-22 03:27:00,17.318056,78.450064
V4903,Route-E,41.91,2026-01-20 20:23:00,17.438119,78.583291
V5776,Route-C,69.23,2026-01-24 22:36:00,12.910592,77.51882
V6271,Route-E,74.47,2026-01-24 03:57:00,12.983371,77.672451
V1687,Route-B,98.51,2026-01-22 00:55:00,28.606358,77.116736
V6796,Route-B,68.96,2026-01-26 21:29:00,12.998117,80.209809
V4873,Route-B,67.5,2026-01-26 14:48:00,13.163506,80.350667
V3332,Route-E,96.48,2026-01-24 04:57:00,18.986913,72.832344
V4868,Route-D,36.47,2026-01-26 15:59:00,28.685927,77.145495
V8877,Route-C,71.44,2026-01-21 16:48:00,28.741736,77.071446
V8486,Route-D,40.14,2026-01-21 08:03:00,19.161297,72.923129
V5094,Route-A,56.71,2026-01-25 13:48:00,19.04054,72.91215
V3179,Route-B,61.33,2026-01-20 21:05:00,17.424926,78.399732
V2345,Route-D,32.07,2026-01-23 07:04:00,13.046321,80.176106
V7145,Route-A,80.81,2026-01-26 22:08:00,17.30095,78.565471
V3995,Route-A,73.7,2026-01-27 00:41:00,13.105801,80.354995
V5984,Route-C,65.21,2026-01-22 01:46:00,12.908964,77.537247
V9368,Route-E,49.36,2026-01-26 19:21:00,18.998747,72.805523
V1334,Route-A,34.1,2026-01-21 20:27:00,17.417712,78.481078
V3919,Route-B,87.13,2026-01-27 00:55:00,28.776198,77.060621
V6828,Route-B,88.23,2026-01-22 01:10:00,28.786276,77.171021
V3511,Route-B,75.24,2026-01-23 00:54:00,13.108687,80.180468
V4577,Route-E,84.62,2026-01-23 13:21:00,12.943241,77.608525
V5944,Route-B,45.47,2026-01-22 11:54:00,13.120723,80.342363
V5512,Route-C,72.48,2026-01-26 13:49:00,12.920477,77.65989
V8288,Route-E,39.62,2026-01-26 07:44:00,19.138577,72.786537
V6916,Route-A,66.64,2026-01-22 11:33:00,17.404192,78.448779
V2761,Route-E,76.01,2026-01-20 22:35:00,19.035265,72.909254
V7076,Route-C,67.51,2026-01-26 00:39:00,17.409217,78.406709
V3875,Route-E,74.97,2026-01-25 00:19:00,17.395945,78.552784
V6564,Route-C,54.08,2026-01-26 11:10:00,17.370804,78.509324
V5989,Route-C,65.61,2026-01-23 22:47:00,13.013981,80.280507
V2595,Route-E,40.86,2026-01-26 08:00:00,28.78287,77.046562
V4395,Route-E,56.84,2026-01-25 03:58:00,17.312343,78.488812
V6177,Route-B,69.37,2026-01-21 21:50:00,19.006508,72.880551
V5550,Route-B,62.31,2026-01-23 00:20:00,28.695224,77.07225
V4352,Route-B,84.2,2026-01-26 21:17:00,17.450569,78.583733
V8121,Route-B,57.77,2026-01-26 16:26:00,19.000413,72.778169
V6358,Route-D,67.93,2026-01-25 13:39:00,17.30702,78.554874
V4152,Route-C,84.05,2026-01-24 03:05:00,19.125771,72.934936
V3409,Route-A,40.36,2026-01-24 16:46:00,17.342904,78.492182
V8134,Route-C,28.59,2026-01-24 18:41:00,28.60482,77.110409
V8968,Route-B,52.56,2026-01-23 08:12:00,19.064135,72.794796
V5344,Route-C,76.57,2026-01-21 00:18:00,19.127261,72.941528
V1095,Route-A,41.09,2026-01-25 09:17:00,19.054979,72.853712
V9113,Route-B,67.98,2026-01-25 23:43:00,17.390526,78.44956
V5345,Route-B,78.8,2026-01-23 11:16:00,17.459457,78.435509
V3147,Route-C,59.65,2026-01-21 00:22:00,13.050698,77.515802
V9040,Route-C,63.41,2026-01-25 02:53:00,18.98656,72.809265
V9262,Route-E,67.25,2026-01-23 02:02:00,19.082788,72.92518
V8560,Route-D,61.72,2026-01-25 15:19:00,18.979512,72.909761
V4257,Route-D,68.25,2026-01-22 12:53:00,13.157629,80.24355
V6274,Route-C,85.96,2026-01-24 01:39:00,17.418862,78.474955
V9568,Route-D,52.96,2026-01-25 11:10:00,19.16175,72.903261
V8421,Route-C,25.77,2026-01-22 10:04:00,12.877921,77.520508
V2600,Route-E,79.28,2026-01-24 00:00:00,13.074406,80.36205
V3295,Route-D,16.26,2026-01-26 18:46:00,17.411607,78.442238
V7070,Route-A,30.4,2026-01-21 17:48:00,17.37368,78.432974
V6960,Route-E,93.07,2026-01-25 00:19:00,19.031588,72.83905
V1438,Route-B,93.45,2026-01-20 01:37:00,19.118842,72.895918
V3059,Route-E,92.64,2026-01-26 22:09:00,17.298919,78.552252
V5115,Route-B,47.77,2026-01-26 15:36:00,13.041207,80.270601
V4306,Route-D,53.49,2026-01-22 16:47:00,12.892509,77.547619
V8717,Route-D,43.06,2026-01-22 19:16:00,13.00709,77.536681
V3756,Route-C,93.03,2026-01-25 02:15:00,28.745322,77.139602
V8108,Route-E,97.68,2026-01-25 06:03:00,19.150128,72.868852
V6432,Route-E,28.01,2026-01-26 10:47:00,19.029265,72.916232
V4654,Route-A,47.96,2026-01-21 14:13:00,13.175274,80.190412
V8484,Route-E,40.79,2026-01-25 20:10:00,12.974408,77.538035
V5326,Route-C,38.64,2026-01-22 18:50:00,19.051571,72.845815
V6266,Route-C,47.94,2026-01-25 16:17:00,17.300008,78.496389
V9210,Route-E,66.92,2026-01-20 21:42:00,12.884606,77.666745
V9209,Route-B,29.41,2026-01-26 09:58:00,28.704545,77.027448
V1036,Route-C,52.64,2026-01-25 03:43:00,17.324526,78.531436
V1004,Route-B,98.38,2026-01-25 23:30:00,12.894794,77.612547
V1187,Route-B,46.89,2026-01-25 12:35:00,17.335917,78.558521
V6630,Route-B,84.55,2026-01-24 05:27:00,19.126829,72.914884
V2441,Route-E,35.62,2026-01-21 19:26:00,17.350341,78.527956
V6007,Route-E,16.67,2026-01-21 20:08:00,19.159195,72.809701
V4750,Route-E,42.92,2026-01-26 13:34:00,19.087554,72.914005
V1265,Route-A,84.54,2026-01-26 04:46:00,12.922212,77.642631
V8343,Route-D,36.07,2026-01-24 20:54:00,28.711464,77.095677
V5591,Route-A,61.67,2026-01-21 12:47:00,13.125843,80.262243
V2816,Route-E,106.13,2026-01-25 23:28:00,12.978824,77.570503
V3902,Route-C,68.16,2026-01-25 23:31:00,17.464837,78.510473
V7728,Route-C,51.6,2026-01-21 10:32:00,17.32251,78.420375
V3021,Route-C,42.3,2026-01-26 16:30:00,13.147901,80.194429
V6481,Route-C,81.73,2026-01-20 11:11:00,12.969291,77.671813
V8380,Route-D,70.69,2026-01-20 15:00:00,28.621536,77.170542
V5655,Route-C,34.8,2026-01-23 20:38:00,17.291897,78.525127
V9578,Route-E,52.11,2026-01-24 21:57:00,19.020239,72.781893
V9253,Route-B,74.24,2026-01-22 00:47:00,19.12019,72.850716
V6437,Route-C,76.93,2026-01-20 01:55:00,13.070686,80.336742
V8453,Route-D,33.86,2026-01-24 08:36:00,28.65882,77.156459
V4038,Route-C,70.16,2026-01-20 00:10:00,12.911941,77.496402
V2426,Route-A,93.25,2026-01-25 03:43:00,12.92197,77.605012
V6205,Route-B,71.95,2026-01-26 15:30:00,28.705397,77.18381
V5715,Route-A,28.97,2026-01-24 09:27:00,17.330766,78.413522
V7367,Route-E,39.97,2026-01-25 21:32:00,13.069025,77.515539
V1754,Route-A,59.32,2026-01-25 12:05:00,28.755248,77.049804
V6544,Route-D,32.86,2026-01-23 17:03:00,19.060584,72.784787
V8579,Route-A,85.15,2026-01-25 02:40:00,28.776884,77.08879
V4996,Route-D,50.09,2026-01-20 13:04:00,13.178863,80.263056
V2229,Route-C,31.43,2026-01-24 08:28:00,28.789152,77.058705
V7228,Route-C,62.68,2026-01-23 12:12:00,28.668021,77.019231
V4301,Route-D,90.35,2026-01-20 02:31:00,13.064831,77.60181
V3452,Route-A,35.15,2026-01-26 17:54:00,19.115443,72.864261
V3921,Route-E,48.15,2026-01-24 14:02:00,13.081272,80.290102
V5365,Route-B,48.89,2026-01-21 10:59:00,17.317425,78.582169
V8158,Route-B,63.97,2026-01-23 11:37:00,28.62819,77.030948
V9240,Route-E,101.37,2026-01-26 00:54:00,17.37519,78.501085
V4802,Route-E,49.53,2026-01-21 18:26:00,19.093507,72.976563
V4840,Route-D,82.96,2026-01-22 04:44:00,12.977473,77.57082
V2747,Route-E,69.2,2026-01-23 21:52:00,19.110722,72.95422
V9235,Route-C,65.92,2026-01-21 21:28:00,17.380843,78.510138
V2938,Route-A,25.74,2026-01-20 18:38:00,17.364103,78.422278
V6786,Route-C,96.44,2026-01-26 01:46:00,17.314172,78.531829
V6210,Route-B,46.87,2026-01-24 11:03:00,18.984297,72.809797
V7249,Route-B,68.12,2026-01-21 11:23:00,28.715916,77.19101
V1145,Route-E,72.46,2026-01-23 04:07:00,17.435718,78.413946
V9289,Route-A,56.72,2026-01-20 01:08:00,13.117881,80.259053
V8690,Route-A,44.86,2026-01-25 08:19:00,13.080256,80.308121
V1821,Route-C,54.67,2026-01-24 12:50:00,28.702837,77.12221
V2500,Route-C,85.98,2026-01-25 04:11:00,19.037655,72.822852
V3180,Route-A,46.38,2026-01-24 19:07:00,28.671361,77.128069
V5185,Route-B,64.17,2026-01-25 16:29:00,12.998596,80.213473
V1133,Route-B,22.53,2026-01-26 09:34:00,13.15208,80.257443
V7456,Route-C,90.5,2026-01-24 01:14:00,17.373468,78.436662
V7579,Route-A,40.04,2026-01-20 17:13:00,17.481768,78.398808
V8521,Route-B,39.3,2026-01-22 07:52:00,17.440402,78.472027
V1375,Route-D,34.96,2026-01-23 17:52:00,28.745779,77.109207
V1159,Route-D,64.44,2026-01-27 00:43:00,13.070625,77.656308
V4808,Route-D,51.89,2026-01-24 21:49:00,12.923813,77.656171
V1627,Route-C,68.78,2026-01-20 00:10:00,19.1396,72.854704
V4934,Route-E,77.93,2026-01-26 12:31:00,13.079744,80.198145
V8142,Route-C,32.39,2026-01-23 18:58:00,13.139003,80.281834
V2258,Route-A,44.48,2026-01-23 14:26:00,19.171842,72.823296
V7303,Route-E,25.18,2026-01-20 20:40:00,12.985912,77.557295
V1653,Route-B,73.06,2026-01-21 23:38:00,28.735474,77.157667
V9163,Route-D,11.48,2026-01-24 10:27:00,13.139129,80.261434
V8959,Route-D,23.45,2026-01-23 08:41:00,19.123394,72.852037
V2436,Route-E,50.56,2026-01-22 21:01:00,13.162282,80.226406
V9012,Route-E,35.73,2026-01-25 12:50:00,19.105606,72.904937
V1837,Route-C,63.25,2026-01-24 05:48:00,17.326685,78.561309
V9957,Route-C,12.32,2026-01-26 09:35:00,28.720403,77.02306
V7926,Route-B,78.15,2026-01-21 23:51:00,28.66882,77.069928
V2771,Route-B,32.41,2026-01-22 18:04:00,13.164566,80.35327
V3937,Route-B,50.88,2026-01-24 12:24:00,17.366356,78.577342
V8082,Route-C,65.63,2026-01-25 14:42:00,19.076566,72.902955
V9859,Route-A,85.81,2026-01-23 22:08:00,19.102601,72.838225
V8577,Route-B,95.84,2026-01-20 00:48:00,13.100749,80.346576
V4477,Route-A,55.3,2026-01-25 15:16:00,12.99062,80.256369
V7808,Route-B,49.47,2026-01-20 17:41:00,13.148481,80.293444
V6187,Route-E,17.88,2026-01-26 07:26:00,28.652125,77.039868
V6166,Route-C,79.23,2026-01-23 16:05:00,19.10487,72.943842
V4855,Route-E,72.52,2026-01-23 03:15:00,28.756329,77.180378
V7299,Route-B,78.72,2026-01-26 16:51:00,13.014885,77.550847
V6324,Route-B,87.14,2026-01-24 23:26:00,17.433784,78.522081
V9856,Route-B,57.28,2026-01-23 05:35:00,12.877946,77.512087
V6258,Route-D,69.26,2026-01-22 15:26:00,12.984995,77.60762
V8581,Route-A,20.97,2026-01-25 09:27:00,12.87959,77.668367
V1595,Route-E,55.26,2026-01-26 19:00:00,13.084284,80.347849
V1776,Route-A,99.58,2026-01-26 22:35:00,13.007036,80.209133
V1887,Route-A,50.02,2026-01-25 21:25:00,19.088874,72.965208
V8746,Route-B,71.77,2026-01-25 23:52:00,19.096917,72.8186
V1850,Route-B,80.61,2026-01-20 12:29:00,13.029302,80.27426
V1256,Route-A,93.74,2026-01-24 06:29:00,13.126992,80.212794
V9284,Route-E,81.96,2026-01-24 04:23:00,17.359773,78.481519
V2197,Route-C,74.14,2026-01-20 23:15:00,19.023222,72.905663
V3491,Route-C,16.21,2026-01-24 20:12:00,13.043815,80.202088
V3065,Route-B,70.71,2026-01-20 05:29:00,19.081085,72.937143
V4853,Route-A,95.22,2026-01-21 03:18:00,13.095863,80.319995
V2534,Route-A,81.97,2026-01-23 12:09:00,17.448658,78.491006
V3883,Route-A,31.97,2026-01-26 09:11:00,13.164837,80.244289
V7342,Route-E,62.13,2026-01-26 21:28:00,17.375462,78.460687
V7981,Route-E,75.39,2026-01-21 11:24:00,17.415756,78.490831
V2448,Route-E,28.88,2026-01-22 20:29:00,19.100477,72.972318
V4176,Route-B,70.52,2026-01-23 00:18:00,28.782165,77.130223
V3248,Route-E,43.67,2026-01-26 12:02:00,13.061138,80.244746
V3828,Route-C,34.89,2026-01-23 19:31:00,17.364073,78.443637
V6228,Route-A,97.81,2026-01-24 03:48:00,12.958261,77.603822
V9848,Route-D,76.49,2026-01-20 23:52:00,13.081353,80.296007
V8181,Route-D,63.93,2026-01-26 00:34:00,13.172393,80.197977
V9611,Route-A,78.14,2026-01-21 23:22:00,13.076807,80.341126
V6648,Route-D,26.66,2026-01-23 17:12:00,12.89959,77.530369
V6478,Route-A,46.31,2026-01-22 14:52:00,13.030009,77.515701
V2479,Route-C,74.55,2026-01-25 12:16:00,28.649039,77.054437
V9862,Route-A,43.16,2026-01-20 07:06:00,13.180362,80.259516
V6992,Route-B,98.46,2026-01-26 06:36:00,17.457069,78.51806
V2469,Route-C,26.6,2026-01-22 17:02:00,13.028836,77.547762
V5272,Route-D,94.58,2026-01-22 01:38:00,17.34401,78.548249
V9886,Route-C,74.01,2026-01-21 00:01:00,12.895358,77.588144
V6397,Route-B,33.57,2026-01-25 07:48:00,13.174341,80.240272
V8246,Route-B,61.54,2026-01-26 14:20:00,19.028327,72.909936
V6567,Route-C,44.82,2026-01-24 13:35:00,19.014416,72.942208
V7349,Route-A,84.39,2026-01-22 22:37:00,13.090641,80.301393
V3421,Route-E,82.94,2026-01-25 16:08:00,13.002758,80.324215
V4395,Route-A,41.08,2026-01-26 07:21:00,12.971182,77.512186
V4967,Route-D,73.86,2026-01-20 11:06:00,28.746683,77.065625
V2261,Route-B,69.97,2026-01-24 01:09:00,28.77099,77.053234
V3530,Route-B,57.36,2026-01-25 23:32:00,19.124061,72.862704
V6605,Route-C,80.5,2026-01-23 03:45:00,13.017398,80.323975
V3895,Route-E,23.48,2026-01-22 08:45:00,13.132315,80.322958
V8993,Route-E,71.83,2026-01-23 11:39:00,17.440147,78.391078
V6767,Route-E,73.88,2026-01-25 15:19:00,13.181829,80.352628
V3617,Route-E,65.68,2026-01-25 15:44:00,28.72659,77.130516
V3053,Route-A,77.51,2026-01-22 22:32:00,12.878131,77.641223
V9068,Route-B,43.14,2026-01-25 09:14:00,13.067929,77.648982
V9224,Route-E,53.36,2026-01-26 21:45:00,17.288394,78.403712
V6316,Route-B,91.7,2026-01-21 05:26:00,28.778375,77.007148
V8550,Route-C,33.0,2026-01-23 09:41:00,13.043373,80.190463
V9905,Route-C,79.61,2026-01-21 00:39:00,19.014859,72.908939
V9579,Route-B,17.54,2026-01-24 17:19:00,17.307242,78.420388
V6671,Route-B,61.42,2026-01-23 05:16:00,13.047191,77.637424
V3201,Route-C,92.23,2026-01-22 03:01:00,17.297715,78.411616
V8101,Route-D,31.5,2026-01-20 18:49:00,19.012476,72.974261
V6826,Route-A,43.68,2026-01-23 17:04:00,19.105979,72.794842
V4368,Route-C,77.15,2026-01-26 04:28:00,13.017749,77.683525
V2808,Route-A,41.08,2026-01-23 12:41:00,28.777828,77.051623
V1495,Route-B,72.11,2026-01-25 05:01:00,13.179163,80.366088
V9106,Route-B,51.06,2026-01-22 13:56:00,28.712286,77.166574
V6168,Route-E,27.62,2026-01-25 18:30:00,28.803846,77.187117
V4838,Route-E,21.89,2026-01-24 17:45:00,28.746809,77.046273
V9087,Route-B,75.96,2026-01-24 00:22:00,12.909451,77.594923
V6652,Route-A,50.25,2026-01-23 19:58:00,17.323519,78.463698
V2602,Route-C,67.43,2026-01-23 22:22:00,13.074281,80.325311
V7888,Route-E,30.17,2026-01-21 09:15:00,17.471354,78.532482
V5220,Route-C,55.26,2026-01-22 14:24:00,28.699097,77.062719
V9872,Route-E,34.39,2026-01-20 18:25:00,28.701415,77.11549
V7026,Route-A,55.44,2026-01-26 07:41:00,12.975023,77.678007
V8320,Route-B,54.28,2026-01-22 11:40:00,19.085074,72.882982
V6488,Route-B,30.43,2026-01-20 19:09:00,19.078128,72.809116
V1063,Route-A,68.24,2026-01-20 13:56:00,17.406706,78.547838
V4037,Route-D,33.28,2026-01-26 17:51:00,12.887102,77.516765
V3185,Route-D,69.7,2026-01-25 23:53:00,28.767328,77.186561
V7601,Route-B,66.54,2026-01-23 15:49:00,12.947156,77.682985
V6645,Route-C,34.5,2026-01-24 08:15:00,13.051574,80.27661
V3201,Route-E,35.57,2026-01-26 18:40:00,19.15654,72.853636
V5936,Route-D,42.4,2026-01-22 16:09:00,13.063743,80.205117
V8917,Route-A,60.32,2026-01-26 12:31:00,28.651563,77.007383
V5045,Route-D,67.62,2026-01-25 00:04:00,28.651599,77.036628
V9457,Route-A,65.05,2026-01-20 05:19:00,19.032243,72.923804
V6246,Route-A,77.72,2026-01-23 00:34:00,28.751233,77.160542
V7787,Route-C,63.96,2026-01-26 04:26:00,13.039063,80.189331
V5324,Route-A,53.06,2026-01-25 19:32:00,28.741409,77.156531
V4600,Route-D,38.18,2026-01-25 17:37:00,13.140745,80.301224
V7172,Route-B,49.66,2026-01-22 12:56:00,13.064718,80.190308
V5466,Route-A,91.53,2026-01-21 01:12:00,19.066238,72.850531
V8792,Route-E,61.27,2026-01-22 13:02:00,19.153908,72.88521
V3041,Route-B,38.85,2026-01-26 08:08:00,17.348049,78.418581
V3177,Route-B,44.56,2026-01-24 11:12:00,17.314052,78.570725
V4533,Route-A,56.49,2026-01-26 21:35:00,13.172736,80.21309
V4145,Route-C,102.99,2026-01-25 00:01:00,19.019574,72.842907
V1044,Route-B,64.81,2026-01-22 05:25:00,17.362057,78.419082
V6751,Route-E,63.58,2026-01-24 21:21:00,28.732154,77.081612
V4172,Route-C,53.44,2026-01-25 11:34:00,13.109037,80.329073
V6027,Route-E,103.36,2026-01-23 00:51:00,28.768881,77.055261
V1830,Route-B,36.36,2026-01-23 17:03:00,13.026618,80.301933
V3896,Route-E,100.85,2026-01-20 01:43:00,12.938014,77.55324
V7908,Route-A,86.46,2026-01-22 01:20:00,19.057418,72.901127
V4751,Route-E,37.73,2026-01-21 07:53:00,17.403461,78.533282
V5447,Route-B,48.65,2026-01-22 20:51:00,12.996028,80.215025
V2552,Route-B,33.89,2026-01-20 19:38:00,13.010582,80.323588
V5728,Route-E,70.73,2026-01-22 01:56:00,19.030206,72.900345
V8884,Route-D,94.0,2026-01-21 00:39:00,19.059532,72.956948
V1678,Route-D,77.82,2026-01-21 00:04:00,13.130094,80.248515
V9691,Route-A,28.31,2026-01-22 07:35:00,28.801395,77.019667
V6913,Route-B,57.98,2026-01-24 08:28:00,19.116187,72.889871
V5495,Route-C,58.1,2026-01-21 21:54:00,12.962515,77.579569
V6170,Route-D,71.8,2026-01-24 00:58:00,19.015302,72.783068
V7338,Route-A,41.01,2026-01-24 21:31:00,13.181891,80.207488
V3688,Route-A,50.59,2026-01-22 15:33:00,12.909021,77.579797
V3103,Route-E,24.41,2026-01-21 18:09:00,12.972635,77.593746
V7480,Route-A,36.79,2026-01-25 08:30:00,17.359254,78.436039
V4033,Route-D,18.74,2026-01-22 08:11:00,28.715342,77.102613
V9542,Route-E,104.7,2026-01-20 22:14:00,19.109717,72.958927
V1833,Route-C,33.55,2026-01-24 08:10:00,28.609637,77.105188
V1825,Route-C,90.79,2026-01-23 01:38:00,13.164058,80.266773
V6082,Route-A,71.04,2026-01-23 00:39:00,19.048415,72.93932
V8410,Route-C,42.0,2026-01-20 10:29:00,28.691277,77.046007
V6335,Route-D,57.33,2026-01-23 22:08:00,19.035817,72.948926
V5477,Route-C,41.45,2026-01-24 16:56:00,13.149038,80.259845
V7381,Route-D,84.81,2026-01-25 01:43:00,28.660942,77.003149
V5906,Route-E,30.56,2026-01-24 08:22:00,13.090553,80.310546
V9089,Route-E,54.88,2026-01-21 11:36:00,17.319558,78.428888
V2686,Route-B,56.28,2026-01-20 05:24:00,17.367279,78.431498
V4788,Route-C,29.34,2026-01-24 20:27:00,12.897464,77.546682
V5544,Route-B,15.2,2026-01-26 08:29:00,28.704809,77.049934
V2866,Route-B,73.71,2026-01-24 13:56:00,19.06345,72.932627
V7709,Route-D,77.3,2026-01-22 11:36:00,13.160757,80.23544
V8719,Route-D,93.08,2026-01-25 02:51:00,12.872518,77.564183
V1836,Route-D,18.32,2026-01-23 17:25:00,17.328731,78.428551
V7868,Route-B,34.71,2026-01-26 10:11:00,17.315832,78.488068
V1008,Route-A,57.06,2026-01-23 21:31:00,13.112199,80.257042
V7711,Route-E,64.93,2026-01-25 23:47:00,28.774346,77.15232
V4708,Route-D,52.78,2026-01-25 15:17:00,13.062149,80.26428
V7107,Route-D,100.61,2026-01-22 04:44:00,19.057773,72.912562
V3916,Route-E,55.95,2026-01-22 16:34:00,17.402236,78.446313
V1602,Route-E,37.32,2026-01-25 07:18:00,12.881236,77.579595
V2260,Route-A,86.84,2026-01-22 23:30:00,28.803918,77.095708
V9450,Route-B,38.42,2026-01-21 08:10:00,12.904215,77.532487
V2902,Route-E,54.2,2026-01-22 13:49:00,28.669725,77.003127
V5481,Route-C,36.23,2026-01-20 20:44:00,13.096995,80.219526
V3868,Route-C,62.18,2026-01-25 04:13:00,18.978113,72.894926
V8581,Route-D,65.27,2026-01-21 15:21:00,28.770784,77.109422
V4500,Route-E,49.29,2026-01-22 15:07:00,12.974894,77.616444
V3373,Route-E,93.18,2026-01-21 00:32:00,28.713449,77.141192
V5520,Route-C,19.61,2026-01-25 20:50:00,13.003317,77.657952
V8854,Route-E,68.07,2026-01-26 22:28:00,19.16875,72.780164
V9794,Route-B,63.78,2026-01-21 02:24:00,12.90697,77.620812
V4873,Route-B,18.04,2026-01-20 18:17:00,19.000757,72.935638
V8985,Route-C,44.62,2026-01-23 11:07:00,17.346251,78.494739
V5379,Route-C,87.21,2026-01-21 22:40:00,12.966596,77.633869
V7058,Route-B,71.04,2026-01-23 23:06:00,17.294371,78.503687
V4699,Route-D,39.37,2026-01-22 10:59:00,12.952352,77.573676
V6433,Route-C,62.93,2026-01-22 21:28:00,17.441271,78.401372
V1198,Route-B,78.86,2026-01-20 11:01:00,12.955375,77.501406
V8673,Route-B,80.97,2026-01-23 16:49:00,28.668756,77.150915
V7588,Route-D,52.9,2026-01-24 19:15:00,13.099528,80.300493
V2265,Route-A,24.8,2026-01-23 20:15:00,17.306166,78.393593
V6151,Route-C,45.08,2026-01-21 18:21:00,13.127954,80.292082
V9702,Route-A,69.36,2026-01-26 14:09:00,19.005244,72.970791
V1762,Route-C,71.04,2026-01-26 16:30:00,28.632184,77.096068
V6978,Route-A,58.67,2026-01-25 14:52:00,17.339273,78.511296
V7032,Route-A,60.78,2026-01-26 11:00:00,19.061066,72.821528
V5124,Route-A,67.02,2026-01-25 12:52:00,13.056443,77.686574
V3699,Route-C,36.01,2026-01-26 08:22:00,13.038019,77.675399
V1065,Route-A,90.77,2026-01-25 03:12:00,19.04642,72.83153
V5464,Route-D,64.1,2026-01-24 06:54:00,13.157455,80.358926
V4195,Route-C,84.6,2026-01-22 13:27:00,13.050244,80.369163
V3157,Route-D,10.49,2026-01-23 07:13:00,17.393873,78.453938
V8267,Route-B,46.97,2026-01-26 11:42:00,13.027681,77.494755
V3744,Route-C,93.77,2026-01-23 22:15:00,12.992576,80.24577
V3896,Route-B,78.72,2026-01-21 12:23:00,12.951884,77.676785
V1496,Route-B,58.06,2026-01-20 23:38:00,17.435606,78.468298
V3525,Route-A,81.89,2026-01-24 04:05:00,28.644112,77.161127
V4723,Route-D,82.76,2026-01-26 14:04:00,13.051545,77.536926
V5738,Route-A,37.86,2026-01-22 08:24:00,28.681409,77.123137
V4037,Route-E,40.39,2026-01-25 18:53:00,12.948515,77.608488
V9175,Route-B,81.64,2026-01-20 16:01:00,17.423417,78.504332
V8723,Route-A,31.67,2026-01-21 18:32:00,13.107515,80.29158
V9259,Route-D,68.81,2026-01-20 22:50:00,19.162317,72.870419
V2355,Route-C,52.12,2026-01-21 08:48:00,28.688876,77.028912
V9260,Route-E,43.09,2026-01-25 17:44:00,28.695645,77.026348
V4326,Route-C,33.4,2026-01-24 17:57:00,12.990402,80.172315
V9071,Route-A,41.82,2026-01-20 14:51:00,13.045948,77.66406
V7198,Route-C,77.25,2026-01-22 04:40:00,12.957528,77.526617
V4429,Route-C,64.23,2026-01-21 00:18:00,13.044304,77.598547
V6986,Route-D,64.15,2026-01-26 02:24:00,28.742371,77.04979
V8432,Route-C,40.05,2026-01-21 19:00:00,13.00943,77.542764
V3954,Route-C,96.25,2026-01-23 06:49:00,17.359924,78.417532
V2994,Route-B,43.54,2026-01-22 09:16:00,12.911782,77.604736
V7528,Route-C,36.3,2026-01-21 08:28:00,19.029452,72.816312
V8805,Route-D,33.76,2026-01-26 19:05:00,18.999061,72.944289
V4499,Route-B,87.88,2026-01-26 22:50:00,19.077352,72.779807
V6498,Route-B,78.15,2026-01-23 16:51:00,13.061667,77.561227
V1484,Route-D,19.59,2026-01-26 20:16:00,19.084614,72.78768
V7161,Route-A,75.72,2026-01-26 21:55:00,28.616389,77.070425
V4275,Route-A,71.07,2026-01-23 22:05:00,28.608293,77.045002
V4456,Route-E,71.74,2026-01-21 16:18:00,13.069999,77.693879
V3445,Route-B,72.87,2026-01-26 11:08:00,17.338865,78.389221
V5545,Route-D,36.51,2026-01-24 07:19:00,17.460959,78.447144
V9251,Route-E,31.79,2026-01-20 19:52:00,13.023522,80.21193
V5343,Route-B,71.49,2026-01-26 15:27:00,12.987534,80.297484
V4896,Route-A,107.13,2026-01-24 01:51:00,13.021816,77.615498
V8093,Route-C,33.37,2026-01-21 19:21:00,13.172447,80.174027
V6266,Route-A,23.54,2026-01-25 09:05:00,13.001207,77.573239
V9596,Route-D,17.1,2026-01-22 08:42:00,13.060342,77.592064
V8932,Route-B,38.09,2026-01-26 10:08:00,12.898637,77.639626
V8591,Route-A,31.24,2026-01-26 09:34:00,19.149371,72.970761
V8753,Route-D,36.43,2026-01-22 17:25:00,13.107147,80.256832
V6993,Route-C,68.19,2026-01-23 14:52:00,28.713818,77.030128
V8820,Route-C,65.45,2026-01-23 05:55:00,13.035858,77.586602
V5538,Route-E,67.25,2026-01-26 03:08:00,19.153431,72.842399
V8229,Route-C,27.99,2026-01-24 07:33:00,19.109576,72.89795
V3026,Route-A,68.78,2026-01-24 22:20:00,13.004865,80.270341
V7500,Route-A,36.96,2026-01-26 11:06:00,13.062156,80.353572
V5631,Route-E,67.15,2026-01-26 02:36:00,17.347342,78.517819
V5126,Route-E,77.94,2026-01-22 14:51:00,19.096253,72.958439
V1805,Route-E,86.97,2026-01-20 04:12:00,12.92659,77.649845
V2076,Route-C,33.55,2026-01-22 21:54:00,19.054889,72.967534
V3404,Route-A,77.73,2026-01-21 13:19:00,13.075986,80.317046
V2318,Route-E,42.79,2026-01-21 21:39:00,19.141175,72.883247
V9047,Route-D,84.6,2026-01-22 02:12:00,19.080161,72.795206
V8577,Route-E,59.28,2026-01-21 03:57:00,13.079882,80.213868
V5285,Route-B,68.34,2026-01-24 01:14:00,28.669937,77.017637
V7524,Route-B,102.0,2026-01-22 06:07:00,13.007656,80.215008
V2609,Route-D,26.33,2026-01-25 20:21:00,17.41151,78.548837
V1800,Route-A,46.99,2026-01-23 08:38:00,19.050048,72.915427
V3129,Route-E,55.59,2026-01-21 13:29:00,13.121421,80.270803
V4658,Route-D,66.51,2026-01-22 16:14:00,17.380622,78.448118
V4366,Route-D,35.76,2026-01-25 08:09:00,12.987389,77.571059
V4800,Route-C,89.29,2026-01-20 23:33:00,28.718592,77.009616
V3975,Route-E,82.75,2026-01-24 22:09:00,19.125842,72.802279
V6487,Route-E,89.52,2026-01-25 00:03:00,17.308774,78.569073
V7306,Route-E,44.03,2026-01-26 20:48:00,17.33946,78.566617
V9658,Route-C,61.95,2026-01-23 01:48:00,12.923252,77.653421
V2955,Route-E,29.07,2026-01-25 07:18:00,13.033118,77.533896
V8500,Route-A,89.15,2026-01-25 06:59:00,17.298934,78.51521
V5674,Route-B,78.46,2026-01-23 22:15:00,17.418491,78.575978
V6172,Route-B,41.76,2026-01-26 16:45:00,12.941445,77.675208
V3017,Route-B,79.15,2026-01-20 03:38:00,13.043983,80.367594
V6944,Route-E,62.09,2026-01-20 14:22:00,19.126193,72.877434
V1412,Route-C,70.45,2026-01-21 00:15:00,13.068006,80.285085
V1155,Route-B,40.56,2026-01-20 19:42:00,13.041621,80.209194
V3188,Route-B,56.99,2026-01-22 14:32:00,12.959506,77.571943
V7432,Route-A,100.54,2026-01-25 02:04:00,28.659414,77.075984
V5692,Route-B,49.96,2026-01-22 21:53:00,28.756939,77.119645
V3208,Route-A,48.54,2026-01-20 11:48:00,13.023347,80.225661
V6505,Route-E,39.65,2026-01-20 11:46:00,19.01041,72.870753
V1803,Route-D,47.03,2026-01-21 07:37:00,28.660571,77.061854
V5705,Route-E,78.59,2026-01-24 01:45:00,13.005261,80.19259
V4765,Route-A,60.09,2026-01-25 01:32:00,13.10842,80.313193
V1498,Route-B,76.34,2026-01-26 05:28:00,12.97749,77.654602
V3491,Route-D,71.42,2026-01-23 06:44:00,19.015285,72.793123
V7435,Route-E,20.26,2026-01-25 07:18:00,28.769582,77.135247
V9035,Route-A,70.45,2026-01-25 01:42:00,13.062265,80.331736
V1819,Route-A,99.59,2026-01-21 23:24:00,12.993538,77.51114
V5166,Route-C,43.16,2026-01-22 20:26:00,19.12602,72.974483
V1341,Route-A,93.02,2026-01-20 01:57:00,17.454679,78.451299
V1569,Route-C,29.82,2026-01-24 20:35:00,13.125919,80.211131
V4958,Route-E,48.58,2026-01-22 16:14:00,12.938698,77.522296
V3430,Route-C,67.62,2026-01-22 23:54:00,28.728905,77.038017
V2340,Route-E,11.5,2026-01-22 19:50:00,17.418424,78.534813
V8963,Route-C,55.22,2026-01-21 18:14:00,13.060404,77.529751
V1337,Route-B,34.86,2026-01-21 10:27:00,28.633015,77.044844
V7359,Route-C,72.67,2026-01-23 00:25:00,13.15086,80.278799
V9420,Route-E,35.0,2026-01-22 17:32:00,28.661147,77.12045
V6889,Route-C,26.68,2026-01-25 19:49:00,28.734438,77.035573
V5120,Route-E,51.85,2026-01-25 19:46:00,13.034173,80.247862
V1124,Route-E,39.69,2026-01-20 09:28:00,13.048516,80.277541
V1950,Route-D,45.91,2026-01-22 17:46:00,17.29063,78.487278
V9481,Route-E,94.28,2026-01-25 01:26:00,28.7615,77.193464
V9826,Route-B,48.07,2026-01-24 21:12:00,28.697607,77.096868
V2492,Route-A,28.52,2026-01-25 09:23:00,19.01568,72.809108
V5315,Route-D,58.77,2026-01-24 14:37:00,18.990023,72.901651
V7883,Route-C,38.06,2026-01-22 08:16:00,17.404452,78.43181
V2709,Route-B,47.43,2026-01-23 11:35:00,19.024285,72.848587
V2147,Route-D,22.29,2026-01-26 09:11:00,19.162917,72.935314
V5795,Route-B,83.76,2026-01-24 05:09:00,17.45284,78.530455
V8644,Route-B,26.61,2026-01-25 09:27:00,12.970319,77.637057
V5828,Route-C,42.29,2026-01-26 13:08:00,13.016239,77.599482
V7463,Route-C,53.96,2026-01-20 11:04:00,13.007021,77.670341
V9659,Route-A,64.46,2026-01-22 22:30:00,17.346868,78.488475
V5850,Route-E,50.46,2026-01-20 09:42:00,17.323187,78.473047
V8923,Route-A,43.14,2026-01-24 17:50:00,13.098572,80.282925
V4403,Route-B,76.56,2026-01-23 04:30:00,13.003308,80.199479
V1243,Route-C,59.73,2026-01-20 00:57:00,28.605301,77.023569
V7478,Route-B,33.5,2026-01-23 16:21:00,19.109536,72.846852
V2189,Route-D,65.89,2026-01-20 03:55:00,12.990263,77.665644
V7483,Route-B,34.97,2026-01-20 18:56:00,13.142061,80.197084
V5360,Route-B,82.91,2026-01-23 23:24:00,17.467475,78.476326
V7192,Route-E,25.16,2026-01-25 18:58:00,28.698443,77.028018
V8056,Route-D,22.94,2026-01-26 19:44:00,17.38534,78.412377
V2797,Route-E,33.41,2026-01-21 12:42:00,13.021061,80.229678
V6597,Route-E,87.71,2026-01-22 03:15:00,28.653396,77.200477
V1349,Route-B,64.15,2026-01-24 00:51:00,12.922098,77.589056
V9425,Route-A,34.85,2026-01-23 19:45:00,28.76509,77.087933
V7369,Route-C,21.25,2026-01-26 20:28:00,12.995567,80.259281
V3274,Route-E,72.39,2026-01-21 21:45:00,28.631303,77.165533
V1828,Route-C,104.63,2026-01-24 03:35:00,19.150808,72.928187
V7041,Route-B,70.03,2026-01-20 00:31:00,17.40284,78.445696
V4112,Route-C,39.95,2026-01-23 20:36:00,12.919967,77.585527
V5810,Route-D,42.36,2026-01-26 07:51:00,12.963959,77.535898
V9625,Route-E,67.19,2026-01-24 15:35:00,13.021408,80.254211
V7232,Route-E,27.86,2026-01-24 20:03:00,17.455389,78.579005
V6171,Route-E,43.86,2026-01-24 12:13:00,13.115432,80.328716
V4881,Route-A,91.43,2026-01-20 22:55:00,13.06141,80.233906
V1138,Route-B,72.59,2026-01-23 04:52:00,13.060531,77.506456
V3496,Route-B,86.16,2026-01-24 23:18:00,13.045859,77.534815
V2109,Route-A,63.68,2026-01-26 12:23:00,17.302664,78.42087
V5974,Route-A,100.95,2026-01-27 00:10:00,17.378361,78.451469
V3007,Route-B,50.03,2026-01-21 11:56:00,28.628276,77.079722
V2746,Route-C,49.16,2026-01-26 16:22:00,17.43917,78.577606
V5455,Route-E,44.47,2026-01-25 10:09:00,17.305739,78.443651
V1467,Route-B,39.06,2026-01-22 18:57:00,28.706078,77.033331
V4876,Route-D,72.67,2026-01-23 03:26:00,12.956081,77.570141
V2527,Route-D,83.35,2026-01-25 16:24:00,28.71668,77.199515
V7579,Route-A,62.29,2026-01-22 11:40:00,19.017926,72.819298
V5794,Route-C,41.24,2026-01-25 10:27:00,17.349198,78.476019
V8744,Route-B,56.33,2026-01-20 15:58:00,19.108784,72.904244
V9093,Route-B,80.15,2026-01-25 23:56:00,17.373657,78.455149
V6004,Route-B,73.74,2026-01-20 22:20:00,19.145217,72.830586
V3137,Route-E,100.26,2026-01-24 05:42:00,17.360891,78.496273
V6929,Route-D,69.62,2026-01-25 04:47:00,12.926676,77.653642
V5290,Route-A,41.57,2026-01-26 07:31:00,28.68724,77.052335
V3298,Route-C,16.76,2026-01-25 08:37:00,19.143427,72.865399
V7069,Route-E,50.09,2026-01-24 15:55:00,12.988738,77.649246
V3508,Route-C,48.94,2026-01-20 17:44:00,12.999396,80.316582
V4074,Route-A,79.96,2026-01-25 04:31:00,17.34737,78.53988
V6781,Route-E,52.38,2026-01-21 16:55:00,19.07439,72.938473
V3175,Route-B,72.84,2026-01-21 05:26:00,28.679317,77.078879
V7859,Route-B,17.61,2026-01-23 08:17:00,28.791378,77.113468
V4221,Route-E,87.65,2026-01-23 00:09:00,13.053443,77.635704
V4024,Route-C,44.02,2026-01-26 16:58:00,19.056748,72.922244
V6724,Route-C,53.78,2026-01-25 09:07:00,28.640135,77.089537
V4578,Route-B,75.32,2026-01-23 14:06:00,13.174563,80.207768
V1008,Route-D,58.02,2026-01-25 00:23:00,13.001031,80.308571
V8726,Route-A,60.42,2026-01-21 11:01:00,28.62632,77.10718
V7531,Route-A,24.27,2026-01-21 08:11:00,17.293701,78.425244
V6889,Route-C,50.08,2026-01-24 07:25:00,28.669952,77.097865
V3705,Route-A,14.35,2026-01-23 08:41:00,12.923438,77.512108
V2929,Route-E,44.74,2026-01-23 20:37:00,13.00141,77.668391
V8851,Route-D,54.28,2026-01-22 21:10:00,13.173578,80.214593
V8659,Route-E,83.13,2026-01-22 22:25:00,28.655731,77.101885
V3735,Route-E,42.91,2026-01-24 09:07:00,12.917251,77.551496
V3359,Route-A,62.91,2026-01-23 15:04:00,13.176353,80.254052
V3933,Route-B,88.59,2026-01-25 04:53:00,13.165143,80.264193
V7877,Route-E,62.44,2026-01-23 13:11:00,13.069908,80.349465
V3455,Route-A,80.63,2026-01-22 23:07:00,13.011096,80.274869
V4619,Route-D,21.63,2026-01-20 18:35:00,13.140556,80.36683
V1374,Route-C,83.77,2026-01-22 02:31:00,19.13095,72.793699
V7822,Route-D,22.9,2026-01-26 10:35:00,19.028942,72.834506
V5117,Route-C,48.78,2026-01-25 07:52:00,19.091997,72.97634
V1354,Route-D,67.21,2026-01-20 00:09:00,13.130611,80.239812
V4945,Route-C,64.49,2026-01-25 21:36:00,19.000471,72.887869
V4876,Route-D,48.97,2026-01-26 12:56:00,17.366592,78.570074
V5966,Route-C,44.39,2026-01-23 20:13:00,12.994783,77.591208
V4496,Route-E,45.0,2026-01-26 21:35:00,13.115353,80.291496
V7970,Route-C,40.64,2026-01-20 15:16:00,12.929136,77.582221
V8725,Route-C,60.85,2026-01-22 15:52:00,12.928217,77.514022
V3292,Route-D,79.0,2026-01-26 01:31:00,13.038641,77.511575
V8414,Route-D,79.01,2026-01-26 04:00:00,17.297138,78.558567
V5934,Route-C,87.05,2026-01-21 06:56:00,12.975619,77.604172
V6092,Route-E,104.27,2026-01-21 22:20:00,28.61411,77.0787
V4005,Route-D,40.15,2026-01-21 19:46:00,17.425695,78.390791
V3361,Route-A,52.17,2026-01-20 18:29:00,13.046196,77.534031
V1080,Route-E,67.35,2026-01-26 03:33:00,12.925694,77.580103
V3568,Route-E,69.97,2026-01-22 01:56:00,17.330106,78.475203
V9422,Route-E,72.97,2026-01-25 06:29:00,12.976976,77.647014
V3771,Route-A,58.69,2026-01-20 13:16:00,19.122249,72.795253
V4833,Route-E,64.76,2026-01-24 11:51:00,28.62888,77.032605
V4812,Route-B,74.58,2026-01-23 23:59:00,17.31113,78.569236
V7014,Route-D,40.19,2026-01-24 10:48:00,28.687067,77.029079
V9117,Route-C,60.0,2026-01-24 14:40:00,19.175164,72.784609
V9838,Route-E,35.7,2026-01-24 17:02:00,17.369515,78.511593
V1985,Route-D,92.44,2026-01-20 04:32:00,17.439053,78.403004
V5596,Route-C,67.31,2026-01-23 23:09:00,17.289266,78.463135
V7992,Route-C,43.24,2026-01-21 14:54:00,28.633998,77.137325
V8322,Route-B,96.87,2026-01-24 22:08:00,13.020115,77.633896
V3917,Route-D,80.06,2026-01-23 02:01:00,28.652691,77.093397
V4810,Route-E,47.96,2026-01-24 20:28:00,19.152326,72.865185
V9674,Route-A,89.58,2026-01-24 04:10:00,12.919938,77.659732
V1010,Route-C,52.03,2026-01-24 16:54:00,19.149071,72.825801
V1514,Route-B,44.67,2026-01-25 20:58:00,13.077825,80.220825
V8798,Route-C,94.17,2026-01-25 05:56:00,13.053866,80.319361
V2433,Route-B,83.55,2026-01-26 22:20:00,13.057718,80.248752
V5968,Route-C,79.67,2026-01-21 00:08:00,12.997616,80.252151
V6242,Route-E,42.03,2026-01-24 17:12:00,17.359092,78.463264
V9485,Route-C,62.71,2026-01-24 13:07:00,19.10306,72.859384
V7331,Route-B,80.45,2026-01-23 23:45:00,13.121673,80.233884
V1172,Route-C,82.61,2026-01-20 15:30:00,28.717262,77.150609
V2754,Route-A,71.74,2026-01-22 14:44:00,13.068639,80.172732
V1199,Route-A,23.8,2026-01-21 07:45:00,28.662886,77.126837
V6479,Route-E,69.23,2026-01-24 06:45:00,13.062194,77.515533
V2982,Route-A,43.86,2026-01-26 19:21:00,13.011958,80.365513
V3412,Route-E,24.11,2026-01-20 18:22:00,28.727631,77.115555
V2531,Route-A,56.9,2026-01-23 13:51:00,28.678224,77.19964
V5352,Route-D,53.08,2026-01-24 14:11:00,19.130457,72.89809
V1777,Route-A,51.78,2026-01-25 14:25:00,28.606278,77.125114
V9484,Route-D,39.77,2026-01-25 07:31:00,28.650036,77.200271
V8637,Route-B,40.92,2026-01-23 18:19:00,13.0299,80.282374
V7814,Route-E,85.94,2026-01-23 06:29:00,28.763582,77.116019
V7964,Route-B,63.6,2026-01-21 00:54:00,12.939206,77.596373
V3142,Route-B,82.74,2026-01-20 14:56:00,28.747434,77.147342
V5950,Route-C,47.75,2026-01-26 15:20:00,12.92545,77.501946
V3961,Route-E,64.91,2026-01-22 12:21:00,17.392223,78.544879
V4722,Route-D,59.58,2026-01-22 11:20:00,28.669999,77.14799
V2292,Route-E,50.62,2026-01-21 09:49:00,17.389536,78.585684
V4845,Route-D,31.68,2026-01-23 07:48:00,13.035496,80.326559
V2680,Route-A,63.77,2026-01-26 02:18:00,17.366029,78.52345
V1340,Route-C,38.5,2026-01-20 08:54:00,19.133794,72.897464
V5428,Route-B,23.72,2026-01-26 09:31:00,17.441221,78.496585
V9625,Route-B,39.55,2026-01-25 18:13:00,13.005319,77.653228
V6483,Route-A,103.9,2026-01-21 00:10:00,28.685565,77.08978
V8881,Route-D,28.9,2026-01-20 18:53:00,18.997228,72.971081
V9096,Route-A,56.26,2026-01-20 15:21:00,13.138077,80.30213
V3802,Route-A,22.79,2026-01-26 08:01:00,19.127738,72.871407
V7472,Route-D,85.29,2026-01-23 01:14:00,17.443137,78.549785
V6626,Route-D,73.01,2026-01-25 00:35:00,28.729504,77.087128
V6109,Route-E,62.46,2026-01-23 13:15:00,28.662067,77.13079
V1254,Route-A,24.55,2026-01-21 08:28:00,17.38281,78.532322
V7882,Route-C,63.06,2026-01-26 11:50:00,19.164672,72.818936
V1916,Route-C,51.91,2026-01-26 12:18:00,28.795242,77.102991
V9997,Route-A,96.28,2026-01-21 03:54:00,12.904458,77.62719
V3913,Route-A,96.98,2026-01-21 05:03:00,17.432504,78.555701
V3860,Route-A,31.11,2026-01-20 17:08:00,12.942847,77.621163
V9224,Route-E,23.27,2026-01-24 19:54:00,13.011627,80.365902
V9356,Route-C,82.97,2026-01-25 02:59:00,13.087945,80.267468
V7855,Route-B,38.66,2026-01-20 18:06:00,17.301871,78.583398
V9375,Route-C,81.5,2026-01-24 01:23:00,28.736637,77.184264
V6175,Route-D,66.68,2026-01-20 14:21:00,28.801608,77.058403
V6593,Route-E,72.77,2026-01-21 23:23:00,28.621099,77.011035
V1062,Route-C,101.22,2026-01-23 01:13:00,17.370335,78.400848
V1400,Route-A,32.2,2026-01-26 08:52:00,13.161976,80.198069
V7735,Route-B,59.05,2026-01-23 09:55:00,12.974444,77.662309
V5119,Route-A,75.83,2026-01-23 11:18:00,13.100502,80.329194
V1611,Route-A,65.43,2026-01-25 00:59:00,17.397709,78.534799
V2036,Route-B,38.09,2026-01-26 09:54:00,13.025355,80.361812
V6942,Route-E,71.52,2026-01-26 00:22:00,19.162048,72.857387
V4263,Route-D,47.72,2026-01-24 17:56:00,17.427006,78.477122
V5438,Route-D,69.56,2026-01-21 00:51:00,19.063509,72.968516
V3068,Route-C,103.17,2026-01-21 02:08:00,17.420778,78.557602
V4348,Route-B,23.19,2026-01-24 07:45:00,17.368325,78.525825
V1250,Route-D,101.07,2026-01-21 05:15:00,17.435662,78.429407
V9693,Route-A,50.67,2026-01-24 08:35:00,17.388605,78.584402
V8394,Route-E,101.64,2026-01-21 05:28:00,13.175365,80.342871
V2436,Route-B,81.59,2026-01-22 04:49:00,13.144553,80.326062
V1473,Route-B,70.04,2026-01-26 11:57:00,28.64869,77.156808
V6116,Route-D,63.15,2026-01-24 21:18:00,17.309518,78.55568
V8888,Route-B,77.31,2026-01-25 11:39:00,17.311564,78.469539
V5996,Route-A,59.38,2026-01-26 06:08:00,17.363617,78.505423
V4379,Route-B,25.13,2026-01-21 08:41:00,19.066176,72.942534
V9045,Route-B,50.79,2026-01-21 12:14:00,28.766593,77.06541
V9306,Route-E,85.3,2026-01-21 06:00:00,28.736993,77.136151
V6549,Route-E,67.05,2026-01-24 13:50:00,19.112242,72.843791
V3680,Route-D,37.38,2026-01-24 10:02:00,19.103172,72.779388
V7589,Route-D,32.12,2026-01-24 07:01:00,12.961525,77.497702
V3739,Route-E,100.11,2026-01-25 00:15:00,28.772909,77.073075
V2945,Route-C,28.51,2026-01-25 10:16:00,19.151295,72.917649
V9310,Route-B,42.06,2026-01-22 09:02:00,19.119792,72.962286
V9953,Route-A,36.12,2026-01-21 11:15:00,19.011626,72.908072
V8946,Route-D,24.38,2026-01-25 20:44:00,13.036781,77.575905
V1264,Route-E,29.45,2026-01-24 08:15:00,17.401755,78.449227
V8789,Route-A,32.02,2026-01-22 09:03:00,13.020315,80.326774
V4488,Route-C,43.47,2026-01-25 08:14:00,28.687206,77.17239
V2460,Route-D,20.43,2026-01-24 07:04:00,13.043467,77.650336
V1265,Route-B,32.21,2026-01-24 17:49:00,12.972466,77.554725
V8917,Route-D,93.7,2026-01-26 00:32:00,28.730698,77.06501
V7014,Route-C,66.88,2026-01-20 15:44:00,17.393609,78.55192
V9049,Route-A,61.0,2026-01-23 14:32:00,13.14267,80.254875
V2616,Route-A,12.71,2026-01-26 17:45:00,19.1308,72.852441
V8817,Route-E,27.98,2026-01-23 19:24:00,13.092895,80.239403
V2723,Route-B,54.01,2026-01-23 15:22:00,12.99884,80.272839
V4147,Route-D,84.32,2026-01-22 06:56:00,17.460325,78.550275
V7643,Route-E,28.31,2026-01-20 09:30:00,12.975857,77.678182
V7772,Route-E,88.03,2026-01-21 01:44:00,13.178521,80.354579
V7203,Route-A,58.13,2026-01-25 20:47:00,13.121009,80.20357
V9436,Route-B,53.84,2026-01-21 11:21:00,19.108205,72.783741
V6997,Route-D,29.02,2026-01-26 17:35:00,19.015031,72.968906
V4463,Route-D,91.17,2026-01-20 22:49:00,13.105081,80.312038
V9414,Route-D,24.35,2026-01-22 08:06:00,13.051011,80.305547
V9709,Route-A,88.71,2026-01-21 23:45:00,17.36633,78.412524
V4198,Route-E,19.66,2026-01-20 19:25:00,12.983646,77.663403
V1599,Route-A,103.29,2026-01-24 05:46:00,17.384882,78.387832
V8709,Route-C,29.3,2026-01-23 20:23:00,17.399683,78.555085
V7638,Route-E,45.31,2026-01-24 20:31:00,12.91685,77.614706
V2470,Route-A,77.78,2026-01-23 11:06:00,19.165004,72.778614
V4851,Route-E,68.81,2026-01-26 16:13:00,19.053317,72.809574
V6680,Route-D,72.51,2026-01-25 06:09:00,19.039217,72.901063
V5281,Route-C,67.39,2026-01-25 06:07:00,13.044068,80.327559
V2389,Route-E,42.77,2026-01-25 17:28:00,28.66388,77.009523
V5009,Route-D,46.94,2026-01-21 12:53:00,13.101919,80.209612
V3481,Route-E,40.13,2026-01-22 19:10:00,12.98515,77.54849
V9481,Route-A,70.76,2026-01-25 00:22:00,19.16838,72.97733
V9497,Route-A,89.71,2026-01-24 00:29:00,17.414774,78.578572
V7681,Route-D,21.65,2026-01-26 09:47:00,19.078229,72.945404
V9846,Route-C,65.06,2026-01-25 04:05:00,28.707828,77.155202
V3005,Route-D,68.26,2026-01-21 11:57:00,19.163021,72.96901
V1801,Route-C,97.56,2026-01-25 05:17:00,28.79784,77.166954
V3168,Route-A,57.83,2026-01-23 01:10:00,28.745555,77.183937
V7956,Route-D,20.22,2026-01-25 19:01:00,17.425635,78.388014
V6907,Route-D,64.73,2026-01-23 21:13:00,17.482551,78.437055
V4299,Route-E,44.65,2026-01-26 10:34:00,28.706311,77.151564
V3409,Route-E,57.76,2026-01-26 12:10:00,17.39795,78.490887
V7437,Route-C,75.08,2026-01-25 03:21:00,17.332593,78.508699
V5995,Route-A,92.88,2026-01-26 02:28:00,13.116742,80.179926
V2517,Route-A,86.61,2026-01-25 05:31:00,17.375822,78.539184
V4881,Route-D,39.65,2026-01-23 09:55:00,12.937226,77.498682
V6089,Route-C,74.5,2026-01-21 23:15:00,17.320803,78.518709
V1270,Route-B,87.35,2026-01-20 23:09:00,28.674037,77.02875
V9757,Route-D,65.07,2026-01-25 06:17:00,13.091474,80.315919
V3493,Route-C,18.61,2026-01-26 08:48:00,12.897561,77.634012
V8556,Route-D,54.29,2026-01-25 15:15:00,13.007636,80.261822
V4937,Route-B,30.47,2026-01-26 12:48:00,19.064464,72.9063
V5003,Route-C,33.99,2026-01-23 10:11:00,19.052165,72.839192
V1721,Route-C,75.39,2026-01-20 06:45:00,17.327033,78.48459
V1300,Route-B,35.06,2026-01-26 07:05:00,28.61263,77.076794
V9376,Route-D,28.47,2026-01-22 09:00:00,13.102351,80.204251
V7480,Route-A,42.69,2026-01-25 11:34:00,12.932874,77.668758
V6398,Route-E,74.55,2026-01-24 16:54:00,28.700742,77.020688
V2629,Route-C,52.55,2026-01-20 18:59:00,17.358334,78.582703
V5548,Route-B,87.05,2026-01-23 06:12:00,19.030556,72.960643
V5629,Route-B,60.92,2026-01-21 22:22:00,28.718799,77.032211
V2970,Route-C,49.57,2026-01-20 09:43:00,28.737385,77.011196
V3092,Route-B,34.32,2026-01-25 18:58:00,12.957125,77.551485
V6566,Route-A,38.95,2026-01-26 17:51:00,28.697581,77.043288
V9251,Route-B,87.67,2026-01-26 00:40:00,17.434018,78.543806
V3125,Route-D,34.83,2026-01-26 18:18:00,28.605727,77.18627
V1813,Route-C,71.34,2026-01-21 03:04:00,19.128605,72.898327
V8566,Route-C,36.4,2026-01-24 07:59:00,19.108724,72.886305
V5010,Route-B,61.73,2026-01-24 14:44:00,12.93665,77.601717
V9261,Route-D,46.72,2026-01-24 12:01:00,13.024198,80.261369
V5283,Route-E,41.69,2026-01-23 09:45:00,19.092622,72.879333
V4599,Route-A,77.3,2026-01-26 13:26:00,12.901111,77.525799
V2651,Route-A,65.84,2026-01-22 01:01:00,19.007931,72.906921
V3098,Route-D,20.99,2026-01-26 09:12:00,19.077858,72.921975
V8276,Route-B,37.35,2026-01-25 20:02:00,17.393199,78.497679
V5501,Route-A,52.52,2026-01-26 03:59:00,13.007016,80.207798
V4743,Route-C,87.14,2026-01-20 22:46:00,17.479621,78.473455
V2643,Route-B,46.67,2026-01-25 21:25:00,28.674466,77.069932
V3488,Route-E,11.08,2026-01-25 20:49:00,17.46908,78.396536
V3869,Route-D,51.83,2026-01-20 14:55:00,12.986275,80.254287
V4050,Route-D,43.31,2026-01-20 12:51:00,28.65378,77.009297
V9901,Route-D,100.93,2026-01-20 04:22:00,12.985606,80.344865
V5829,Route-A,71.12,2026-01-23 23:17:00,19.095875,72.819982
V8006,Route-E,44.72,2026-01-25 13:52:00,12.994042,77.607369
V9490,Route-E,80.53,2026-01-20 04:44:00,13.028763,80.301281
V6158,Route-D,59.22,2026-01-25 21:15:00,17.323887,78.51089
V4105,Route-E,86.64,2026-01-26 06:14:00,17.430308,78.40983
V4276,Route-D,24.16,2026-01-23 07:37:00,28.659483,77.15575
V7493,Route-B,72.79,2026-01-22 23:21:00,28.626123,77.170906
V9889,Route-A,48.01,2026-01-25 20:38:00,13.099637,80.219775
V2323,Route-E,95.83,2026-01-24 22:13:00,13.150193,80.214144
V2562,Route-B,28.66,2026-01-22 07:16:00,17.484288,78.498428
V9091,Route-B,22.81,2026-01-20 08:54:00,19.102338,72.79772
V9843,Route-C,42.94,2026-01-22 15:08:00,17.393764,78.417797
V8816,Route-E,79.52,2026-01-24 03:34:00,13.134699,80.272019
V8100,Route-D,55.34,2026-01-25 11:18:00,12.875234,77.546936
V9282,Route-E,56.55,2026-01-21 12:21:00,12.890969,77.539504
V9935,Route-E,40.62,2026-01-22 19:08:00,17.393451,78.584352
V9450,Route-D,46.6,2026-01-24 07:14:00,19.059615,72.791885
V2258,Route-D,72.94,2026-01-26 15:10:00,17.308665,78.522413
V2164,Route-E,86.64,2026-01-26 23:22:00,28.728732,77.133139
V1369,Route-A,60.7,2026-01-26 11:08:00,13.113456,80.293778
V3516,Route-D,64.91,2026-01-23 21:33:00,28.746451,77.022372
V5625,Route-D,68.87,2026-01-25 00:04:00,13.151121,80.197166
V6686,Route-D,57.68,2026-01-22 00:26:00,17.468015,78.408241
V8161,Route-C,65.67,2026-01-25 04:56:00,13.059054,77.571979
V5419,Route-B,84.7,2026-01-21 04:39:00,13.040703,80.201839
V6311,Route-D,48.83,2026-01-23 15:34:00,17.327474,78.478666
V6232,Route-B,105.78,2026-01-23 00:25:00,19.122229,72.870091
V9303,Route-A,51.1,2026-01-24 18:35:00,12.899033,77.65165
V2986,Route-D,48.68,2026-01-23 11:53:00,17.299899,78.550728
V8371,Route-A,32.35,2026-01-20 18:33:00,12.986171,80.214537
V7344,Route-E,43.61,2026-01-22 20:39:00,28.712854,77.197433
V7806,Route-D,32.48,2026-01-20 21:53:00,12.872393,77.564637
V6745,Route-D,42.54,2026-01-26 11:39:00,13.15308,80.268055
V5513,Route-B,60.47,2026-01-26 02:54:00,28.625102,77.175689
V6005,Route-C,44.26,2026-01-22 14:48:00,19.060372,72.871671
V4822,Route-B,80.33,2026-01-21 03:53:00,28.788764,77.158586
V8369,Route-C,46.03,2026-01-25 08:06:00,13.035737,80.369223
V8856,Route-C,98.54,2026-01-25 02:31:00,18.992509,72.942731
V4346,Route-D,66.34,2026-01-24 06:19:00,13.130474,80.173902
V4037,Route-B,72.76,2026-01-23 15:52:00,19.000924,72.804017
V4993,Route-D,80.53,2026-01-20 04:56:00,28.687575,77.160031
V4304,Route-C,56.43,2026-01-21 10:10:00,28.629834,77.104823
V8464,Route-B,74.67,2026-01-23 02:54:00,28.639347,77.134085
V2027,Route-C,30.58,2026-01-23 10:25:00,12.938912,77.678846
V7110,Route-A,80.29,2026-01-26 02:13:00,28.682906,77.122309
V5801,Route-E,105.53,2026-01-26 00:12:00,13.040679,77.62132
V1413,Route-B,30.36,2026-01-20 20:09:00,13.17038,80.251099
V7100,Route-C,65.47,2026-01-24 16:32:00,12.966323,77.564414
V1817,Route-C,69.31,2026-01-23 23:23:00,28.619254,77.078874
V8814,Route-A,77.86,2026-01-24 00:36:00,13.014925,77.576477
V4357,Route-D,29.24,2026-01-25 08:59:00,28.642538,77.016434
V6108,Route-B,83.09,2026-01-25 03:12:00,13.116012,80.276949
V5337,Route-B,73.12,2026-01-20 13:26:00,13.06809,80.204553
V3198,Route-C,69.26,2026-01-26 00:52:00,17.345072,78.547663
V1661,Route-C,28.99,2026-01-24 18:23:00,13.051868,80.236057
V5914,Route-A,100.73,2026-01-23 03:49:00,28.644861,77.17476
V8892,Route-E,78.7,2026-01-20 03:54:00,19.153024,72.855389
V5857,Route-B,61.84,2026-01-21 12:24:00,12.893958,77.692217
V9444,Route-B,86.29,2026-01-24 00:30:00,28.605388,77.175105
V8916,Route-B,66.14,2026-01-21 02:32:00,28.637907,77.170637
V5294,Route-C,58.51,2026-01-22 00:14:00,12.983575,80.322325
V9316,Route-D,57.85,2026-01-23 21:32:00,17.364117,78.478148
V1355,Route-A,58.79,2026-01-23 23:28:00,17.383855,78.469536
V7438,Route-A,99.14,2026-01-25 00:52:00,19.142832,72.810934
V9043,Route-E,44.39,2026-01-22 11:48:00,28.655641,77.201779
V8608,Route-E,26.46,2026-01-24 09:22:00,19.053164,72.796285
V4072,Route-D,62.61,2026-01-20 05:20:00,17.347502,78.434744
V5206,Route-C,44.83,2026-01-22 11:31:00,13.012742,77.634382
V8733,Route-C,37.43,2026-01-24 18:49:00,19.152931,72.921097
V6900,Route-E,32.0,2026-01-22 20:08:00,12.940742,77.648322
V8094,Route-A,65.48,2026-01-23 06:03:00,12.965689,77.667762
V8231,Route-B,59.91,2026-01-23 21:01:00,28.63285,77.11529
V9508,Route-E,33.48,2026-01-22 19:44:00,13.016426,77.539156
V4784,Route-A,72.17,2026-01-21 05:21:00,13.055432,77.499911
V9979,Route-E,52.81,2026-01-24 17:33:00,28.654284,77.179552
V9719,Route-A,94.95,2026-01-25 04:25:00,13.028877,77.567983
V9125,Route-B,72.23,2026-01-25 15:14:00,13.173605,80.315066
V5358,Route-A,61.38,2026-01-20 12:37:00,28.71969,77.076212
V6976,Route-A,83.0,2026-01-20 16:43:00,13.065818,77.604581
V7255,Route-B,50.91,2026-01-24 14:02:00,12.987642,80.359104
V3155,Route-E,37.31,2026-01-26 10:28:00,28.64936,77.122834
V3342,Route-B,34.86,2026-01-25 18:42:00,17.431882,78.423108
V2523,Route-C,16.03,2026-01-22 07:45:00,17.290728,78.583775
V7904,Route-A,98.25,2026-01-22 01:48:00,12.885122,77.666306
V3940,Route-D,95.81,2026-01-26 03:29:00,17.402367,78.399619
V2105,Route-B,92.54,2026-01-21 02:33:00,12.991208,77.670974
V2531,Route-B,38.88,2026-01-22 18:12:00,13.060445,77.606724
V8571,Route-D,12.02,2026-01-23 18:28:00,13.067837,80.236414
V8646,Route-D,67.35,2026-01-22 23:04:00,28.709807,77.139013
V6318,Route-A,88.66,2026-01-25 03:02:00,13.082218,80.238391
V2553,Route-D,77.26,2026-01-25 05:32:00,12.917532,77.632874
V1038,Route-E,20.85,2026-01-25 17:26:00,13.038569,80.245636
V2104,Route-E,25.06,2026-01-25 09:05:00,19.001984,72.915975
V3109,Route-D,15.95,2026-01-22 07:17:00,28.612184,77.115177
V8888,Route-A,71.35,2026-01-21 14:39:00,19.048109,72.83724
V7272,Route-C,30.52,2026-01-24 10:41:00,12.97407,77.643406
V2758,Route-E,87.8,2026-01-27 00:22:00,12.979479,77.650384
V3530,Route-C,41.07,2026-01-24 16:57:00,12.989925,77.573447
V3986,Route-A,39.78,2026-01-26 19:37:00,13.0548,77.644209
V7525,Route-B,94.28,2026-01-26 00:10:00,12.964489,77.568879
V3338,Route-E,69.61,2026-01-26 05:42:00,12.906753,77.579131
V7322,Route-E,72.97,2026-01-26 16:10:00,13.178152,80.304319
V8825,Route-A,49.03,2026-01-26 12:01:00,17.414116,78.572426
V7595,Route-B,90.04,2026-01-24 02:17:00,13.175268,80.307788
V8931,Route-C,17.99,2026-01-21 10:59:00,17.477869,78.541947
V7948,Route-B,76.06,2026-01-24 14:01:00,19.054618,72.814336
V6317,Route-B,61.29,2026-01-25 01:37:00,12.963906,77.663529
V1319,Route-A,63.9,2026-01-26 11:28:00,19.083041,72.804144
V2993,Route-C,36.81,2026-01-25 09:36:00,28.747403,77.107521
V1767,Route-E,99.85,2026-01-22 23:06:00,13.061454,80.231874
V1958,Route-B,97.22,2026-01-20 22:07:00,28.74064,77.142423
V2651,Route-C,77.99,2026-01-25 02:00:00,28.645328,77.071269
V6444,Route-D,55.0,2026-01-23 22:47:00,28.652216,77.112506
V5823,Route-D,71.83,2026-01-22 01:43:00,19.042286,72.961393
V3511,Route-C,72.89,2026-01-24 01:21:00,12.920193,77.538385
V7396,Route-C,59.68,2026-01-24 16:32:00,12.957955,77.499377
V8848,Route-D,61.93,2026-01-26 01:40:00,28.754029,77.190455
V2806,Route-D,88.02,2026-01-20 06:23:00,13.030349,77.604562
V1314,Route-E,76.77,2026-01-21 16:39:00,17.392715,78.538952
V9938,Route-D,67.0,2026-01-24 22:18:00,12.89688,77.53898
V3171,Route-B,99.72,2026-01-25 05:40:00,17.297856,78.523892
V8476,Route-A,61.91,2026-01-21 00:58:00,28.614427,77.119145
V8912,Route-E,36.8,2026-01-21 13:45:00,17.445681,78.387007
V6950,Route-D,41.2,2026-01-25 07:27:00,12.908994,77.580537
V3153,Route-D,103.62,2026-01-21 22:40:00,19.078028,72.89837
V7440,Route-A,72.41,2026-01-25 15:13:00,19.169961,72.933406
V9063,Route-D,83.61,2026-01-25 00:14:00,19.163038,72.969698
V4540,Route-E,44.29,2026-01-26 09:48:00,18.982158,72.77782
V5035,Route-B,21.02,2026-01-21 20:20:00,19.142371,72.925934
V2210,Route-B,67.51,2026-01-21 01:32:00,28.761348,77.122738
V3522,Route-D,61.48,2026-01-20 05:49:00,28.614806,77.110571
V3525,Route-A,79.52,2026-01-26 21:52:00,13.045613,77.532282
V2101,Route-D,92.91,2026-01-21 06:38:00,28.643031,77.094809
V7609,Route-A,79.45,2026-01-23 00:59:00,17.322973,78.488424
V3436,Route-C,74.82,2026-01-22 13:33:00,12.957359,77.581564
V3655,Route-B,60.44,2026-01-21 16:21:00,28.710878,77.184336
V5763,Route-B,68.23,2026-01-21 04:22:00,28.608684,77.107952
V7545,Route-D,95.85,2026-01-26 00:09:00,28.702227,77.036997
V7329,Route-D,31.32,2026-01-22 19:04:00,12.939842,77.579855
V3724,Route-B,67.37,2026-01-25 11:54:00,19.051387,72.870129
V1029,Route-A,30.78,2026-01-22 10:44:00,17.360646,78.435627
V9969,Route-D,91.71,2026-01-27 00:05:00,12.957816,77.529737
V9227,Route-C,58.34,2026-01-24 23:45:00,28.667797,77.175525
V3965,Route-E,76.2,2026-01-21 16:17:00,19.166725,72.883542
V3725,Route-B,78.25,2026-01-22 05:58:00,28.764006,77.149085
V5549,Route-A,82.74,2026-01-25 06:12:00,13.093029,80.200061
V3282,Route-E,35.84,2026-01-24 14:50:00,17.309528,78.559469
V8316,Route-E,63.26,2026-01-20 16:43:00,17.359707,78.584014
V9906,Route-B,81.63,2026-01-21 02:47:00,17.366019,78.516016
V4476,Route-E,61.6,2026-01-20 16:56:00,13.113769,80.303747
V5065,Route-C,84.0,2026-01-23 02:46:00,19.066692,72.928445
V5098,Route-D,34.08,2026-01-24 17:45:00,19.021297,72.847327
V9149,Route-D,80.57,2026-01-26 22:30:00,13.027505,80.243403
V4910,Route-B,62.61,2026-01-21 11:39:00,18.991878,72.793631
V1767,Route-C,32.9,2026-01-26 14:53:00,18.980906,72.79201
V4562,Route-D,105.0,2026-01-20 04:14:00,19.006617,72.862679
V9949,Route-E,59.7,2026-01-23 13:07:00,19.102674,72.875392
V5482,Route-E,61.89,2026-01-25 13:16:00,19.001507,72.820053
V8782,Route-E,69.32,2026-01-22 23:03:00,17.340016,78.387547
V1957,Route-E,38.79,2026-01-21 09:34:00,13.132306,80.280121
V6388,Route-B,71.97,2026-01-22 14:12:00,13.02732,80.215765
V4897,Route-B,101.26,2026-01-22 01:00:00,17.389577,78.48806
V6544,Route-B,39.31,2026-01-20 08:18:00,12.924374,77.52826
V4525,Route-E,57.76,2026-01-26 13:42:00,13.099586,80.274348
V7670,Route-B,49.09,2026-01-25 18:23:00,19.100679,72.794703
V2493,Route-E,79.25,2026-01-25 13:56:00,13.048867,80.311235
V5268,Route-B,37.08,2026-01-21 20:54:00,28.757608,77.018114
V8744,Route-D,53.84,2026-01-22 15:14:00,17.427744,78.451769
V7400,Route-C,45.86,2026-01-26 19:52:00,13.099934,80.25997
V7334,Route-B,17.24,2026-01-22 19:06:00,12.928816,77.651948
V9850,Route-C,67.7,2026-01-25 21:13:00,28.72837,77.019688
V5845,Route-A,68.96,2026-01-22 22:21:00,19.055796,72.815744
V9307,Route-D,45.64,2026-01-26 17:29:00,28.735622,77.112983
V5045,Route-C,67.63,2026-01-26 02:12:00,19.174122,72.788352
V4890,Route-B,66.58,2026-01-20 04:34:00,17.458783,78.485917
V1139,Route-A,83.49,2026-01-23 06:35:00,28.608911,77.042456
V6055,Route-C,64.05,2026-01-21 06:16:00,17.417423,78.388951
V5157,Route-E,105.8,2026-01-21 23:41:00,19.160203,72.927883
V8200,Route-E,77.03,2026-01-26 15:25:00,13.074048,80.205658
V3350,Route-A,32.78,2026-01-20 18:24:00,13.126867,80.297264
V5894,Route-E,50.67,2026-01-23 11:54:00,17.341506,78.481422
V6311,Route-B,89.05,2026-01-25 03:39:00,17.324385,78.540169
V7691,Route-D,73.01,2026-01-23 16:03:00,17.320709,78.412052
V3896,Route-E,42.25,2026-01-25 09:00:00,19.117592,72.946912
V2607,Route-C,35.34,2026-01-21 11:37:00,13.070342,77.642437
V3786,Route-E,73.89,2026-01-23 14:59:00,17.308447,78.480631
V7722,Route-E,82.65,2026-01-22 01:51:00,19.05634,72.921298
V3907,Route-E,75.39,2026-01-23 21:47:00,19.126425,72.786183
V7150,Route-C,102.71,2026-01-24 06:22:00,13.017802,77.617523
V4305,Route-B,39.99,2026-01-23 19:31:00,28.744613,77.17835
V4581,Route-C,39.99,2026-01-21 12:29:00,13.071302,80.353819
V3201,Route-D,51.35,2026-01-25 12:10:00,17.379877,78.404825
V7078,Route-B,21.36,2026-01-26 18:14:00,28.688611,77.002757
V1170,Route-C,42.33,2026-01-24 18:54:00,19.158354,72.833667
V5353,Route-C,83.22,2026-01-25 02:14:00,17.340608,78.557269
V1070,Route-D,42.93,2026-01-22 17:06:00,19.019503,72.935381
V6123,Route-A,47.34,2026-01-26 12:09:00,18.987595,72.825717
V8683,Route-C,69.32,2026-01-24 15:19:00,17.428132,78.446917
V4113,Route-E,89.35,2026-01-23 00:31:00,17.378588,78.435544
V5796,Route-C,32.34,2026-01-22 20:27:00,28.75533,77.151956
V5461,Route-C,26.76,2026-01-25 08:24:00,17.391844,78.535449
V3379,Route-D,75.48,2026-01-20 06:52:00,19.154745,72.922471
V3728,Route-E,54.17,2026-01-24 00:54:00,19.083692,72.902324
V2866,Route-C,46.77,2026-01-22 15:07:00,17.410463,78.469755
V5002,Route-E,59.37,2026-01-26 14:29:00,12.958524,77.624575
V7019,Route-C,61.06,2026-01-21 06:21:00,17.372704,78.518866
V3377,Route-A,21.34,2026-01-21 10:19:00,13.009167,77.523397
V8612,Route-A,56.64,2026-01-26 00:34:00,17.443021,78.397631
V2669,Route-A,45.05,2026-01-25 19:20:00,17.323709,78.491583
V9096,Route-C,83.67,2026-01-24 00:25:00,13.131213,80.178937
V2832,Route-D,36.46,2026-01-24 08:54:00,28.774297,77.176745
V8890,Route-D,97.83,2026-01-22 05:51:00,19.036307,72.87328
V5170,Route-A,74.82,2026-01-23 22:38:00,28.7335,77.041367
V9385,Route-A,25.54,2026-01-22 10:32:00,17.319486,78.464135
V7934,Route-E,84.4,2026-01-23 02:50:00,12.932325,77.571137
V4342,Route-C,34.66,2026-01-24 20:11:00,12.98828,77.642215
V7688,Route-E,77.09,2026-01-26 00:51:00,12.980255,77.691065
V7299,Route-E,72.04,2026-01-25 01:26:00,13.062399,80.311614
V7373,Route-D,48.04,2026-01-22 09:31:00,28.709912,77.031341
V7258,Route-B,36.68,2026-01-25 07:14:00,18.983986,72.952471
V5083,Route-A,46.97,2026-01-23 19:15:00,17.359319,78.514002
V7562,Route-A,73.57,2026-01-20 23:50:00,19.093251,72.838606
V6964,Route-E,53.21,2026-01-22 12:45:00,19.04198,72.852396
V4808,Route-B,80.09,2026-01-25 01:28:00,13.032076,77.51447
V4369,Route-D,96.76,2026-01-20 05:38:00,28.613302,77.012993
V2840,Route-D,31.79,2026-01-26 07:58:00,13.175093,80.194918
V4269,Route-A,70.74,2026-01-20 15:24:00,13.027499,80.188171
V6205,Route-B,97.17,2026-01-24 22:06:00,28.755105,77.021197
V1320,Route-A,42.66,2026-01-26 11:34:00,17.428557,78.454843
V2825,Route-D,29.49,2026-01-22 19:33:00,28.759456,77.125035
V3641,Route-C,71.85,2026-01-22 02:29:00,17.341508,78.4293
V6749,Route-E,75.56,2026-01-23 00:20:00,28.680689,77.007801
V6243,Route-C,88.13,2026-01-25 06:07:00,17.316961,78.516942
V7905,Route-C,67.23,2026-01-21 12:32:00,28.713885,77.158896
V4051,Route-C,57.02,2026-01-20 15:14:00,12.941848,77.62681
V5911,Route-E,60.18,2026-01-24 15:08:00,13.15245,80.267229
V1167,Route-C,57.18,2026-01-23 20:43:00,19.135372,72.954018
V5864,Route-A,90.69,2026-01-21 03:30:00,13.00104,80.185562
V1186,Route-E,79.23,2026-01-24 00:23:00,28.670505,77.094447
V6587,Route-B,26.61,2026-01-22 18:55:00,19.111917,72.882281
V9575,Route-C,76.86,2026-01-26 05:51:00,13.1511,80.236146
V8042,Route-E,65.39,2026-01-22 23:58:00,19.01604,72.834091
V8553,Route-B,29.89,2026-01-26 20:59:00,28.798596,77.07708
V4629,Route-B,95.21,2026-01-25 01:25:00,12.990818,77.643057
V4628,Route-B,57.16,2026-01-23 12:17:00,17.294869,78.522887
V6147,Route-E,49.82,2026-01-20 07:23:00,17.392662,78.583773
V3408,Route-A,28.88,2026-01-25 09:50:00,13.047605,80.296781
V3570,Route-E,58.32,2026-01-24 12:13:00,12.992995,77.495857
V6205,Route-B,80.3,2026-01-23 05:22:00,13.063686,80.226496
V8666,Route-C,50.98,2026-01-20 15:14:00,13.076144,80.369871
V2576,Route-B,71.53,2026-01-22 04:47:00,19.071068,72.938599
V4646,Route-A,84.39,2026-01-21 02:47:00,17.469636,78.414136
V7177,Route-B,90.98,2026-01-23 02:00:00,28.691435,77.103913
V4968,Route-D,55.17,2026-01-23 16:10:00,17.300969,78.432345
V8403,Route-A,46.82,2026-01-24 14:11:00,28.768591,77.121383
V1219,Route-A,55.47,2026-01-24 16:08:00,13.080398,80.304402
V7176,Route-C,80.62,2026-01-20 22:27:00,13.145109,80.296706
V9727,Route-E,77.75,2026-01-21 11:48:00,17.388004,78.484486
V1996,Route-D,103.94,2026-01-21 22:40:00,17.322339,78.539236
V2386,Route-E,58.56,2026-01-23 04:30:00,28.665019,77.182504
V9461,Route-D,45.75,2026-01-21 13:07:00,17.388448,78.515288
V5632,Route-D,27.2,2026-01-26 08:18:00,12.996364,77.688214
V3377,Route-A,35.43,2026-01-22 08:57:00,17.424492,78.431165
V3956,Route-D,32.86,2026-01-20 07:48:00,13.118699,80.259298
V2214,Route-C,56.82,2026-01-20 16:19:00,28.760216,77.122935
V8594,Route-D,58.73,2026-01-26 14:32:00,17.479362,78.482031
V9095,Route-A,62.92,2026-01-23 04:42:00,28.696213,77.187076
V4215,Route-B,66.88,2026-01-26 02:22:00,19.023645,72.873374
V5882,Route-E,94.56,2026-01-23 02:48:00,17.464024,78.453391
V4090,Route-E,54.09,2026-01-26 17:42:00,19.033868,72.94766
V9541,Route-B,59.31,2026-01-21 02:41:00,12.920852,77.587646
V2366,Route-A,92.75,2026-01-25 00:51:00,12.909098,77.597532
V1593,Route-E,74.53,2026-01-21 16:04:00,17.39761,78.512915
V6836,Route-B,61.21,2026-01-24 13:17:00,17.441522,78.48668
V8664,Route-B,81.33,2026-01-22 06:26:00,12.95931,77.656324
V6423,Route-E,94.82,2026-01-22 00:10:00,12.937744,77.584158
V1173,Route-C,67.78,2026-01-21 03:31:00,13.126996,80.31282
V8260,Route-E,78.19,2026-01-22 13:18:00,13.181495,80.308001
V9960,Route-A,36.97,2026-01-23 19:08:00,13.037219,77.573301
V5405,Route-D,55.84,2026-01-24 06:55:00,17.370991,78.395222
V6178,Route-A,41.51,2026-01-23 18:29:00,12.924863,77.585892
V4295,Route-A,26.55,2026-01-20 19:19:00,13.000164,77.512312
V4190,Route-A,35.07,2026-01-25 17:25:00,12.887196,77.56295
V3784,Route-A,82.14,2026-01-20 23:49:00,19.05532,72.794344
V6986,Route-C,84.41,2026-01-22 03:22:00,28.697072,77.17617
V8744,Route-D,45.02,2026-01-22 13:40:00,17.463452,78.469196
V1932,Route-C,102.73,2026-01-23 23:34:00,17.381271,78.485032
V1917,Route-D,41.61,2026-01-22 18:38:00,13.065681,77.586657
V1475,Route-D,27.27,2026-01-25 08:18:00,12.991728,77.670256
V1718,Route-D,34.4,2026-01-25 09:18:00,12.884821,77.526852
V7318,Route-B,42.92,2026-01-24 12:44:00,28.654021,77.198258
V3256,Route-C,69.34,2026-01-24 23:04:00,12.950072,77.535616
V2895,Route-A,96.82,2026-01-20 02:54:00,13.043133,77.603887
V8308,Route-D,65.19,2026-01-20 11:48:00,18.982946,72.883378
V4021,Route-A,80.21,2026-01-23 23:49:00,17.442482,78.409801
V2763,Route-D,62.19,2026-01-20 11:59:00,12.924572,77.640859
V2598,Route-E,29.17,2026-01-22 17:19:00,12.98293,80.194777
V3715,Route-B,97.89,2026-01-20 01:10:00,19.115347,72.841465
V1481,Route-C,32.79,2026-01-24 09:27:00,12.97421,77.602398
V9271,Route-E,77.91,2026-01-24 11:04:00,19.078892,72.804341
V3237,Route-B,41.6,2026-01-25 18:18:00,12.993815,80.220733
V5822,Route-A,54.61,2026-01-21 15:18:00,28.619714,77.024264
V7215,Route-C,48.38,2026-01-24 10:39:00,19.124346,72.806882
V4325,Route-B,48.43,2026-01-23 11:29:00,13.136763,80.187463
V2990,Route-D,94.8,2026-01-26 22:00:00,17.288345,78.517225
V1293,Route-A,37.81,2026-01-21 10:07:00,17.408341,78.486358
V1712,Route-D,42.39,2026-01-26 18:02:00,28.661004,77.184268
V2055,Route-E,104.09,2026-01-27 00:20:00,28.675819,77.150709
V7589,Route-B,92.62,2026-01-20 04:42:00,17.416365,78.486912
V4750,Route-C,99.48,2026-01-27 00:00:00,28.682365,77.163316
V1516,Route-C,49.18,2026-01-23 13:30:00,17.379075,78.525494
V6806,Route-D,59.49,2026-01-20 14:53:00,13.09985,80.338668
V5361,Route-B,46.41,2026-01-21 09:23:00,19.050808,72.910984
V8552,Route-E,83.33,2026-01-24 01:14:00,28.608484,77.026688
V1989,Route-B,67.45,2026-01-21 00:28:00,17.310244,78.512759
V3192,Route-E,46.52,2026-01-20 09:21:00,18.991985,72.901911
V8330,Route-E,36.42,2026-01-23 21:17:00,17.450224,78.484192
V8013,Route-B,53.06,2026-01-22 16:21:00,13.073675,80.360029
V3573,Route-D,49.28,2026-01-22 08:37:00,17.398713,78.57537
V9248,Route-D,92.17,2026-01-25 02:01:00,17.314503,78.568298
V2903,Route-E,72.47,2026-01-23 12:49:00,28.621488,77.051915
V4591,Route-C,65.04,2026-01-26 06:53:00,12.953754,77.6442
V2963,Route-A,73.97,2026-01-22 00:11:00,13.037046,77.682194
V2130,Route-A,34.64,2026-01-23 19:50:00,13.011521,77.5407
V9525,Route-B,41.59,2026-01-23 09:17:00,19.148983,72.950208
V5155,Route-C,89.38,2026-01-23 22:38:00,13.078162,80.206238
V9531,Route-B,44.14,2026-01-20 19:51:00,28.633267,77.008184
V6029,Route-C,23.9,2026-01-21 20:00:00,13.080374,80.303155
V9074,Route-B,55.71,2026-01-25 19:15:00,19.00451,72.974526
V9813,Route-C,42.54,2026-01-21 16:53:00,19.081592,72.845085
V1957,Route-B,105.92,2026-01-24 22:59:00,18.987759,72.861539
V6403,Route-A,50.52,2026-01-24 15:33:00,28.747109,77.09314
V7426,Route-B,55.14,2026-01-21 00:09:00,28.70814,77.027563
V9457,Route-D,43.67,2026-01-21 14:25:00,13.000596,80.306027
V2892,Route-C,67.37,2026-01-24 22:25:00,19.077217,72.947504
V3897,Route-D,23.69,2026-01-26 08:09:00,28.799042,77.190745
V9942,Route-D,44.56,2026-01-20 14:22:00,12.977467,77.560931
V6678,Route-E,63.78,2026-01-22 03:34:00,13.062689,77.591243
V8186,Route-D,67.87,2026-01-20 04:02:00,12.875849,77.592209
V3840,Route-D,51.86,2026-01-23 12:18:00,13.090859,80.368093
V6861,Route-A,67.14,2026-01-23 04:33:00,28.607817,77.034276
V6774,Route-A,78.14,2026-01-21 03:06:00,28.650753,77.078972
V9434,Route-A,64.8,2026-01-25 00:08:00,12.98699,80.212247
V5799,Route-A,46.18,2026-01-22 21:45:00,17.361796,78.569937
V9467,Route-C,90.72,2026-01-23 04:57:00,13.17552,80.334665
V1027,Route-C,74.12,2026-01-25 01:46:00,19.012345,72.951288
V7889,Route-E,17.47,2026-01-23 20:31:00,28.791168,77.05267
V1669,Route-A,41.3,2026-01-22 09:15:00,13.158082,80.235678
V9288,Route-C,26.9,2026-01-25 10:28:00,12.908914,77.615257
V5871,Route-B,70.27,2026-01-22 11:50:00,17.309086,78.547782
V2519,Route-A,25.46,2026-01-23 07:08:00,12.92253,77.537706
V3524,Route-D,45.41,2026-01-24 13:37:00,17.285611,78.546761
V9036,Route-D,85.35,2026-01-20 03:46:00,13.029151,80.291676
V1666,Route-C,89.85,2026-01-25 01:59:00,17.463789,78.560049
V5340,Route-B,69.46,2026-01-26 15:34:00,12.995131,77.59856
V2671,Route-B,53.81,2026-01-25 17:14:00,19.126269,72.843834
V2315,Route-D,98.74,2026-01-21 00:51:00,12.986811,77.643602
V2073,Route-C,75.38,2026-01-22 05:28:00,19.051812,72.937327
V5776,Route-D,37.15,2026-01-23 08:37:00,19.029883,72.805199
V4618,Route-D,21.9,2026-01-22 09:15:00,17.433591,78.509982
V8579,Route-B,91.88,2026-01-22 04:48:00,13.172006,80.210175
V5431,Route-D,87.75,2026-01-26 22:58:00,19.108914,72.865401
V4024,Route-A,17.31,2026-01-21 10:03:00,28.651893,77.032543
V1307,Route-B,22.96,2026-01-23 20:11:00,19.146665,72.780983
V2387,Route-B,62.18,2026-01-25 12:06:00,28.790498,77.089773
V3489,Route-E,54.69,2026-01-20 15:25:00,12.930834,77.669669
V1323,Route-D,17.9,2026-01-22 18:45:00,13.101373,80.343331
V1985,Route-B,49.94,2026-01-24 15:52:00,12.883153,77.517942
V3997,Route-A,33.27,2026-01-22 09:50:00,19.114716,72.831342
V9267,Route-E,78.49,2026-01-23 00:46:00,19.160805,72.891599
V6162,Route-C,92.4,2026-01-24 03:38:00,12.87231,77.496996
V8909,Route-E,58.51,2026-01-20 19:48:00,13.093377,80.31618
V2476,Route-D,18.12,2026-01-20 19:54:00,17.464089,78.434974
V7257,Route-D,46.14,2026-01-21 09:12:00,28.737101,77.180716
V6450,Route-E,41.92,2026-01-21 17:54:00,28.660876,77.023869
V5897,Route-E,31.73,2026-01-21 07:49:00,19.066929,72.963037
V5410,Route-B,41.59,2026-01-20 21:04:00,19.065341,72.906539
V7640,Route-A,25.32,2026-01-26 18:28:00,13.12923,80.370506
V2512,Route-D,30.36,2026-01-22 20:48:00,12.893652,77.599755
V7242,Route-B,33.3,2026-01-25 20:48:00,28.702359,77.015815
V5791,Route-E,42.95,2026-01-24 17:13:00,12.935674,77.508411
V4559,Route-B,56.75,2026-01-22 23:51:00,28.735426,77.137028
V1429,Route-E,94.49,2026-01-21 03:51:00,17.443299,78.433203
V4685,Route-E,81.84,2026-01-21 14:43:00,13.160617,80.338138
V1494,Route-C,71.97,2026-01-21 00:04:00,28.684373,77.13716
V4812,Route-B,36.33,2026-01-20 08:16:00,17.318513,78.405601
V8035,Route-B,76.02,2026-01-24 11:32:00,17.438827,78.507179
V1463,Route-E,72.78,2026-01-22 15:21:00,17.36343,78.579028
V8848,Route-B,54.09,2026-01-22 23:52:00,28.651317,77.082243
V9287,Route-D,64.34,2026-01-26 23:50:00,12.876498,77.518165
V6722,Route-C,36.77,2026-01-20 20:42:00,13.003628,80.317932
V2031,Route-B,102.02,2026-01-25 00:28:00,13.027955,77.519143
V5745,Route-D,74.44,2026-01-22 11:03:00,13.156313,80.175732
V6420,Route-A,24.97,2026-01-25 17:51:00,17.450961,78.400173
V2018,Route-D,70.5,2026-01-22 05:50:00,12.999726,77.66518
V3059,Route-A,101.52,2026-01-25 03:39:00,28.60817,77.078597
V9658,Route-B,76.92,2026-01-26 16:13:00,13.122895,80.353758
V5432,Route-D,18.14,2026-01-24 18:07:00,12.999297,77.495766
V5285,Route-C,65.45,2026-01-21 22:52:00,13.045214,80.237533
V1786,Route-C,24.7,2026-01-20 07:25:00,13.057041,80.185242
V4072,Route-A,35.03,2026-01-25 07:12:00,13.076095,80.307762
V9586,Route-A,24.37,2026-01-23 08:45:00,19.014414,72.955003
V2919,Route-A,71.97,2026-01-24 00:09:00,12.921644,77.628362
V8045,Route-D,58.42,2026-01-24 10:35:00,28.786793,77.052956
V2391,Route-C,94.0,2026-01-24 00:07:00,28.784603,77.167728
V3889,Route-C,90.06,2026-01-26 05:16:00,13.037076,80.285155
V6335,Route-A,88.34,2026-01-25 00:08:00,17.358321,78.410693
V8008,Route-A,24.56,2026-01-20 08:16:00,17.432751,78.470453
V6509,Route-E,35.69,2026-01-25 11:25:00,13.099868,80.223311
V6694,Route-D,63.49,2026-01-23 00:02:00,17.329141,78.419268
V1567,Route-D,93.86,2026-01-22 23:18:00,28.712117,77.024693
V2133,Route-A,63.64,2026-01-24 16:57:00,19.041974,72.95077
V7273,Route-C,17.86,2026-01-21 10:30:00,13.111887,80.343936
V6636,Route-A,76.95,2026-01-24 03:38:00,13.079954,80.260224
V3820,Route-B,80.12,2026-01-22 03:47:00,13.092179,80.314149
V3814,Route-B,101.89,2026-01-25 00:59:00,28.695359,77.065667
V3869,Route-B,101.43,2026-01-24 00:37:00,17.427271,78.506669
V3955,Route-C,99.98,2026-01-22 02:08:00,19.008794,72.802024
V7044,Route-D,50.92,2026-01-20 14:50:00,28.698394,77.08744
V3896,Route-B,80.87,2026-01-21 06:49:00,13.062324,80.370201
V6503,Route-D,51.89,2026-01-24 16:05:00,12.953668,77.620371
V8589,Route-D,25.13,2026-01-23 09:13:00,13.172557,80.191571
V1390,Route-C,31.09,2026-01-26 09:05:00,12.95762,77.619255
V2269,Route-A,20.83,2026-01-20 09:52:00,12.916142,77.624261
V2137,Route-D,47.34,2026-01-21 17:19:00,19.099949,72.882045
V9867,Route-C,46.4,2026-01-22 20:14:00,19.114064,72.962399
V9929,Route-C,97.17,2026-01-23 23:31:00,28.645651,77.008147
V5679,Route-C,37.23,2026-01-21 09:40:00,28.740146,77.022502
V9585,Route-A,74.17,2026-01-22 04:52:00,13.062927,80.197931
V2652,Route-A,68.71,2026-01-23 22:59:00,12.987054,80.251853
V7044,Route-D,50.05,2026-01-26 08:25:00,13.047309,77.647916
V3302,Route-A,97.17,2026-01-24 03:09:00,17.470795,78.393581
V3358,Route-B,99.27,2026-01-25 00:24:00,19.08077,72.812667
V7693,Route-B,46.87,2026-01-24 17:01:00,28.643472,77.129499
V3300,Route-A,94.92,2026-01-21 06:35:00,19.097585,72.882146
V1046,Route-E,38.3,2026-01-23 20:48:00,19.0757,72.83797
V5147,Route-B,33.42,2026-01-22 09:32:00,19.011279,72.817341
V8936,Route-B,96.72,2026-01-23 22:38:00,28.762433,77.170331
V6369,Route-D,100.08,2026-01-25 00:41:00,13.148526,80.307803
V9371,Route-B,76.7,2026-01-23 04:28:00,13.062393,80.23488
V3292,Route-D,70.68,2026-01-25 22:26:00,19.174628,72.861669
V8930,Route-C,107.61,2026-01-25 05:11:00,28.643194,77.018461
V6151,Route-A,75.32,2026-01-26 22:59:00,17.359212,78.449179
V3089,Route-A,55.55,2026-01-26 01:16:00,17.457807,78.557793
V6623,Route-D,58.42,2026-01-26 03:34:00,19.058312,72.831224
V1018,Route-B,33.23,2026-01-24 19:35:00,13.044166,77.564802
V8367,Route-A,32.5,2026-01-26 18:00:00,19.113871,72.820277
V9977,Route-B,50.81,2026-01-24 12:37:00,13.178252,80.36814
V8816,Route-B,52.53,2026-01-23 07:47:00,19.013521,72.890462
V7561,Route-C,72.77,2026-01-25 15:08:00,13.100431,80.280186
V6185,Route-C,22.83,2026-01-22 17:26:00,12.922703,77.618064
V1155,Route-C,49.96,2026-01-22 07:19:00,17.450566,78.514354
V6987,Route-D,37.13,2026-01-24 20:16:00,12.968486,77.617473
V6191,Route-D,57.65,2026-01-26 06:40:00,12.992427,80.350778
V7644,Route-D,56.92,2026-01-26 19:39:00,12.993451,77.496839
V6730,Route-B,72.42,2026-01-21 14:13:00,28.646326,77.154964
V5494,Route-D,43.83,2026-01-20 11:16:00,28.669396,77.135043
V9242,Route-D,39.58,2026-01-25 18:37:00,28.670221,77.193284
V7414,Route-E,63.04,2026-01-23 06:27:00,17.478431,78.494614
V9747,Route-E,73.47,2026-01-20 21:51:00,17.362567,78.41075
V6275,Route-E,80.51,2026-01-22 23:47:00,13.075093,80.280298
V6774,Route-C,62.55,2026-01-22 16:34:00,17.450169,78.48009
V7959,Route-B,60.35,2026-01-21 00:55:00,13.123964,80.303974
V7343,Route-A,21.7,2026-01-25 19:24:00,17.479376,78.407131
V9326,Route-E,38.55,2026-01-26 21:30:00,28.626558,77.060391
V2346,Route-D,93.77,2026-01-23 03:23:00,17.423489,78.438872
V7301,Route-E,81.78,2026-01-25 06:11:00,19.148202,72.901982
V7550,Route-A,30.43,2026-01-26 08:37:00,13.049883,80.298256
V3370,Route-A,98.61,2026-01-23 02:05:00,12.923265,77.610608
V5765,Route-C,66.96,2026-01-22 15:40:00,17.476511,78.575435
V5813,Route-A,91.35,2026-01-23 06:13:00,13.103874,80.27466
V7932,Route-A,49.34,2026-01-21 12:09:00,18.976667,72.803444
V4925,Route-C,18.05,2026-01-24 19:36:00,17.46249,78.4259
V7698,Route-E,91.13,2026-01-23 00:23:00,17.379834,78.396137
V5932,Route-D,67.21,2026-01-26 11:20:00,17.306559,78.534904
V3618,Route-C,54.27,2026-01-21 12:04:00,17.41324,78.514854
V2674,Route-D,69.37,2026-01-20 00:07:00,17.292717,78.396737
V3444,Route-C,97.97,2026-01-22 03:05:00,13.07991,80.35477
V3176,Route-A,43.01,2026-01-26 18:45:00,19.12719,72.861337
V6875,Route-A,74.73,2026-01-21 23:32:00,13.063292,80.215897
V3278,Route-D,63.34,2026-01-23 00:46:00,19.122697,72.799846
V7912,Route-E,55.38,2026-01-21 15:28:00,13.0671,80.353857
V9727,Route-B,34.86,2026-01-20 18:24:00,17.480578,78.54734
V4061,Route-B,69.13,2026-01-26 04:06:00,17.29814,78.581589
V4136,Route-A,74.5,2026-01-24 12:29:00,28.734184,77.169226
V5428,Route-D,63.97,2026-01-25 16:26:00,12.957954,77.616312
V8204,Route-D,72.58,2026-01-25 04:18:00,12.992466,77.608591
V9080,Route-C,51.34,2026-01-26 21:22:00,17.458054,78.421082
V6036,Route-A,68.82,2026-01-20 12:11:00,13.051875,77.566468
V3198,Route-B,87.57,2026-01-22 05:37:00,13.095007,80.283816
V7603,Route-B,83.42,2026-01-25 04:16:00,13.092551,80.34946
V3210,Route-A,41.33,2026-01-23 16:17:00,13.005731,80.309986
V9350,Route-B,88.7,2026-01-22 23:55:00,13.030926,77.653196
V9543,Route-D,96.32,2026-01-20 01:48:00,17.395487,78.429371
V1395,Route-C,63.44,2026-01-25 01:03:00,17.457127,78.413781
V7472,Route-A,51.98,2026-01-22 19:30:00,18.985604,72.851504
V6131,Route-D,54.64,2026-01-22 05:17:00,19.047712,72.780583
V1994,Route-E,38.34,2026-01-20 20:31:00,19.021053,72.863966
V4907,Route-E,94.47,2026-01-27 00:51:00,17.356713,78.514041
V8393,Route-D,28.54,2026-01-24 07:38:00,13.111599,80.211439
V8881,Route-C,88.23,2026-01-22 05:34:00,28.783776,77.09465
V3340,Route-A,38.76,2026-01-24 09:14:00,19.078094,72.967178
V2610,Route-B,103.46,2026-01-24 05:17:00,19.021998,72.896322
V2700,Route-A,66.6,2026-01-24 11:22:00,13.171097,80.21679
V1002,Route-E,31.65,2026-01-20 10:41:00,17.306014,78.445695
V5424,Route-A,41.18,2026-01-23 17:42:00,12.994888,80.280757
V5068,Route-B,69.76,2026-01-20 06:28:00,13.161577,80.174629
V4778,Route-D,59.44,2026-01-25 16:32:00,12.881616,77.593508
V6577,Route-B,81.51,2026-01-23 06:58:00,13.021633,77.543799
V1492,Route-A,94.75,2026-01-24 00:57:00,28.640314,77.082744
V8750,Route-C,53.3,2026-01-27 00:54:00,28.64394,77.003743
V4826,Route-C,83.24,2026-01-21 12:39:00,19.073676,72.931242
V6833,Route-B,87.95,2026-01-26 02:24:00,19.136547,72.787655
V1138,Route-E,45.63,2026-01-26 14:27:00,28.606509,77.193327
V3716,Route-E,62.23,2026-01-20 14:38:00,19.021202,72.877763
V9450,Route-D,80.25,2026-01-26 00:56:00,28.668043,77.156637
V4722,Route-D,37.14,2026-01-22 08:47:00,17.345476,78.57472
V6074,Route-C,65.31,2026-01-21 11:52:00,12.915553,77.651501
V2673,Route-E,56.91,2026-01-25 15:59:00,19.116679,72.914244
V7079,Route-D,83.75,2026-01-21 00:16:00,13.004297,80.305899
V7464,Route-E,77.18,2026-01-20 06:15:00,13.012715,80.174102
V9478,Route-C,96.44,2026-01-22 22:26:00,28.662045,77.121486
V3720,Route-B,59.56,2026-01-21 02:11:00,13.173858,80.211469
V6446,Route-D,41.37,2026-01-21 09:09:00,28.679876,77.197064
V9023,Route-B,65.14,2026-01-24 00:00:00,17.320055,78.501504
V2850,Route-C,61.9,2026-01-25 03:32:00,17.436117,78.468196
V5908,Route-E,51.81,2026-01-23 15:01:00,18.98416,72.847326
V8965,Route-A,82.63,2026-01-21 13:40:00,19.048824,72.785874
V6885,Route-E,101.0,2026-01-26 00:46:00,13.059023,80.366688
V6197,Route-E,26.13,2026-01-26 10:27:00,17.368959,78.40726
V6596,Route-A,108.24,2026-01-27 00:20:00,17.475635,78.503237
V8293,Route-D,71.26,2026-01-20 23:52:00,13.142119,80.274014
V3944,Route-C,20.94,2026-01-26 17:15:00,13.014708,80.212485
V1709,Route-D,46.44,2026-01-25 10:54:00,28.789755,77.190315
V7323,Route-B,20.65,2026-01-26 20:32:00,28.680015,77.081504
V3173,Route-E,68.11,2026-01-25 02:28:00,17.433327,78.471293
V2876,Route-D,73.28,2026-01-22 04:21:00,12.879513,77.552838
V8827,Route-E,51.85,2026-01-25 19:46:00,13.021588,77.646434
V6816,Route-C,65.94,2026-01-24 00:28:00,19.067586,72.964891
V4382,Route-A,93.33,2026-01-23 02:31:00,12.973745,77.577208
V3142,Route-A,75.07,2026-01-26 04:15:00,13.054352,77.584046
V7417,Route-B,102.55,2026-01-21 01:35:00,19.095221,72.827164
V6083,Route-C,51.25,2026-01-24 07:54:00,13.082569,80.171449
V7423,Route-A,43.11,2026-01-25 17:21:00,17.397425,78.485389
V7100,Route-A,46.8,2026-01-26 07:59:00,19.053027,72.86288
V4605,Route-E,102.13,2026-01-26 00:24:00,12.890794,77.614805
V2267,Route-B,39.02,2026-01-21 17:51:00,19.125449,72.950044
V2725,Route-C,83.35,2026-01-22 04:24:00,17.34748,78.563732
V5112,Route-D,99.09,2026-01-25 04:48:00,19.05264,72.860476
V1496,Route-A,63.28,2026-01-23 00:37:00,19.109533,72.880139
V2043,Route-E,95.54,2026-01-22 01:31:00,18.984271,72.790712
V9085,Route-A,34.11,2026-01-24 07:54:00,28.792787,77.200545
V4446,Route-E,29.92,2026-01-22 08:57:00,13.005286,80.364744
V2733,Route-A,63.24,2026-01-25 14:05:00,13.138192,80.180969
V1821,Route-B,106.93,2026-01-21 23:51:00,19.151665,72.892629
V9804,Route-A,58.16,2026-01-24 16:16:00,19.153653,72.911069
V5051,Route-D,33.11,2026-01-20 18:09:00,12.898914,77.689301
V7360,Route-B,93.3,2026-01-24 00:13:00,12.920315,77.500749
V7718,Route-A,38.7,2026-01-26 09:10:00,17.458424,78.446561
V5027,Route-A,91.68,2026-01-21 06:43:00,13.018288,77.523335
V3421,Route-B,71.51,2026-01-21 15:00:00,17.349598,78.471884
V6049,Route-B,31.05,2026-01-25 17:39:00,28.717099,77.043077
V5087,Route-A,48.45,2026-01-23 09:17:00,28.649787,77.078254
V9471,Route-D,57.4,2026-01-21 22:33:00,13.031081,77.614887
V9964,Route-D,43.05,2026-01-22 19:05:00,17.353904,78.493567
V9224,Route-E,42.77,2026-01-21 11:43:00,12.993072,80.245883
V3110,Route-B,74.44,2026-01-23 22:02:00,19.00193,72.908186
V5620,Route-D,71.95,2026-01-24 11:09:00,13.071428,80.320203
V2515,Route-E,92.17,2026-01-23 05:57:00,19.071023,72.889102
V3055,Route-E,79.62,2026-01-21 04:42:00,19.075537,72.91571
V3115,Route-D,49.5,2026-01-26 18:08:00,28.775304,77.021754
V5334,Route-B,78.57,2026-01-22 21:47:00,17.472503,78.487352
V7130,Route-E,26.08,2026-01-22 20:49:00,12.958294,77.495724
V3635,Route-A,62.32,2026-01-21 15:42:00,28.638002,77.079712
V6326,Route-E,45.01,2026-01-25 18:10:00,13.026364,77.608406
V3629,Route-D,53.24,2026-01-26 17:20:00,13.037203,80.362506
V3548,Route-D,69.56,2026-01-21 00:16:00,13.069083,77.516708
V3358,Route-A,42.21,2026-01-26 20:38:00,13.002066,80.218866
V4546,Route-A,15.56,2026-01-24 10:27:00,28.692939,77.005883
V6402,Route-C,78.95,2026-01-20 21:43:00,12.938477,77.528948
V8425,Route-C,31.29,2026-01-20 10:58:00,12.93812,77.560126
V5692,Route-C,26.5,2026-01-23 18:45:00,28.730093,77.097122
V1092,Route-A,54.79,2026-01-22 13:41:00,28.800656,77.127016
V3399,Route-C,22.68,2026-01-20 08:19:00,13.062515,80.281268
V3212,Route-A,51.26,2026-01-24 13:14:00,12.98902,80.355425
V9316,Route-B,65.44,2026-01-26 11:58:00,13.111579,80.243628
V9136,Route-A,67.3,2026-01-22 21:49:00,17.440082,78.47868
V9074,Route-B,69.64,2026-01-21 15:23:00,19.131566,72.869592
V9609,Route-B,83.7,2026-01-20 01:44:00,28.732615,77.050703
V7994,Route-A,36.92,2026-01-26 19:31:00,12.923921,77.52526
V7129,Route-A,59.82,2026-01-25 16:01:00,19.024379,72.916948
V6861,Route-C,62.28,2026-01-21 11:41:00,19.131733,72.890408
V9824,Route-A,59.32,2026-01-26 00:33:00,13.169715,80.270056
V8536,Route-E,65.21,2026-01-22 21:49:00,13.110759,80.342577
V7787,Route-C,63.95,2026-01-25 00:43:00,13.051326,80.208083
V7636,Route-C,76.41,2026-01-26 16:47:00,13.173426,80.363352
V3025,Route-C,74.06,2026-01-26 23:31:00,17.306532,78.576901
V5952,Route-A,69.67,2026-01-26 00:51:00,28.769944,77.181418
V4247,Route-E,80.59,2026-01-25 22:33:00,28.61809,77.13714
V7678,Route-B,65.53,2026-01-23 02:04:00,12.984391,77.658032
V7720,Route-B,67.05,2026-01-23 05:22:00,17.352121,78.389829
V8275,Route-A,22.46,2026-01-24 19:35:00,28.79479,77.156384
V6294,Route-C,34.6,2026-01-25 18:25:00,28.773742,77.081611
V4877,Route-D,67.34,2026-01-21 12:15:00,17.432359,78.586572
V6849,Route-B,35.1,2026-01-23 07:04:00,19.088508,72.976591
V5211,Route-D,47.93,2026-01-21 17:24:00,17.353703,78.498024
V3759,Route-B,52.7,2026-01-26 15:43:00,19.078125,72.870235
V1035,Route-E,59.42,2026-01-25 23:16:00,17.346954,78.417792
V5570,Route-D,72.41,2026-01-23 22:00:00,12.885354,77.575565
V2263,Route-D,21.78,2026-01-20 09:07:00,17.423442,78.543481
V5180,Route-A,107.95,2026-01-22 06:37:00,13.001437,80.357093
V1407,Route-D,33.88,2026-01-21 09:53:00,28.650358,77.116335
V5282,Route-E,31.65,2026-01-23 19:22:00,19.002863,72.778704
V2646,Route-A,101.34,2026-01-21 22:08:00,17.429661,78.388312
V3241,Route-A,38.93,2026-01-21 11:37:00,17.457949,78.449202
V2396,Route-D,46.35,2026-01-25 17:01:00,19.122221,72.969803
V3060,Route-A,67.41,2026-01-23 12:20:00,18.984802,72.874664
V1183,Route-E,72.16,2026-01-25 22:36:00,12.87561,77.629287
V7636,Route-E,21.75,2026-01-26 08:43:00,12.96046,77.578577
V9452,Route-C,71.7,2026-01-20 14:25:00,28.750997,77.040819
V2995,Route-E,83.21,2026-01-21 06:51:00,19.070701,72.913474
V6107,Route-C,37.21,2026-01-21 12:39:00,28.682912,77.169996
V3164,Route-E,46.84,2026-01-21 19:50:00,13.129519,80.349905
V7584,Route-B,62.15,2026-01-26 04:22:00,13.046866,77.595627
V1780,Route-E,92.17,2026-01-22 06:35:00,19.020311,72.899844
V1189,Route-E,49.76,2026-01-26 21:14:00,13.127961,80.311746
V9769,Route-A,31.7,2026-01-24 20:27:00,28.618965,77.158563
V2044,Route-E,47.46,2026-01-23 17:25:00,17.320498,78.399089
V6913,Route-A,55.63,2026-01-22 16:14:00,13.008847,80.19736
V6354,Route-E,42.97,2026-01-26 07:42:00,28.765396,77.036524
V2851,Route-B,25.52,2026-01-20 20:17:00,13.006006,80.315617
V7833,Route-B,56.05,2026-01-26 21:51:00,19.033867,72.830741
V2542,Route-B,72.15,2026-01-24 14:40:00,12.890955,77.523449
V8237,Route-C,65.8,2026-01-26 16:41:00,17.332289,78.530191
V8927,Route-E,64.41,2026-01-25 13:25:00,17.293929,78.454737
V7500,Route-A,86.94,2026-01-23 06:28:00,17.440968,78.568631
V1167,Route-B,35.68,2026-01-24 14:10:00,28.699133,77.080194
V9584,Route-E,30.26,2026-01-25 18:40:00,18.99464,72.850623
V4001,Route-E,61.53,2026-01-23 12:18:00,28.674128,77.146568
V6288,Route-B,101.78,2026-01-24 04:40:00,13.01845,77.52834
V5179,Route-B,26.78,2026-01-21 17:49:00,13.115549,80.350583
V5371,Route-C,65.06,2026-01-26 00:40:00,13.033326,80.199319
V4546,Route-E,89.05,2026-01-21 00:49:00,17.445758,78.524102
V7835,Route-C,36.36,2026-01-26 07:26:00,28.717621,77.193609
V7886,Route-C,77.3,2026-01-24 12:16:00,17.408535,78.399641
V2287,Route-E,99.92,2026-01-21 04:14:00,13.058104,80.227606
V6546,Route-D,56.71,2026-01-25 12:22:00,13.095897,80.303103
V4835,Route-A,58.11,2026-01-25 04:26:00,13.057907,80.245506
V9734,Route-E,102.03,2026-01-24 04:59:00,12.968389,77.655256
V5670,Route-A,77.54,2026-01-25 15:37:00,13.064516,77.558839
V5645,Route-E,24.36,2026-01-26 07:05:00,19.052809,72.972162
V6998,Route-D,88.16,2026-01-24 01:55:00,13.042221,80.211872
V2922,Route-C,55.64,2026-01-23 19:52:00,12.96172,77.507059
V5995,Route-B,34.55,2026-01-24 09:18:00,12.937036,77.506899
V9803,Route-C,89.75,2026-01-21 23:37:00,19.090112,72.912713
V1522,Route-B,76.52,2026-01-26 00:16:00,18.978233,72.863837
V9093,Route-A,55.57,2026-01-20 18:26:00,12.941498,77.525681
V4740,Route-A,46.72,2026-01-22 15:52:00,17.446392,78.535569
V5818,Route-E,40.41,2026-01-23 21:02:00,17.438496,78.42997
V4167,Route-C,69.85,2026-01-22 05:45:00,28.622345,77.12841
V7755,Route-A,39.93,2026-01-21 20:36:00,13.036644,77.59861
V8978,Route-C,23.02,2026-01-24 07:59:00,13.048525,77.555271
V3232,Route-E,93.98,2026-01-20 22:08:00,28.731631,77.155801
V9865,Route-D,65.0,2026-01-25 21:30:00,13.035964,77.559565
V6397,Route-E,57.48,2026-01-23 13:45:00,28.72899,77.172057
V9737,Route-C,15.74,2026-01-23 18:43:00,17.390569,78.530229
V4520,Route-D,96.12,2026-01-24 04:24:00,28.621738,77.095978
V9361,Route-B,65.29,2026-01-23 00:33:00,19.041346,72.80129
V4483,Route-D,65.95,2026-01-25 14:20:00,19.166568,72.852077
V8182,Route-D,71.32,2026-01-25 01:38:00,28.765193,77.013689
V4292,Route-B,23.65,2026-01-24 20:47:00,12.926884,77.685205
V1681,Route-D,26.7,2026-01-24 20:11:00,17.424931,78.502962
V3432,Route-C,25.24,2026-01-21 09:23:00,19.146565,72.811672
V7927,Route-E,61.2,2026-01-22 16:30:00,19.140808,72.896131
V9229,Route-E,51.87,2026-01-20 12:54:00,17.371665,78.581664
V9204,Route-D,47.41,2026-01-23 14:56:00,28.739942,77.014055
V6064,Route-E,67.75,2026-01-21 00:32:00,17.358968,78.408068
V7631,Route-D,90.65,2026-01-22 06:10:00,28.709772,77.167853
V4802,Route-C,71.47,2026-01-24 01:38:00,17.307033,78.546623
V6413,Route-D,39.45,2026-01-26 20:23:00,17.361602,78.519389
V5124,Route-D,92.05,2026-01-27 00:37:00,12.98081,77.545359
V6126,Route-A,60.43,2026-01-25 12:00:00,19.158587,72.8484
V7881,Route-B,68.24,2026-01-22 15:27:00,17.42134,78.410628
V4939,Route-D,72.02,2026-01-24 16:43:00,18.996698,72.895619
V4226,Route-E,44.01,2026-01-20 21:05:00,13.032071,80.26678
V7786,Route-E,23.46,2026-01-25 09:54:00,19.002253,72.827423
V3101,Route-B,55.77,2026-01-25 18:28:00,13.125291,80.341554
V1940,Route-C,76.39,2026-01-26 01:54:00,17.31789,78.44336
V1020,Route-E,83.83,2026-01-24 12:47:00,28.747064,77.076817
V6579,Route-D,72.26,2026-01-26 12:10:00,19.055121,72.947108
V2857,Route-D,97.76,2026-01-26 23:04:00,19.040787,72.859802
V4775,Route-B,69.66,2026-01-26 11:26:00,17.391606,78.403509
V7344,Route-E,34.5,2026-01-21 18:15:00,28.633216,77.007536
V4183,Route-A,67.3,2026-01-21 16:10:00,12.996008,80.239359
V6125,Route-A,44.19,2026-01-21 15:31:00,12.922443,77.508076
V4320,Route-D,63.42,2026-01-26 21:42:00,17.422309,78.514155
V9700,Route-E,89.34,2026-01-22 03:40:00,28.772089,77.108018
V1566,Route-A,31.41,2026-01-25 20:34:00,13.04794,80.312254
V9534,Route-E,33.53,2026-01-23 18:58:00,17.35745,78.560122
V3401,Route-A,50.5,2026-01-23 10:15:00,28.793062,77.110971
V8557,Route-C,38.56,2026-01-21 07:47:00,13.057603,80.250263
V3707,Route-E,62.87,2026-01-26 04:51:00,17.343892,78.484511
V4969,Route-E,76.58,2026-01-26 03:04:00,12.919121,77.576354
V9295,Route-D,83.99,2026-01-23 04:50:00,19.175076,72.976282
V1019,Route-E,47.15,2026-01-23 15:24:00,17.307681,78.441008
V6185,Route-C,71.03,2026-01-22 00:34:00,13.078956,80.336192
V9045,Route-B,40.66,2026-01-25 20:44:00,28.639722,77.109354
V3657,Route-E,98.77,2026-01-26 04:14:00,28.612989,77.032225
V7457,Route-D,43.18,2026-01-20 12:00:00,19.054282,72.883901
V3652,Route-E,79.46,2026-01-21 22:56:00,28.665156,77.068199
V5812,Route-D,42.55,2026-01-20 19:55:00,13.180585,80.279689
V4093,Route-C,57.77,2026-01-22 15:04:00,18.980616,72.858714
V8543,Route-E,75.93,2026-01-26 22:17:00,12.877845,77.55664
V9185,Route-E,82.77,2026-01-20 22:12:00,19.118376,72.794114
V8358,Route-D,80.69,2026-01-21 13:18:00,13.062899,80.271874
V8024,Route-D,44.12,2026-01-24 12:07:00,19.105368,72.850276
V6959,Route-E,55.31,2026-01-26 12:38:00,19.06125,72.781474
V4859,Route-A,65.8,2026-01-23 03:17:00,17.377287,78.504487
V5588,Route-B,62.59,2026-01-26 05:17:00,19.127311,72.810267
V1639,Route-C,47.51,2026-01-24 12:44:00,19.129947,72.835845
V5161,Route-C,105.21,2026-01-21 00:40:00,13.057326,77.549398
V5940,Route-B,85.61,2026-01-23 23:01:00,17.447565,78.408571
V4729,Route-D,79.51,2026-01-22 21:04:00,12.999095,77.664616
V4560,Route-B,37.9,2026-01-21 12:22:00,13.001443,80.34116
V6649,Route-A,67.22,2026-01-25 16:26:00,28.65247,77.094823
V5934,Route-B,85.18,2026-01-27 00:49:00,28.718827,77.0419
V9758,Route-E,38.73,2026-01-24 20:13:00,17.376307,78.456229
V7075,Route-D,92.85,2026-01-23 22:59:00,19.143063,72.833397
V9609,Route-A,69.77,2026-01-26 00:30:00,19.036965,72.820072
V6248,Route-E,42.96,2026-01-26 11:45:00,13.115108,80.219133
V8493,Route-E,88.4,2026-01-26 05:01:00,12.988926,80.29699
V6643,Route-E,42.43,2026-01-26 17:53:00,19.030653,72.81208
V7736,Route-C,25.5,2026-01-21 20:04:00,12.933357,77.62415
V3790,Route-D,63.88,2026-01-23 22:20:00,28.759359,77.003239
V8889,Route-E,38.84,2026-01-20 07:12:00,12.960033,77.639347
V5267,Route-B,54.58,2026-01-21 13:15:00,12.975616,77.659683
V6646,Route-D,18.58,2026-01-25 07:36:00,12.97493,77.674442
V5077,Route-B,23.61,2026-01-21 07:38:00,28.622398,77.089128
V9457,Route-A,19.81,2026-01-26 10:44:00,13.130158,80.209326
V5194,Route-A,72.87,2026-01-26 05:44:00,12.90152,77.538246
V1776,Route-A,76.09,2026-01-27 00:55:00,13.045626,77.536165
V8020,Route-E,79.4,2026-01-26 15:31:00,18.983002,72.828074
V6756,Route-A,91.94,2026-01-21 04:13:00,17.455424,78.417876
V3488,Route-C,89.75,2026-01-21 00:23:00,13.12873,80.228088
V2347,Route-B,69.26,2026-01-21 04:41:00,13.032321,77.642171
V1273,Route-B,75.92,2026-01-24 12:11:00,19.090068,72.78195
V8079,Route-B,59.04,2026-01-23 16:08:00,19.086179,72.91742
V4167,Route-C,46.37,2026-01-26 19:32:00,17.299589,78.437595
V3380,Route-E,32.75,2026-01-21 07:13:00,17.300579,78.430045
V1013,Route-B,39.82,2026-01-24 07:40:00,12.988981,80.239581
V1494,Route-C,42.86,2026-01-26 12:02:00,17.332542,78.538204
V7828,Route-D,90.84,2026-01-24 06:39:00,17.461813,78.500815
V8892,Route-C,68.01,2026-01-22 14:08:00,13.068832,80.313073
V1614,Route-A,72.32,2026-01-23 15:36:00,17.45747,78.552338
V5926,Route-A,35.33,2026-01-22 17:17:00,12.913996,77.671323
V2764,Route-D,87.81,2026-01-26 00:37:00,13.147954,80.325796
V2112,Route-B,45.46,2026-01-23 13:53:00,19.163983,72.957156
V9730,Route-C,23.15,2026-01-21 18:04:00,19.10055,72.897315
V6111,Route-D,40.12,2026-01-22 09:47:00,19.070397,72.856442
V1863,Route-C,39.66,2026-01-23 16:15:00,12.994729,80.299136
V4386,Route-E,38.26,2026-01-23 17:50:00,13.055137,80.256579
V2241,Route-C,85.59,2026-01-22 02:26:00,28.737561,77.016854
V6222,Route-D,66.18,2026-01-23 16:34:00,17.345338,78.552441
V8782,Route-D,53.0,2026-01-20 19:57:00,17.323186,78.479279
V6456,Route-A,47.87,2026-01-26 08:04:00,12.999707,80.189181
V9760,Route-D,90.75,2026-01-22 23:46:00,19.060045,72.877358
V8037,Route-C,31.04,2026-01-20 09:05:00,17.389123,78.584116
V6912,Route-A,65.35,2026-01-21 04:27:00,12.880241,77.623298
V8056,Route-C,36.89,2026-01-22 09:20:00,13.07581,80.203964
V8939,Route-D,40.64,2026-01-22 07:10:00,13.090169,80.30456
V3265,Route-B,57.5,2026-01-25 12:43:00,17.458056,78.400008
V5670,Route-E,31.92,2026-01-21 10:39:00,19.04237,72.838222
V9041,Route-B,53.22,2026-01-23 12:26:00,17.389932,78.472667
V4684,Route-E,46.04,2026-01-23 21:43:00,13.087792,80.324049
V9747,Route-E,100.78,2026-01-23 00:57:00,17.338864,78.473594
V4502,Route-C,70.21,2026-01-23 06:57:00,28.624407,77.180172
V6197,Route-C,24.18,2026-01-25 10:00:00,28.646992,77.025708
